comp_cd,agm_dt,fyear,cfyear,div_type,rate,ratio1,ratio2,premium,payment_dt,bok_cl_fdt,bok_cl_tdt,op_name,discount,remarks,bs_comp_cd
125,8/26/2008,"2008-09","2007-08","F",7,,,,10/25/2008,6/17/2008,6/17/2008,"SHARE13",,".",
210,12/28/2008,"2008-09","2007-08","B",,100,25,,2/26/2009,12/3/2008,12/3/2008,"SHARE01",,,
210,12/28/2008,"2008-09","2007-08","C",357,100,25,,2/26/2009,12/3/2008,12/3/2008,"SHARE01",,".",
560,12/15/2008,"2008-09","2007-08","B",,100,15,,2/13/2009,11/16/2008,11/16/2008,"SHARE01",,,
560,12/15/2008,"2008-09","2007-08","C",45,100,15,,2/13/2009,11/16/2008,11/16/2008,"SHARE01",,".",
649,6/3/2008,"2007-08","2006-07","B",,100,15,,8/2/2008,5/8/2008,5/8/2008,"MERCHAN1",,,
649,6/3/2008,"2007-08","2006-07","C",30,100,15,,8/2/2008,5/8/2008,5/8/2008,"MERCHAN1",,".",
719,5/6/2009,"2008-09","2007-08","F",30,,,,7/5/2009,4/15/2009,4/15/2009,"SHARE26",,".",
114,4/26/2009,"2008-09","2007-08","F",15,,,,6/25/2009,3/30/2009,3/30/2009,"SHARE26",,".",
550,4/27/2009,"2008-09","2007-08","F",10,,,,6/26/2009,4/5/2009,4/5/2009,"SHARE26",,".",
209,4/29/2009,"2008-09","2007-08","F",30,,,,6/28/2009,3/25/2009,3/25/2009,"SHARE26",,".",
308,4/25/2009,"2008-09","2007-08","F",40,,,,6/24/2009,4/6/2009,4/6/2009,"SHARE26",,".",
220,5/29/2009,"2008-09","2007-08","B",,100,20,,7/28/2009,5/14/2009,5/14/2009,"SHARE01",,,
220,5/29/2009,"2008-09","2007-08","C",768.2,100,20,,7/28/2009,5/14/2009,5/14/2009,"INVEST",,".",
624,6/21/2009,"2008-09","2007-08","B",,100,10,,8/20/2009,5/28/2009,5/28/2009,"SHARE01",,,
624,6/21/2009,"2008-09","2007-08","C",621.5,100,10,,8/20/2009,5/28/2009,5/28/2009,"INVEST",,".",
742,6/16/2009,"2008-09","2007-08","B",,100,10,,8/15/2009,5/18/2009,5/18/2009,"SHARE01",,,
742,6/16/2009,"2008-09","2007-08","C",395,100,10,,8/15/2009,5/18/2009,5/18/2009,"SHARE01",,".",
139,6/10/2009,"2008-09","2007-08","B",,100,22,,8/9/2009,5/21/2009,5/21/2009,"SHARE01",,,
139,6/10/2009,"2008-09","2007-08","C",610.5,100,22,,8/9/2009,5/21/2009,5/21/2009,"INVEST",,".",
718,6/21/2009,"2008-09","2007-08","B",,100,15,,8/20/2009,5/31/2009,5/31/2009,"MERCHAN1",,,
718,6/21/2009,"2008-09","2007-08","C",1400,100,15,,8/20/2009,5/31/2009,5/31/2009,"SHARE01",,".",
146,6/15/2009,"2008-09","2007-08","B",,100,30,,8/14/2009,5/28/2009,5/28/2009,"SHARE01",,,
146,6/15/2009,"2008-09","2007-08","C",1051,100,30,,8/14/2009,5/28/2009,5/28/2009,"INVEST",,".",
459,6/4/2009,"2008-09","2007-08","F",230,,,,8/3/2009,4/20/2009,4/20/2009,"SHARE13",,".",
134,6/29/2009,"2008-09","2007-08","B",,3,1,,8/28/2009,6/3/2009,6/3/2009,"SHARE01",,,
134,6/29/2009,"2008-09","2007-08","C",995.79,3,1,,8/28/2009,6/3/2009,6/3/2009,"INVEST",,".",
729,6/22/2009,"2008-09","2007-08","B",,100,20,,8/21/2009,5/25/2009,5/25/2009,"SHARE01",,,
729,6/22/2009,"2008-09","2007-08","C",362.5,100,20,,8/21/2009,5/25/2009,5/25/2009,"INVEST",,".",
555,8/18/2009,"2009-10","2008-09","B",,2.82,1,,10/17/2009,8/18/2009,8/18/2009,"MERCHAN1",,,
555,8/18/2009,"2009-10","2008-09","C",107.66,2.82,1,,10/17/2009,8/18/2009,8/18/2009,"MERCHAN1",,".",
602,6/28/2009,"2008-09","2007-08","F",50,,,,8/27/2009,6/4/2009,6/4/2009,"SHARE01",,".",
410,10/8/2009,"2009-10","2008-09","F",17.5,,,,12/7/2009,9/29/2009,10/8/2009,"SHARE01",,".",
103,10/28/2009,"2009-10","2008-09","B",,100,30,,12/27/2009,5/28/2009,5/28/2009,"SHARE01",,,
103,10/28/2009,"2009-10","2008-09","C",321,100,30,,12/27/2009,5/28/2009,5/28/2009,"SHARE01",,".",
625,8/30/2009,"2009-10","2008-09","F",15,,,,10/29/2009,8/16/2009,8/16/2009,"SHARE01",,".",
254,9/27/2009,"2009-10","2008-09","F",12,,,,11/26/2009,8/30/2009,9/27/2009,"SHARE01",,".",
213,12/24/2009,"2009-10","2008-09","F",75,,,,2/22/2010,11/23/2009,11/23/2009,"SHARE14",,".",
217,12/26/2009,"2009-10","2008-09","F",30,,,,2/24/2010,11/22/2009,11/22/2009,"SHARE24",,".",
214,12/29/2009,"2009-10","2008-09","F",15,,,,2/27/2010,11/26/2009,11/26/2009,"SHARE24",,".",
142,7/16/2009,"2009-10","2008-09","R",,1,1,100,9/14/2009,1/20/2010,1/20/2010,"INVEST",,"test",
114,4/28/2008,"2007-08","2006-07","B",,100,25,,6/27/2008,4/3/2008,4/3/2008,"SHARE13",,,
114,4/28/2008,"2007-08","2006-07","C",123,100,25,,6/27/2008,4/3/2008,4/3/2008,"SHARE13",,".",
355,12/28/2008,"2008-09","2007-08","F",20,,,,2/26/2009,12/14/2008,12/28/2008,"SHARE01",,".",
416,12/27/2008,"2008-09","2007-08","F",5,,,,2/25/2009,12/7/2008,12/27/2008,"SHARE01",,".",
634,12/29/2008,"2008-09","2007-08","F",5,,,,2/27/2009,12/15/2008,12/29/2008,"SHARE01",,".",
605,5/30/2009,"2008-09","2007-08","F",10,,,,7/29/2009,5/24/2009,5/30/2009,"SHARE01",,".",
259,6/10/2009,"2008-09","2007-08","F",240,,,,8/9/2009,5/4/2009,5/4/2009,"SHARE01",,".",
725,7/6/2009,"2009-10","2008-09","B",,100,10,,9/4/2009,6/16/2009,6/16/2009,"SHARE13",,,
725,7/6/2009,"2009-10","2008-09","C",147,100,10,,9/4/2009,6/16/2009,6/16/2009,"SHARE13",,".",
141,8/9/2009,"2009-10","2008-09","B",,100,10,,10/8/2009,5/4/2009,5/4/2009,"SHARE13",,,
141,8/9/2009,"2009-10","2008-09","C",123,100,10,,10/8/2009,5/4/2009,5/4/2009,"SHARE13",,".",
309,6/27/2009,"2008-09","2007-08","B",,100,10,,8/26/2009,6/7/2009,6/7/2009,"SHARE13",,,
309,6/27/2009,"2008-09","2007-08","C",258,100,10,,8/26/2009,6/7/2009,6/7/2009,"SHARE13",,".",
720,7/20/2009,"2009-10","2008-09","B",,100,10,,9/18/2009,6/2/2009,6/2/2009,"SHARE13",,,
720,7/20/2009,"2009-10","2008-09","C",109,100,10,,9/18/2009,6/2/2009,6/2/2009,"SHARE13",,".",
211,6/24/2009,"2008-09","2007-08","F",10,,,,8/23/2009,5/21/2009,5/21/2009,"SHARE13",,".",
728,8/12/2009,"2009-10","2008-09","F",5,,,,10/11/2009,7/9/2009,7/9/2009,"SHARE13",,".",
556,10/1/2009,"2009-10","2008-09","F",10,,,,11/30/2009,8/31/2009,8/31/2009,"SHARE01",,".",
742,5/22/2008,"2007-08","2006-07","F",5,,,,7/21/2008,4/24/2008,4/24/2008,"SHARE01",,".",
224,6/21/2008,"2007-08","2006-07","B",,100,10,,8/20/2008,6/1/2008,6/21/2008,"SHARE01",,,
224,6/21/2008,"2007-08","2006-07","C",321,100,10,,8/20/2008,6/1/2008,6/21/2008,"SHARE01",,".",
717,8/10/2008,"2008-09","2007-08","B",,100,25,,10/9/2008,7/21/2008,7/21/2008,"SHARE01",,,
717,8/10/2008,"2008-09","2007-08","C",1625,100,25,,10/9/2008,7/21/2008,7/21/2008,"SHARE01",,".",
117,3/23/2009,"2008-09","2007-08","B",,100,10,,5/22/2009,2/19/2009,2/19/2009,"SHARE01",,,
117,3/23/2009,"2008-09","2007-08","C",225.55,100,10,,5/22/2009,2/19/2009,2/19/2009,"INVEST",,".",
129,4/20/2009,"2008-09","2007-08","B",,100,7,,6/19/2009,6/5/2008,6/5/2008,"SHARE01",,,
129,4/20/2009,"2008-09","2007-08","C",253.11,100,7,,6/19/2009,6/5/2008,6/5/2008,"INVEST",,".",
749,5/21/2009,"2008-09","2007-08","B",,100,10,,7/20/2009,3/11/2009,3/11/2009,"SHARE01",,,
749,5/21/2009,"2008-09","2007-08","C",321,100,10,,7/20/2009,3/11/2009,3/11/2009,"SHARE01",,".",
220,10/23/2008,"2008-09","2007-08","F",5,,,,12/22/2008,6/20/2008,7/3/2008,"SHARE02",,".",
457,6/13/2009,"2008-09","2007-08","F",50,,,,8/12/2009,5/26/2009,5/26/2009,"SHARE14",,".",
721,5/12/2009,"2008-09","2007-08","F",20,,,,7/11/2009,4/21/2009,4/21/2009,"SHARE14",,".",
746,5/20/2009,"2008-09","2007-08","F",15,,,,7/19/2009,4/22/2009,4/22/2009,"SHARE14",,".",
621,5/14/2009,"2008-09","2007-08","F",30,,,,7/13/2009,4/16/2009,4/16/2009,"SHARE14",,".",
740,5/5/2009,"2008-09","2007-08","F",15,,,,7/4/2009,4/6/2009,4/6/2009,"SHARE14",,".",
301,5/12/2009,"2008-09","2007-08","F",77,,,,7/11/2009,4/7/2009,4/7/2009,"SHARE14",,".",
756,6/15/2009,"2008-09","2007-08","F",12.5,,,,8/14/2009,5/14/2009,5/14/2009,"SHARE01",,".",
737,9/1/2009,"2009-10","2008-09","B",,100,10,,10/31/2009,8/3/2009,8/3/2009,"SHARE01",,,
737,9/1/2009,"2009-10","2008-09","C",123,100,10,,10/31/2009,8/3/2009,8/3/2009,"SHARE01",,".",
477,9/7/2009,"2009-10","2008-09","B",,100,25,,11/6/2009,8/10/2009,8/10/2009,"SHARE01",,,
477,9/7/2009,"2009-10","2008-09","C",3650,100,25,,11/6/2009,8/10/2009,8/10/2009,"SHARE01",,".",
224,7/30/2009,"2009-10","2008-09","B",,100,5,,9/28/2009,7/2/2009,7/2/2009,"SHARE01",,,
224,7/30/2009,"2009-10","2008-09","C",123,100,5,,9/28/2009,7/2/2009,7/2/2009,"SHARE01",,".",
727,8/31/2009,"2009-10","2008-09","B",,100,26,,10/30/2009,8/3/2009,8/3/2009,"SHARE01",,,
727,8/31/2009,"2009-10","2008-09","C",147,100,26,,10/30/2009,8/3/2009,8/3/2009,"SHARE01",,".",
601,9/30/2009,"2009-10","2008-09","F",21,,,,11/29/2009,8/24/2009,8/24/2009,"SHARE01",,".",
262,6/24/2009,"2008-09","2007-08","F",20,,,,8/23/2009,6/5/2009,6/24/2009,"SHARE14",,".",
102,9/27/2009,"2009-10","2008-09","B",,100,15,,11/26/2009,8/23/2009,8/23/2009,"SHARE14",,,
102,9/27/2009,"2009-10","2008-09","C",123,100,15,,11/26/2009,8/23/2009,8/23/2009,"SHARE14",,".",
151,11/21/2009,"2009-10","2008-09","B",,100,100,,1/20/2010,11/4/2009,11/4/2009,"SHARE01",,,
151,11/21/2009,"2009-10","2008-09","C",123,100,100,,1/20/2010,11/4/2009,11/4/2009,"SHARE01",,".",
649,6/2/2008,"2007-08","2006-07","B",,100,15,,8/1/2008,5/8/2008,5/8/2008,"SHARE01",,,
649,6/2/2008,"2007-08","2006-07","C",30,100,15,,8/1/2008,5/8/2008,5/8/2008,"SHARE01",,".",
139,6/11/2008,"2007-08","2006-07","B",,100,20,,8/10/2008,5/19/2008,5/19/2008,"SHARE01",,,
139,6/11/2008,"2007-08","2006-07","C",500,100,20,,8/10/2008,5/19/2008,5/19/2008,"SHARE01",,".",
130,6/25/2008,"2007-08","2006-07","B",,100,30,,8/24/2008,6/1/2008,6/1/2008,"SHARE01",,,
130,6/25/2008,"2007-08","2006-07","C",112,100,30,,8/24/2008,6/1/2008,6/1/2008,"SHARE01",,".",
747,6/3/2008,"2007-08","2007-08","R",,100,20,100,10/12/2008,8/13/2008,8/13/2008,"INVEST",,"test",
477,9/16/2008,"2008-09","2007-08","F",40,,,,11/15/2008,8/14/2008,8/14/2008,"SHARE17",,".",
744,6/1/2009,"2008-09","2007-08","B",,100,10,,7/31/2009,4/26/2009,4/26/2009,"SHARE02",,,
744,6/1/2009,"2008-09","2007-08","C",536.8,100,10,,7/31/2009,4/26/2009,4/26/2009,"INVEST",,".",
122,6/15/2009,"2008-09","2007-08","B",,100,23,,8/14/2009,5/7/2009,5/7/2009,"SHARE01",,,
122,6/15/2009,"2008-09","2007-08","C",287.35,100,23,,8/14/2009,5/7/2009,5/7/2009,"INVEST",,".",
733,5/18/2009,"2008-09","2007-08","B",,100,10,,7/17/2009,4/28/2009,4/28/2009,"SHARE01",,,
733,5/18/2009,"2008-09","2007-08","C",348.14,100,10,,7/17/2009,4/28/2009,4/28/2009,"INVEST",,".",
109,6/4/2009,"2008-09","2007-08","B",,100,100,,8/3/2009,5/6/2009,5/6/2009,"SHARE01",,,
109,6/4/2009,"2008-09","2007-08","C",123,100,100,,8/3/2009,5/6/2009,5/6/2009,"SHARE01",,".",
296,6/18/2009,"2008-09","2007-08","B",,100,20,,8/17/2009,5/18/2009,5/18/2009,"SHARE01",,,
296,6/18/2009,"2008-09","2007-08","C",123,100,20,,8/17/2009,5/18/2009,5/18/2009,"SHARE01",,".",
452,6/16/2009,"2008-09","2007-08","F",10,,,,8/15/2009,5/25/2009,5/25/2009,"SHARE01",,".",
101,6/29/2009,"2008-09","2007-08","F",15,,,,8/28/2009,5/28/2009,5/28/2009,"SHARE01",,".",
618,6/18/2009,"2008-09","2007-08","F",10,,,,8/17/2009,5/25/2009,5/25/2009,"SHARE01",,".",
229,3/30/2009,"2008-09","2007-08","R",,2,1,,5/29/2009,1/7/2010,1/7/2010,"INVEST",,"aa",
448,1/7/2010,"2009-10","2008-09","B",,100,25,,3/8/2010,12/15/2009,12/15/2009,"SHARE14",,,
448,1/7/2010,"2009-10","2008-09","C",123,100,25,,3/8/2010,12/15/2009,12/15/2009,"SHARE14",,".",
215,12/5/2009,"2009-10","2008-09","F",10,,,,2/3/2010,11/26/2009,12/5/2009,"SHARE01",,".",
202,12/17/2009,"2009-10","2008-09","B",,100,20,,2/15/2010,11/19/2009,11/19/2009,"SHARE01",,,
202,12/17/2009,"2009-10","2008-09","C",1788,100,20,,2/15/2010,11/19/2009,11/19/2009,"MERCHAN1",,".",
214,12/30/2007,"2007-08","2006-07","F",10,,,,2/28/2008,11/28/2007,11/28/2007,"SHARE01",,".",
745,5/14/2008,"2007-08","2006-07","F",22,,,,7/13/2008,4/21/2008,4/21/2008,"SHARE01",,".",
359,10/30/2008,"2008-09","2007-08","B",,2,1,,12/29/2008,10/30/2008,10/30/2008,"MERCHAN1",,,
621,5/26/2008,"2007-08","2006-07","B",,100,50,,7/25/2008,4/30/2008,4/30/2008,"SHARE01",,,
621,5/26/2008,"2007-08","2006-07","C",987,100,50,,7/25/2008,4/30/2008,4/30/2008,"SHARE01",,".",
742,5/22/2008,"2007-08","2006-07","B",,100,10,,7/21/2008,4/24/2008,4/24/2008,"SHARE01",,,
742,5/22/2008,"2007-08","2006-07","C",445,100,10,,7/21/2008,4/24/2008,4/24/2008,"SHARE01",,".",
271,10/30/2008,"2008-09","2007-08","B",,2,1,,12/29/2008,10/30/2008,10/30/2008,"MERCHAN1",,,
359,10/30/2008,"2008-09","2007-08","C",100,2,1,,12/29/2008,10/30/2008,10/30/2008,"MERCHAN1",,".",
271,10/30/2008,"2008-09","2007-08","C",100,2,1,,12/29/2008,10/30/2008,10/30/2008,"MERCHAN1",,".",
217,12/24/2008,"2008-09","2007-08","F",25,,,,2/22/2009,11/20/2008,11/20/2008,"SHARE12",,".",
119,5/28/2009,"2008-09","2007-08","B",,100,18,,7/27/2009,4/20/2009,4/20/2009,"SHARE01",,,
140,5/25/2009,"2008-09","2007-08","B",,100,30,,7/24/2009,5/4/2009,5/4/2009,"SHARE01",,,
140,5/25/2009,"2008-09","2007-08","C",705,100,30,,7/24/2009,5/4/2009,5/4/2009,"SHARE01",,".",
119,5/28/2009,"2008-09","2007-08","C",260,100,18,,7/27/2009,4/20/2009,4/20/2009,"SHARE01",,".",
101,6/29/2009,"2008-09","2007-08","B",,100,15,,8/28/2009,5/28/2009,5/28/2009,"SHARE13",,,
101,6/29/2009,"2008-09","2007-08","C",910.65,100,15,,8/28/2009,5/28/2009,5/28/2009,"INVEST",,".",
132,7/5/2009,"2009-10","2008-09","B",,100,100,,9/3/2009,5/28/2009,5/28/2009,"SHARE13",,,
132,7/5/2009,"2009-10","2008-09","C",963,100,100,,9/3/2009,5/28/2009,5/28/2009,"SHARE13",,".",
126,7/5/2009,"2009-10","2008-09","B",,100,23.5,,9/3/2009,5/14/2009,5/14/2009,"SHARE13",,,
126,7/5/2009,"2009-10","2008-09","C",147,100,23.5,,9/3/2009,5/14/2009,5/14/2009,"SHARE13",,".",
557,6/25/2009,"2008-09","2007-08","B",,100,10,,8/24/2009,6/4/2009,6/4/2009,"SHARE01",,,
557,6/25/2009,"2008-09","2007-08","C",31.25,100,10,,8/24/2009,6/4/2009,6/4/2009,"INVEST",,".",
125,8/20/2009,"2009-10","2008-09","B",,100,26,,10/19/2009,7/9/2009,7/9/2009,"SHARE13",,,
125,8/20/2009,"2009-10","2008-09","C",123,100,26,,10/19/2009,7/9/2009,7/9/2009,"SHARE13",,".",
728,8/12/2009,"2009-10","2008-09","B",,100,40,,10/11/2009,7/9/2009,7/9/2009,"SHARE13",,,
728,8/12/2009,"2009-10","2008-09","C",147,100,40,,10/11/2009,7/9/2009,7/9/2009,"SHARE13",,".",
145,8/11/2009,"2009-10","2008-09","B",,100,10,,10/10/2009,7/23/2009,7/23/2009,"SHARE13",,,
145,8/11/2009,"2009-10","2008-09","C",258,100,10,,10/10/2009,7/23/2009,7/23/2009,"SHARE13",,".",
726,7/11/2009,"2009-10","2008-09","B",,100,10,,9/9/2009,6/18/2009,6/18/2009,"SHARE13",,,
726,7/11/2009,"2009-10","2008-09","C",456,100,10,,9/9/2009,6/18/2009,6/18/2009,"SHARE13",,".",
730,8/12/2009,"2009-10","2008-09","B",,100,30,,10/11/2009,7/9/2009,7/9/2009,"SHARE13",,,
730,8/12/2009,"2009-10","2008-09","C",369,100,30,,10/11/2009,7/9/2009,7/9/2009,"SHARE13",,".",
484,6/21/2009,"2008-09","2007-08","F",70,,,,8/20/2009,5/6/2009,5/6/2009,"SHARE01",,".",
131,6/25/2009,"2009-10","2008-09","R",,1,1,100,12/13/2009,10/14/2009,10/14/2009,"INVEST",,,
226,9/29/2009,"2009-10","2008-09","F",5,,,,11/28/2009,9/9/2009,9/29/2009,"SHARE01",,".",
474,11/5/2009,"2009-10","2008-09","F",18,,,,1/4/2010,10/5/2009,10/5/2009,"SHARE01",,".",
442,12/23/2009,"2009-10","2008-09","F",5,,,,2/21/2010,11/2/2009,11/30/2009,"SHARE02",,".",
438,12/23/1999,"1999-00","1998-99","F",5,,,,2/21/2000,12/4/1999,12/23/1999,"SHARE26",,,
717,12/18/2000,"2000-01","1999-00","F",12,,,,2/16/2001,12/4/2000,12/18/2000,"SHARE26",,,
640,12/10/2000,"2000-01","1999-00","F",5,,,,2/8/2001,11/17/2000,12/10/2000,"SHARE26",,,
430,9/27/2000,"2000-01","1999-00","F",5,,,,11/26/2000,9/14/2000,9/27/2000,"SHARE26",,,
259,12/28/2000,"2000-01","2000","I",30,,,,2/26/2001,12/22/2000,12/28/2000,"SHARE26",,"2nd Interim",
601,11/26/2000,"2000-01","1999-00","F",12,,,,1/25/2001,11/1/2000,11/26/2000,"SHARE26",,,
474,12/17/2000,"2000-01","1999-00","F",10,,,,2/15/2001,11/30/2000,12/17/2000,"SHARE26",,,
420,12/9/2000,"2000-01","1999-00","F",12,,,,2/7/2001,11/19/2000,12/9/2000,"SHARE27",,,
254,12/9/2000,"2000-01","1999-00","F",10,,,,2/7/2001,11/19/2000,12/9/2000,"SHARE26",,,
423,11/21/2000,"2000-01","1999-00","F",12,,,,1/20/2001,10/24/2000,11/21/2000,"SHARE26",,,
413,12/21/2000,"2000-01","1999-00","F",7.5,,,,2/19/2001,12/4/2000,12/21/2000,"SHARE26",,,
213,12/14/2000,"2000-01","1999-00","F",100,,,,2/12/2001,12/4/2000,12/14/2000,"SHARE26",,,
408,11/9/2000,"2000-01","1999-00","F",25,,,,1/8/2001,10/26/2000,11/9/2000,"SHARE27",,,
624,12/14/2000,"2000-01","1999-00","F",30,,,,2/12/2001,12/1/2000,12/14/2000,"SHARE26",,,
643,12/14/2000,"2000-01","1999-00","F",8,,,,2/12/2001,11/21/2000,12/14/2000,"SHARE26",,,
638,12/17/2000,"2000-01","1999-00","F",15,,,,2/15/2001,12/1/2000,12/17/2000,"SHARE26",,,
278,12/14/2000,"2000-01","1999-00","F",20,,,,2/12/2001,11/17/2000,12/14/2000,"SHARE26",,,
610,12/15/2000,"2000-01","1999-00","F",10,,,,2/13/2001,12/5/2000,12/15/2000,"SHARE27",,,
415,12/2/2000,"2000-01","1999-00","F",5,,,,1/31/2001,11/16/2000,12/2/2000,"SHARE26",,,
257,11/21/2000,"2000-01","1999-00","F",15,,,,1/20/2001,10/24/2000,11/21/2000,"SHARE27",,,
647,12/31/2000,"2000-01","1999-00","F",10,,,,3/1/2001,12/10/2000,12/31/2000,"SHARE26",,,
261,12/30/2000,"2000-01","1999-00","F",20,,,,2/28/2001,12/24/2000,12/30/2000,"SHARE26",,,
402,12/14/2000,"2000-01","1999-00","F",2.5,,,,2/12/2001,12/2/2000,12/14/2000,"SHARE26",,,
210,12/14/2000,"2000-01","1999-00","F",16,,,,2/12/2001,11/15/2000,12/14/2000,"SHARE26",,,
436,1/6/2001,"2000-01","1999-00","F",10,,,,3/7/2001,12/15/2000,1/6/2001,"SHARE26",,,
417,11/21/2000,"2000-01","1999-00","F",5,,,,1/20/2001,10/24/2000,11/21/2000,"SHARE26",,,
629,12/21/2000,"2000-01","1999-00","F",11,,,,2/19/2001,12/6/2000,12/21/2000,"SHARE26",,,
112,11/21/2000,"2000-01","1999-00","F",12,,,,1/20/2001,11/3/2000,11/21/2000,"SHARE26",,,
475,12/31/2000,"2000-01","1999-00","F",10,,,,3/1/2001,12/26/2000,12/31/2000,"SHARE26",,,
474,4/26/2000,"1999-00","1998-99","F",10,,,,6/19/2000,3/30/2000,4/20/2000,"SHARE26",,,
215,12/17/2003,"2003-04","2002-03","F",0,,,,2/15/2004,12/10/2003,12/17/2003,"SHARE26",,,
472,6/16/2009,"2008-09","2007-08","B",,100,15,,8/15/2009,5/25/2009,5/25/2009,"SHARE01",,,
472,6/16/2009,"2008-09","2007-08","C",123,100,15,,8/15/2009,5/25/2009,5/25/2009,"SHARE01",,".",
419,6/18/2009,"2008-09","2007-08","B",,100,10,,8/17/2009,5/25/2009,5/25/2009,"SHARE01",,,
419,6/18/2009,"2008-09","2007-08","C",19,100,10,,8/17/2009,5/25/2009,5/25/2009,"SHARE01",,".",
455,6/18/2009,"2008-09","2007-08","B",,100,20,,8/17/2009,5/14/2009,5/14/2009,"SHARE14",,,
455,6/18/2009,"2008-09","2007-08","C",123,100,20,,8/17/2009,5/14/2009,5/14/2009,"SHARE14",,".",
207,6/25/2009,"2008-09","2007-08","F",10,,,,8/24/2009,6/4/2009,6/25/2009,"SHARE01",,".",
309,6/27/2009,"2008-09","2007-08","F",25,,,,8/26/2009,6/7/2009,6/7/2009,"SHARE01",,".",
718,6/21/2009,"2008-09","2007-08","F",20,,,,8/20/2009,5/31/2009,5/31/2009,"SHARE01",,".",
136,6/29/2009,"2008-09","2007-08","B",,100,20,,8/28/2009,6/1/2009,6/1/2009,"SHARE01",,,
136,6/29/2009,"2008-09","2007-08","C",1030,100,20,,8/28/2009,6/1/2009,6/1/2009,"SHARE14",,".",
225,6/28/2009,"2008-09","2007-08","F",18,,,,8/27/2009,5/31/2009,5/31/2009,"SHARE13",,".",
448,9/24/2009,"2009-10","2008-09","R",,1,3,5,11/23/2009,9/14/2009,9/14/2009,"SHARE01",,,
430,6/25/2009,"2008-09","2007-08","F",5,,,,8/24/2009,6/2/2009,6/2/2009,"SHARE01",,".",
731,6/24/2009,"2008-09","2007-08","F",11,,,,8/23/2009,5/25/2009,5/25/2009,"SHARE01",,".",
301,9/12/2009,"2009-10","2008-09","I",100,,,,11/11/2009,8/12/2009,8/12/2009,"SHARE01",,".",
730,8/12/2009,"2009-10","2008-09","F",5,,,,10/11/2009,7/9/2009,7/9/2009,"SHARE01",,".",
459,9/23/2009,"2009-10","2008-09","I",500,,,,11/22/2009,8/23/2009,8/23/2009,"SHARE01",,".",
408,9/16/2009,"2009-10","2008-09","F",30,,,,11/15/2009,8/25/2009,9/16/2009,"SHARE01",,".",
734,8/12/2009,"2009-10","2008-09","B",,100,10,,10/11/2009,7/14/2009,7/14/2009,"SHARE01",,,
734,8/12/2009,"2009-10","2008-09","C",123,100,10,,10/11/2009,7/14/2009,7/14/2009,"SHARE01",,".",
739,9/2/2009,"2009-10","2008-09","B",,100,15,,11/1/2009,7/30/2009,7/30/2009,"SHARE01",,,
739,9/2/2009,"2009-10","2008-09","C",147,100,15,,11/1/2009,7/30/2009,7/30/2009,"SHARE01",,".",
477,9/7/2009,"2009-10","2008-09","F",40,,,,11/6/2009,8/10/2009,8/10/2009,"SHARE01",,".",
131,11/1/2009,"2009-10","2008-09","R",,1,1,100,12/31/2009,10/14/2009,10/14/2009,"SHARE01",,,
138,10/20/2009,"2009-10","2008-09","B",,100,10,,12/19/2009,8/31/2009,8/31/2009,"SHARE01",,,
138,10/20/2009,"2009-10","2008-09","C",123,100,10,,12/19/2009,8/31/2009,8/31/2009,"SHARE01",,".",
210,12/6/2009,"2009-10","2008-09","B",,100,40,,2/4/2010,11/2/2009,11/2/2009,"SHARE01",,,
210,12/6/2009,"2009-10","2008-09","C",123,100,40,,2/4/2010,11/2/2009,11/2/2009,"SHARE01",,".",
560,12/10/2009,"2009-10","2008-09","B",,100,12.5,,2/8/2010,11/11/2009,11/11/2009,"SHARE01",,,
560,12/10/2009,"2009-10","2008-09","C",123,100,12.5,,2/8/2010,11/11/2009,11/11/2009,"SHARE01",,".",
149,12/29/2009,"2009-10","2008-09","B",,100,15,,2/27/2010,11/12/2009,11/12/2009,"SHARE01",,,
149,12/29/2009,"2009-10","2008-09","C",159,100,15,,2/27/2010,11/12/2009,11/12/2009,"SHARE01",,".",
302,2/6/2010,"2009-10","2008-09","C",123,100,200,,4/7/2010,12/7/2009,12/7/2009,"SHARE14",,".",
508,12/26/2009,"2009-10","2008-09","F",15,,,,2/24/2010,12/3/2009,12/26/2009,"SHARE14",,".",
302,2/6/2010,"2009-10","2008-09","B",,100,200,,4/7/2010,12/7/2009,12/7/2009,"SHARE14",,,
450,2/20/2010,"2009-10","2008-09","B",,100,20,,4/21/2010,2/7/2010,2/7/2010,"SHARE14",,,
450,2/20/2010,"2009-10","2008-09","C",123,100,20,,4/21/2010,2/7/2010,2/7/2010,"SHARE14",,".",
134,3/8/2010,"2009-10","2008-09","R",,1,1,100,5/7/2010,2/8/2010,2/8/2010,"SHARE01",,,
553,1/7/2010,"2009-10","2008-09","B",,100,15,,3/8/2010,12/1/2009,12/1/2009,"SHARE01",,,
553,1/7/2010,"2009-10","2008-09","C",123,100,15,,3/8/2010,12/1/2009,12/1/2009,"SHARE01",,".",
718,6/12/2008,"2007-08","2006-07","B",,100,35,,8/11/2008,5/21/2008,5/21/2008,"SHARE01",,,
718,6/12/2008,"2007-08","2006-07","C",147,100,35,,8/11/2008,5/21/2008,5/21/2008,"SHARE01",,".",
129,4/22/2009,"2008-09","2007-08","B",,100,25,,6/21/2009,3/25/2009,3/25/2009,"MERCHAN1",,,
129,4/22/2009,"2008-09","2007-08","C",123,100,24,,6/21/2009,3/25/2009,3/25/2009,"MERCHAN1",,".",
163,7/29/2009,"2009-10","2008-09","F",25,,,,9/27/2009,6/30/2009,6/30/2009,"MERCHAN1",,".",
717,7/30/2009,"2009-10","2008-09","B",,100,35,,9/28/2009,7/16/2009,7/16/2009,"SHARE01",,,
717,7/30/2009,"2009-10","2008-09","C",369,100,35,,9/28/2009,7/16/2009,7/16/2009,"SHARE01",,".",
143,7/16/2009,"2009-10","2008-09","B",,100,20,,9/14/2009,6/22/2009,7/16/2009,"SHARE14",,,
143,7/16/2009,"2009-10","2008-09","C",369,100,20,,9/14/2009,6/22/2009,7/16/2009,"SHARE14",,".",
451,6/30/2009,"2008-09","2007-08","F",30,,,,8/29/2009,6/10/2009,6/10/2009,"SHARE14",,".",
752,11/23/2009,"2009-10","2008-09","B",,100,15,,1/22/2010,10/8/2009,10/8/2009,"SHARE14",,,
752,11/23/2009,"2009-10","2008-09","C",123,100,15,,1/22/2010,10/8/2009,10/8/2009,"SHARE14",,".",
281,11/19/2009,"2009-10","2008-09","F",5,,,,1/18/2010,11/8/2009,11/8/2009,"SHARE01",,".",
640,12/27/2009,"2009-10","2008-09","B",,100,10,,2/25/2010,11/10/2009,11/10/2009,"SHARE01",,,
640,12/27/2009,"2009-10","2008-09","C",12,100,10,,2/25/2010,11/10/2009,11/10/2009,"SHARE01",,".",
561,12/24/2009,"2009-10","2008-09","B",,100,12,,2/22/2010,11/1/2009,11/1/2009,"SHARE01",,,
561,12/24/2009,"2009-10","2008-09","C",21,100,12,,2/22/2010,11/1/2009,11/1/2009,"SHARE01",,".",
146,6/7/2008,"2007-08","2006-07","B",,100,20,,8/6/2008,5/22/2008,5/22/2008,"MERCHAN1",,,
146,6/7/2008,"2007-08","2006-07","C",750,100,20,,8/6/2008,5/22/2008,5/22/2008,"MERCHAN1",,,
731,6/24/2008,"2007-08","2006-07","F",10,,,,8/23/2008,6/1/2008,6/1/2008,"SHARE01",,,
118,3/23/2009,"2008-09","2007-08","B",,100,50,,5/22/2009,3/1/2009,3/1/2009,"SHARE13",,,
118,3/23/2009,"2008-09","2007-08","C",1107.7,100,50,,5/22/2009,3/1/2009,3/1/2009,"INVEST",,".",
113,3/30/2009,"2008-09","2007-08","B",,100,25,,5/29/2009,3/12/2009,3/12/2009,"SHARE13",,,
113,3/30/2009,"2008-09","2007-08","C",441.45,100,25,,5/29/2009,3/12/2009,3/12/2009,"INVEST",,".",
203,5/19/2009,"2008-09","2007-08","F",35,,,,7/18/2009,5/4/2009,5/4/2009,"SHARE01",,".",
127,5/17/2009,"2008-09","2007-08","B",,100,30,,7/16/2009,4/5/2009,4/5/2009,"SHARE13",,,
127,5/17/2009,"2008-09","2007-08","C",567,100,30,,7/16/2009,4/5/2009,4/5/2009,"INVEST",,".",
124,5/26/2009,"2008-09","2007-08","B",,100,10,,7/25/2009,5/11/2009,5/11/2009,"SHARE13",,,
124,5/26/2009,"2008-09","2007-08","C",572.75,100,10,,7/25/2009,5/11/2009,5/11/2009,"MERCHAN1",,".",
230,6/18/2009,"2008-09","2007-08","B",,100,10,,8/17/2009,6/1/2009,6/1/2009,"SHARE13",,,
230,6/18/2009,"2008-09","2007-08","C",321,100,10,,8/17/2009,6/1/2009,6/1/2009,"SHARE13",,".",
736,5/28/2009,"2008-09","2007-08","B",,100,16,,7/27/2009,5/3/2009,5/3/2009,"SHARE13",,,
736,5/28/2009,"2008-09","2007-08","C",470.6,100,16,,7/27/2009,5/3/2009,5/3/2009,"INVEST",,".",
751,8/16/2009,"2009-10","2008-09","B",,100,10,,10/15/2009,7/16/2009,7/16/2009,"SHARE01",,,
751,8/16/2009,"2009-10","2008-09","C",123,100,10,,10/15/2009,7/16/2009,7/16/2009,"SHARE01",,".",
743,8/31/2009,"2009-10","2008-09","B",,100,30,,10/30/2009,7/23/2009,7/23/2009,"SHARE01",,,
743,8/31/2009,"2009-10","2008-09","C",321,100,30,,10/30/2009,7/23/2009,7/23/2009,"SHARE01",,,
104,8/14/2009,"2009-10","2008-09","B",,100,30,,10/13/2009,7/14/2009,7/14/2009,"SHARE01",,,
104,8/14/2009,"2009-10","2008-09","C",369,100,30,,10/13/2009,7/14/2009,7/14/2009,"SHARE01",,".",
213,12/24/2009,"2009-10","2008-09","B",,3,1,,2/22/2010,11/23/2009,11/23/2009,"SHARE01",,,
213,12/24/2009,"2009-10","2008-09","C",321,3,1,,2/22/2010,11/23/2009,11/23/2009,"SHARE01",,".",
634,12/29/2009,"2009-10","2008-09","B",,100,5,,2/27/2010,11/12/2009,11/26/2009,"SHARE24",,,
634,12/29/2009,"2009-10","2008-09","C",123,100,5,,2/27/2010,11/12/2009,11/26/2009,"SHARE24",,".",
202,12/27/2007,"2007-08","2006-07","F",11,,,,2/25/2008,12/15/2007,12/15/2007,"SHARE01",,".",
719,4/16/2008,"2007-08","2006-07","F",30,,,,6/15/2008,3/30/2008,3/30/2008,"SHARE01",,".",
741,5/14/2008,"2007-08","2006-07","F",10,,,,7/13/2008,4/24/2008,4/24/2008,"SHARE01",,".",
203,5/29/2008,"2007-08","2006-07","F",30,,,,7/28/2008,5/14/2008,5/14/2008,"SHARE01",,".",
454,5/22/2008,"2007-08","2006-07","F",25,,,,7/21/2008,4/22/2008,4/22/2008,"SHARE01",,".",
308,4/26/2008,"2007-08","2006-07","F",15,,,,6/25/2008,3/30/2008,3/30/2008,"SHARE01",,".",
254,10/16/2008,"2008-09","2007-08","F",20,,,,12/15/2008,9/17/2008,10/16/2008,"SHARE01",,".",
601,9/24/2008,"2008-09","2007-08","F",17,,,,11/23/2008,9/4/2008,9/4/2008,"SHARE01",,".",
613,1/8/2009,"2008-09","2007-08","F",7,,,,3/9/2009,12/21/2008,1/8/2009,"SHARE01",,".",
115,3/31/2009,"2008-09","2007-08","F",15,,,,5/30/2009,3/11/2009,3/11/2009,"SHARE01",,".",
282,12/30/2008,"2008-09","2007-08","F",4,,,,2/28/2009,12/4/2008,12/30/2008,"SHARE01",,".",
555,6/18/2009,"2008-09","2007-08","B",,100,20,,8/17/2009,5/25/2009,5/25/2009,"SHARE01",,,
555,6/18/2009,"2008-09","2007-08","C",79,100,20,,8/17/2009,5/25/2009,5/25/2009,"INVEST",,".",
618,6/18/2009,"2008-09","2007-08","B",,100,50,,8/17/2009,5/25/2009,5/25/2009,"SHARE01",,,
618,6/18/2009,"2008-09","2007-08","C",282.75,100,50,,8/17/2009,5/25/2009,5/25/2009,"INVEST",,".",
457,6/13/2009,"2008-09","2007-08","B",,100,25,,8/12/2009,5/26/2009,5/26/2009,"SHARE01",,,
457,6/13/2009,"2008-09","2007-08","C",6823.85,100,25,,8/12/2009,5/26/2009,5/26/2009,"INVEST",,".",
296,6/18/2009,"2008-09","2007-08","F",10,,,,8/17/2009,5/18/2009,5/18/2009,"SHARE13",,".",
649,6/28/2009,"2008-09","2007-08","F",5,,,,8/27/2009,5/27/2009,5/27/2009,"SHARE01",,".",
603,6/25/2009,"2008-09","2007-08","F",105,,,,8/24/2009,4/23/2009,4/23/2009,"SHARE01",,".",
606,6/18/2009,"2008-09","2007-08","F",22,,,,8/17/2009,5/28/2009,5/28/2009,"SHARE01",,".",
950,8/14/2009,"2009-10","2008-09","F",13.8,,,,10/13/2009,7/14/2009,7/14/2009,"SHARE01",,"credit On line to icb account",
755,7/7/2009,"2009-10","2008-09","F",5,,,,9/5/2009,6/10/2009,6/10/2009,"SHARE01",,".",
748,9/3/2009,"2009-10","2008-09","F",5,,,,11/2/2009,8/5/2009,8/5/2009,"SHARE01",,".",
209,11/20/2009,"2009-10","2008-09","I",60,,,,1/19/2010,10/20/2009,10/20/2009,"SHARE01",,".",
413,12/29/2009,"2009-10","2008-09","F",10,,,,2/27/2010,11/19/2009,12/17/2009,"SHARE01",,".",
416,12/26/2009,"2009-10","2008-09","F",2,,,,2/24/2010,12/1/2009,12/1/2009,"SHARE01",,".",
647,12/30/2009,"2009-10","2008-09","F",2,,,,2/28/2010,11/11/2009,12/10/2009,"SHARE01",,".",
475,12/17/2009,"2009-10","2008-09","F",15,,,,2/15/2010,11/17/2009,11/25/2009,"SHARE14",,".",
293,12/24/2009,"2009-10","2008-09","F",5,,,,2/22/2010,11/19/2009,12/24/2009,"SHARE14",,".",
462,12/24/2009,"2009-10","2008-09","F",30,,,,2/22/2010,12/6/2009,12/6/2009,"SHARE14",,".",
264,12/22/2009,"2009-10","2008-09","F",3,,,,2/20/2010,12/1/2009,12/21/2009,"SHARE14",,".",
511,12/13/2009,"2009-10","2008-09","F",10,,,,2/11/2010,11/16/2009,12/13/2009,"SHARE14",,".",
165,12/31/2009,"2009-10","2008-09","I",9,,,,3/1/2010,12/31/2009,12/31/2009,"SHARE01",,".",
303,1/30/2010,"2009-10","2008-09","F",25,,,,3/31/2010,11/25/2009,12/3/2009,"SHARE01",,".",
302,2/6/2010,"2009-10","2008-09","F",50,,,,4/7/2010,12/7/2009,12/7/2009,"SHARE01",,".",
464,12/17/2009,"2009-10","2008-09","F",40,,,,2/15/2010,11/27/2009,12/17/2009,"SHARE01",,".",
105,3/30/2008,"2007-08","2006-07","B",,100,55,,5/29/2008,3/11/2008,3/11/2008,"SHARE01",,,
105,3/30/2008,"2007-08","2006-07","C",930,100,55,,5/29/2008,3/11/2008,3/11/2008,"SHARE01",,".",
119,6/5/2008,"2008-09","2007-08","R",,5,1,,11/1/2008,9/2/2008,9/2/2008,"MERCHAN1",,".",
647,12/30/2008,"2008-09","2007-08","F",5,,,,2/28/2009,12/1/2008,12/30/2008,"SHARE13",,".",
452,6/16/2009,"2008-09","2007-08","B",,100,20,,8/15/2009,5/25/2009,5/25/2009,"SHARE13",,,
452,6/16/2009,"2008-09","2007-08","C",163.45,100,20,,8/15/2009,5/25/2009,5/25/2009,"INVEST",,".",
653,6/16/2009,"2008-09","2007-08","B",,100,20,,8/15/2009,5/25/2009,5/25/2009,"SHARE13",,,
653,6/16/2009,"2008-09","2007-08","C",123,100,20,,8/15/2009,5/25/2009,5/25/2009,"SHARE13",,".",
112,6/8/2009,"2008-09","2007-08","B",,100,30,,8/7/2009,5/7/2009,5/7/2009,"SHARE13",,,
112,6/8/2009,"2008-09","2007-08","C",290,100,30,,8/7/2009,5/7/2009,5/7/2009,"INVEST",,".",
454,4/30/2009,"2008-09","2007-08","F",60,,,,6/29/2009,3/31/2009,3/31/2009,"SHARE13",,".",
133,5/7/2009,"2008-09","2007-08","F",10,,,,7/6/2009,4/6/2009,4/6/2009,"SHARE13",,".",
131,6/25/2009,"2008-09","2007-08","B",,100,18,,8/24/2009,5/19/2009,5/19/2009,"SHARE13",,,
131,6/25/2009,"2008-09","2007-08","C",686.9,100,18,,8/24/2009,5/19/2009,5/19/2009,"INVEST",,".",
121,6/11/2009,"2008-09","2007-08","B",,100,20,,8/10/2009,5/25/2009,5/25/2009,"SHARE13",,,
121,6/11/2009,"2008-09","2007-08","C",302.3,100,20,,8/10/2009,5/25/2009,5/25/2009,"INVEST",,".",
449,6/16/2009,"2008-09","2007-08","B",,100,20,,8/15/2009,5/21/2009,5/21/2009,"SHARE13",,,
449,6/16/2009,"2008-09","2007-08","C",92.85,100,20,,8/15/2009,5/21/2009,5/21/2009,"INVEST",,".",
305,6/25/2009,"2008-09","2007-08","B",,100,20,,8/24/2009,5/14/2009,5/14/2009,"SHARE13",,,
305,6/25/2009,"2008-09","2007-08","C",1221.25,100,20,,8/24/2009,5/14/2009,5/14/2009,"INVEST",,".",
741,5/20/2009,"2008-09","2007-08","F",10,,,,7/19/2009,5/5/2009,5/5/2009,"SHARE01",,".",
449,6/16/2009,"2008-09","2007-08","F",18,,,,8/15/2009,5/21/2009,5/21/2009,"SHARE01",,".",
455,6/18/2009,"2008-09","2007-08","F",100,,,,8/17/2009,5/14/2009,5/14/2009,"SHARE02",,".",
465,6/20/2009,"2008-09","2007-08","F",25,,,,8/19/2009,5/20/2009,5/20/2009,"SHARE01",,".",
745,6/4/2009,"2008-09","2007-08","F",25,,,,8/3/2009,4/21/2009,4/21/2009,"SHARE01",,".",
757,6/25/2009,"2008-09","2007-08","F",5,,,,8/24/2009,5/28/2009,5/28/2009,"SHARE01",,".",
724,6/23/2009,"2008-09","2007-08","F",10,,,,8/22/2009,6/2/2009,6/2/2009,"SHARE01",,".",
420,9/27/2009,"2009-10","2008-09","F",15,,,,11/26/2009,8/30/2009,8/30/2009,"SHARE01",,".",
449,6/16/2008,"2007-08","2006-07","F",25,,,,8/15/2008,5/15/2008,5/15/2008,"SHARE01",,".",
726,7/24/2008,"2008-09","2007-08","F",7,,,,9/22/2008,7/2/2008,7/2/2008,"SHARE01",,".",
427,12/28/2008,"2008-09","2007-08","F",10,,,,2/26/2009,12/14/2008,12/28/2008,"SHARE01",,".",
142,7/16/2009,"2009-10","2008-09","B",,100,20,,9/14/2009,6/18/2009,6/18/2009,"SHARE17",,,
142,7/16/2009,"2009-10","2008-09","C",258,100,20,,9/14/2009,6/18/2009,6/18/2009,"SHARE17",,".",
144,8/6/2009,"2009-10","2008-09","B",,100,50,,10/5/2009,7/15/2009,7/15/2009,"SHARE01",,,
144,8/6/2009,"2009-10","2008-09","C",123,100,50,,10/5/2009,7/15/2009,7/15/2009,"SHARE01",,".",
452,10/15/2009,"2009-10","2008-09","R",,10,1,90,11/16/2009,9/17/2009,9/17/2009,"INVEST",,"Prefeence Share at per 100/- each share",
735,10/15/2009,"2009-10","2008-09","B",,100,10,,12/14/2009,9/16/2009,9/16/2009,"SHARE01",,,
735,10/15/2009,"2009-10","2008-09","C",123,100,10,,12/14/2009,9/16/2009,9/16/2009,"SHARE01",,".",
738,9/27/2009,"2009-10","2008-09","F",10,,,,11/26/2009,8/19/2009,8/19/2009,"SHARE27",,".",
210,12/31/2009,"2009-10","2008-09","R",,100,100,0,3/1/2010,12/9/2009,12/9/2009,"SHARE01",,,
603,1/9/2010,"2009-10","2008-09","I",115,,,,3/10/2010,12/9/2009,12/9/2009,"SHARE14",,".",
306,1/6/2010,"2009-10","2008-09","B",,100,20,,3/7/2010,11/5/2009,11/5/2009,"SHARE24",,,
306,1/6/2010,"2009-10","2008-09","C",123,100,20,,3/7/2010,11/5/2009,11/5/2009,"SHARE24",,".",
278,12/24/2009,"2009-10","2008-09","F",29,,,,2/22/2010,11/25/2009,11/25/2009,"SHARE14",,".",
360,12/27/2009,"2009-10","2008-09","F",15,,,,2/25/2010,12/9/2009,12/18/2009,"SHARE14",,".",
476,12/10/2009,"2009-10","2008-09","F",12.5,,,,2/8/2010,11/22/2009,12/10/2009,"SHARE01",,".",
306,2/19/2008,"2007-08","2006-07","F",25,,,,4/19/2008,1/13/2008,1/13/2008,"SHARE01",,".",
457,5/31/2008,"2007-08","2006-07","F",50,,,,7/30/2008,5/15/2008,5/15/2008,"SHARE01",,".",
451,6/30/2008,"2007-08","2006-07","F",30,,,,8/29/2008,6/15/2008,6/15/2008,"SHARE01",,".",
603,12/31/2008,"2008-09","2007-08","I",115,,,,3/1/2009,12/23/2008,12/23/2008,"SHARE01",,".",
218,6/4/2009,"2008-09","2007-08","F",33,,,,8/3/2009,5/14/2009,5/14/2009,"SHARE01",,".",
124,5/26/2009,"2008-09","2007-08","F",10,,,,7/25/2009,5/11/2009,5/11/2009,"SHARE01",,".",
653,6/16/2009,"2008-09","2007-08","F",10,,,,8/15/2009,5/25/2009,5/25/2009,"SHARE01",,".",
483,10/1/2009,"2009-10","2008-09","F",7.5,,,,11/30/2009,9/10/2009,9/10/2009,"SHARE13",,".",
646,9/29/2009,"2009-10","2008-09","F",5,,,,11/28/2009,9/1/2009,9/29/2009,"SHARE13",,".",
261,12/12/2009,"2009-10","2008-09","F",15,,,,2/10/2010,11/26/2009,12/3/2009,"SHARE01",,".",
418,12/30/2009,"2009-10","2008-09","F",5,,,,2/28/2010,12/17/2009,12/30/2009,"SHARE01",,".",
453,12/31/2009,"2009-10","2008-09","F",6,,,,3/1/2010,12/27/2009,12/31/2009,"SHARE01",,".",
303,2/9/2008,"2007-08","2006-07","F",15,,,,4/9/2008,1/27/2008,2/9/2008,"SHARE01",,".",
452,8/21/2008,"2008-09","2007-08","B",,100,10,,10/20/2008,7/2/2008,7/2/2008,"SHARE01",,,
452,8/21/2008,"2008-09","2007-08","C",83.5,100,10,,10/20/2008,7/2/2008,7/2/2008,"SHARE01",,".",
618,8/26/2008,"2008-09","2007-08","B",,100,15,,10/25/2008,7/2/2008,7/2/2008,"SHARE01",,,
618,8/26/2008,"2008-09","2007-08","C",134,100,15,,10/25/2008,7/2/2008,7/2/2008,"SHARE01",,".",
472,8/28/2008,"2008-09","2007-08","B",,100,10,,10/27/2008,7/2/2008,7/2/2008,"SHARE01",,,
472,8/28/2008,"2008-09","2007-08","C",117,100,10,,10/27/2008,7/2/2008,7/2/2008,"SHARE01",,".",
276,12/20/2000,"2000-01","1999-00","F",15,,,,2/18/2001,12/6/2000,12/20/2000,"SHARE26",,,
467,12/30/2000,"2000-01","1999-00","F",15,,,,2/28/2001,12/15/2000,12/30/2000,"SHARE27",,,
639,11/25/2000,"2000-01","1999-00","B",,4,1,,1/24/2001,11/9/2000,11/25/2000,"SHARE26",,,
105,11/18/2000,"2000-01","1999-00","F",20,,,,1/17/2001,10/20/2000,11/18/2000,"SHARE26",,,
218,3/20/2001,"2000-01","1999-00","F",70,,,,5/19/2001,3/6/2001,3/20/2001,"SHARE26",,,
104,8/24/2000,"2000-01","1999","F",21,,,,10/23/2000,8/11/2000,8/24/2000,"SHARE26",,,
622,12/18/2000,"2000-01","1999-00","F",10,,,,2/16/2001,11/19/2000,12/18/2000,"SHARE26",,,
220,9/28/2000,"2000-01","1999-00","F",20,,,,11/27/2000,9/8/2000,9/28/2000,"SHARE26",,,
257,12/29/1997,"1997-98","1996-97","B",,2,1,,2/27/1998,12/15/1997,12/29/1997,"SHARE26",,,
465,2/22/2001,"2000-01","1999-00","F",16,,,,4/23/2001,2/17/2001,2/22/2001,"SHARE26",,,
113,4/7/2001,"2000-01","1999-00","F",30,,,,6/6/2001,3/23/2001,4/7/2001,"SHARE26",,,
421,11/15/1998,"1998-99","1997","F",20,,,,1/14/1999,11/1/1998,11/15/1998,"SHARE26",,,
442,12/20/2000,"2000-01","1999-00","F",12,,,,2/18/2001,11/30/2000,12/20/2000,"SHARE26",,,
101,10/26/2000,"2000-01","1999","F",12.5,,,,12/25/2000,10/19/2000,10/26/2000,"SHARE26",,,
214,12/14/2000,"2000-01","1999-00","F",10,,,,2/12/2001,11/24/2000,12/14/2000,"SHARE26",,,
639,11/25/2000,"2000-01","1999-00","F",17,,,,1/24/2001,11/9/2000,11/25/2000,"SHARE26",,,
252,3/20/2001,"2000-01","1999-00","F",30,,,,5/19/2001,3/5/2001,3/20/2001,"SHARE26",,,
303,2/27/2001,"2000-01","1999-00","F",25,,,,4/28/2001,2/21/2001,2/27/2001,"SHARE26",,,
644,4/7/2001,"2000-01","1999-00","F",15,,,,6/6/2001,3/20/2001,4/7/2001,"SHARE26",,,
145,11/25/2000,"2000-01","1999-00","F",10,,,,1/24/2001,11/5/2000,11/25/2000,"SHARE26",,,
425,11/26/2000,"2000-01","1999-00","F",5,,,,1/25/2001,11/17/2000,11/26/2000,"SHARE26",,,
137,5/10/2001,"2000-01","1999","F",30,,,,7/9/2001,4/13/2001,5/10/2001,"SHARE26",,,
133,5/15/2001,"2000-01","1999-00","F",23,,,,7/14/2001,5/1/2001,5/15/2001,"SHARE26",,,
217,3/29/2001,"2000-01","1999-00","F",35,,,,5/28/2001,3/15/2001,3/29/2001,"SHARE26",,,
277,12/23/2000,"2000-01","1999-00","D",11.88,100,12,,2/21/2001,12/14/2000,12/23/2000,"INVEST",,"Company Paid Only Market Lot Share & Others Bonus Cash",
143,8/31/2000,"2000-01","1999-00","F",15,,,,10/30/2000,8/16/2000,8/16/2000,"SHARE27",,,
135,5/22/2001,"2000-01","1999-00","F",30,,,,7/21/2001,5/13/2001,5/22/2001,"SHARE27",,,
553,3/13/2001,"2000-01","1999-00","F",10,,,,5/12/2001,2/24/2001,3/13/2001,"SHARE27",,,
302,3/1/2001,"2000-01","1999-00","F",50,,,,4/30/2001,2/16/2001,3/1/2001,"SHARE27",,,
630,12/21/2000,"2000-01","1999-00","F",6,,,,2/19/2001,12/7/2000,12/21/2000,"SHARE27",,,
355,3/31/2001,"2000-01","1999-00","F",10,,,,5/30/2001,3/18/2001,3/31/2001,"SHARE26",,,
115,5/26/2001,"2000-01","2000","F",25,,,,7/25/2001,5/12/2001,5/26/2001,"SHARE26",,,
478,12/21/2000,"2000-01","1999-00","F",6,,,,2/19/2001,12/7/2000,12/21/2000,"SHARE27",,,
115,12/21/2000,"2000-01","1999","F",6,,,,2/19/2001,12/7/2000,12/21/2000,"SHARE26",,,
223,3/8/2001,"2000-01","1999-00","F",10,,,,5/7/2001,2/27/2001,3/8/2001,"SHARE27",,,
301,2/17/2001,"2000-01","1999-00","F",40,,,,4/18/2001,1/21/2001,2/17/2001,"SHARE26",,,
270,12/30/2000,"2000-01","1999-00","F",3,,,,2/28/2001,12/23/2000,12/30/2000,"SHARE26",,,
105,12/4/1999,"1999-00","1998-99","B",,10,1,,2/2/2000,11/21/1999,12/4/1999,"SHARE26",,,
461,3/27/1996,"1995-96","1994-95","F",11.5,,,,5/26/1996,3/14/1996,3/27/1996,"SHARE26",,,
209,5/28/2001,"2000-01","1999-00","F",30,,,,7/27/2001,5/15/2001,5/28/2001,"SHARE27",,,
209,5/28/2001,"2000-01","1999-00","I",15,,,,7/27/2001,5/15/2001,5/28/2001,"SHARE27",,,
101,9/12/1998,"1998-99","1997-98","B",,10,1,,11/11/1998,9/6/1998,9/12/1998,"SHARE02",,,
101,9/12/1998,"1998-99","1997-98","C",8.01,10,1,,11/11/1998,9/6/1998,9/12/1998,"SHARE26",,,
627,12/30/2000,"2000-01","1999-00","F",5,,,,2/28/2001,12/15/2000,12/30/2000,"SHARE26",,,
218,1/22/1998,"1997-98","1996-97","F",30,,,,3/23/1998,1/7/1998,1/22/1998,"SHARE26",,,
218,4/15/1999,"1998-99","1997-98","F",40,,,,6/14/1999,4/1/1999,4/15/1999,"SHARE26",,,
211,6/15/1988,"1987-88","1986-87","F",0,,,,8/14/1988,6/8/1988,6/15/1988,"SHARE27",,,
211,3/29/1989,"1988-89","1987-88","F",12.5,,,,5/28/1989,3/15/1989,3/29/1989,"SHARE27",,,
211,3/27/1990,"1989-90","1988-89","F",0,,,,5/26/1990,3/12/1990,3/27/1990,"SHARE27",,,
211,5/30/1991,"1990-91","1989-90","F",15,,,,7/29/1991,5/5/1991,5/30/1991,"SHARE27",,,
211,9/27/1993,"1993-94","1992-93","F",0,,,,11/26/1993,9/10/1993,9/27/1993,"SHARE27",,,
211,12/7/1993,"1993-94","1992-93","F",0,,,,2/5/1994,12/1/1993,12/7/1993,"SHARE27",,,
211,12/29/1993,"1993-94","1992-93","F",15,,,,2/27/1994,12/21/1993,12/29/1993,"SHARE27",,,
211,6/1/1995,"1994-95","1993-94","F",10,,,,7/31/1995,5/10/1995,6/1/1995,"SHARE27",,,
211,3/27/1996,"1995-96","1994-95","F",10,,,,5/26/1996,3/7/1996,3/27/1996,"SHARE27",,,
211,3/29/1997,"1996-97","1995-96","F",10,,,,5/28/1997,3/1/1997,3/29/1997,"SHARE26",,"10th AGM",
211,3/30/1998,"1997-98","1996-97","F",0,,,,5/29/1998,3/11/1998,3/30/1998,"SHARE26",,"11th AGM",
211,3/29/1997,"1996-97","1995-96","B",,5,1,,5/28/1997,3/1/1997,3/29/1997,"SHARE27",,,
146,6/17/2001,"2000-01","1999-00","F",30,,,,8/16/2001,6/3/2001,6/17/2001,"SHARE26",,,
445,4/27/2001,"2000-01","1999-00","F",10,,,,6/26/2001,4/6/2001,4/27/2001,"SHARE26",,,
718,6/20/2001,"2000-01","2000","F",35,,,,8/19/2001,6/6/2001,6/20/2001,"SHARE26",,"15th AGM",
454,5/17/2001,"2000-01","2000","F",35,,,,7/16/2001,5/3/2001,5/17/2001,"SHARE26",,,
259,7/16/2001,"2001-02","2000","F",30,,,,9/14/2001,6/26/2001,7/16/2001,"SHARE26",,"Total Dividend = 90%",
259,7/16/2001,"2001-02","2001","I",30,,,,9/14/2001,6/26/2001,7/16/2001,"SHARE26",,"1st Interim",
283,12/25/2000,"2000-01","1999-00","F",5,,,,2/23/2001,12/20/2000,12/25/2000,"SHARE26",,,
303,3/11/2000,"1999-00","1998-99","F",25,,,,5/10/2000,3/5/2000,3/11/2000,"SHARE26",,,
625,6/10/2001,"2000-01","2000","F",20,,,,8/9/2001,6/3/2001,6/10/2001,"SHARE26",,,
452,9/3/2007,"2007-08","2006-07","B",,100,10,,11/2/2007,8/1/2007,8/1/2007,"MERCHAN1",,"For Non CDS",
452,9/3/2007,"2007-08","2006-07","C",100,100,10,,11/2/2007,8/1/2007,8/1/2007,"MERCHAN1",,"For Non CDS",
119,6/5/2008,"2007-08","2006-07","B",,100,25,,8/4/2008,5/5/2008,5/5/2008,"SHARE01",,,
119,6/5/2008,"2007-08","2006-07","C",413,100,25,,8/4/2008,5/5/2008,5/5/2008,"SHARE01",,".",
132,6/26/2008,"2007-08","2006-07","B",,100,35,,8/25/2008,5/28/2008,5/28/2008,"SHARE01",,,
132,6/26/2008,"2007-08","2006-07","C",2150,100,35,,8/25/2008,5/28/2008,5/28/2008,"SHARE01",,".",
152,8/31/2007,"2007-08","2006-07","F",190,,,,10/30/2007,8/15/2007,8/23/2007,"MERCHAN1",,".",
555,8/26/2008,"2008-09","2007-08","B",,100,15,,10/25/2008,7/2/2008,7/2/2008,"SHARE01",,,
555,8/26/2008,"2008-09","2007-08","C",47,100,15,,10/25/2008,7/2/2008,7/2/2008,"SHARE01",,".",
727,8/28/2008,"2008-09","2007-08","B",,100,20,,10/27/2008,8/3/2008,8/3/2008,"SHARE01",,,
727,8/28/2008,"2008-09","2007-08","C",321,100,20,,10/27/2008,8/3/2008,8/3/2008,"SHARE01",,".",
117,9/11/2008,"2008-09","2007-08","B",,100,17,,11/10/2008,8/7/2008,8/7/2008,"SHARE01",,,
117,9/11/2008,"2008-09","2007-08","C",317,100,17,,11/10/2008,8/7/2008,8/7/2008,"SHARE01",,".",
477,9/16/2008,"2008-09","2007-08","B",,100,35,,11/15/2008,8/14/2008,8/14/2008,"SHARE01",,,
477,9/16/2008,"2008-09","2007-08","C",2862,100,35,,11/15/2008,8/14/2008,8/14/2008,"SHARE01",,".",
738,8/21/2008,"2008-09","2007-08","F",10,,,,10/20/2008,7/23/2008,7/23/2008,"SHARE01",,".",
281,12/30/2008,"2008-09","2007-08","F",5,,,,2/28/2009,12/17/2008,12/30/2008,"SHARE26",,".",
295,12/21/2008,"2008-09","2007-08","F",5,,,,2/19/2009,12/1/2008,12/21/2008,"SHARE26",,".",
202,12/28/2008,"2008-09","2007-08","F",16,,,,2/26/2009,12/14/2008,12/14/2008,"SHARE26",,".",
561,12/29/2008,"2008-09","2007-08","F",4,,,,2/27/2009,12/1/2008,12/1/2008,"SHARE26",,".",
508,12/25/2008,"2008-09","2007-08","F",15,,,,2/23/2009,12/1/2008,12/25/2008,"SHARE26",,".",
214,12/31/2008,"2008-09","2007-08","F",12,,,,3/1/2009,12/18/2008,12/18/2008,"SHARE26",,".",
307,3/5/2009,"2008-09","2007-08","F",27,,,,5/4/2009,11/20/2008,11/20/2008,"SHARE14",,".",
360,12/31/2008,"2008-09","2007-08","F",10,,,,3/1/2009,12/24/2008,12/31/2008,"SHARE01",,".",
410,10/16/2008,"2008-09","2007-08","F",15,,,,12/15/2008,10/5/2008,10/16/2008,"SHARE01",,".",
128,5/21/2009,"2008-09","2007-08","B",,100,22,,7/20/2009,4/16/2009,4/16/2009,"SHARE02",,,
128,5/21/2009,"2008-09","2007-08","C",243.59,100,22,,7/20/2009,4/16/2009,4/16/2009,"INVEST",,".",
747,5/31/2009,"2008-09","2007-08","B",,100,20,,7/30/2009,4/30/2009,4/30/2009,"SHARE02",,,
747,5/31/2009,"2008-09","2007-08","C",345,100,20,,7/30/2009,4/30/2009,4/30/2009,"SHARE01",,".",
469,6/28/2003,"2002-03","2002","C",189.63,100,15,,8/27/2003,6/3/2003,6/28/2003,"SHARE26",,,
431,6/28/2003,"2002-03","2002","C",39.24,100,10,,8/27/2003,6/4/2003,6/28/2003,"SHARE26",,"No Cash Dividend",
213,12/23/2003,"2003-04","2002-03","B",,3,1,,2/21/2004,12/4/2003,12/23/2003,"SHARE15",,,
508,12/31/2003,"2003-04","2002-03","F",10,,,,2/29/2004,12/20/2003,12/27/2003,"SHARE26",,,
464,3/19/2004,"2003-04","2002-03","F",15,,,,5/18/2004,3/10/2004,3/19/2004,"SHARE26",,,
119,5/4/2004,"2003-04","2003","B",,100,20,,7/3/2004,4/19/2004,5/4/2004,"SHARE26",,,
455,6/22/2004,"2003-04","2002-03","F",40,,,,8/21/2004,5/30/2004,6/22/2004,"SHARE27",,,
252,6/1/2004,"2003-04","2003","F",12.5,,,,7/31/2004,5/12/2004,6/1/2004,"SHARE26",,,
131,6/28/2004,"2003-04","2003","F",20,,,,8/27/2004,5/30/2004,6/28/2004,"SHARE26",,,
603,6/24/2004,"2003-04","2003","F",26.25,,,,8/23/2004,5/28/2004,6/24/2004,"SHARE26",,,
606,5/31/2004,"2003-04","2003","F",20,,,,7/30/2004,5/15/2004,5/31/2004,"SHARE26",,,
454,5/19/2004,"2003-04","2003","F",40,,,,7/18/2004,5/5/2004,5/19/2004,"SHARE26",,,
135,5/26/2004,"2003-04","2003","F",30,,,,7/25/2004,5/16/2004,5/26/2004,"SHARE26",,,
718,6/10/2004,"2003-04","2003","F",20,,,,8/9/2004,5/27/2004,6/10/2004,"SHARE26",,,
225,6/17/2004,"2003-04","2003","F",15,,,,8/16/2004,5/20/2004,6/17/2004,"SHARE26",,,
459,5/27/2004,"2003-04","2003","F",30,,,,7/26/2004,5/13/2004,5/27/2004,"SHARE26",,,
146,5/28/2004,"2003-04","2002-03","F",10,,,,7/27/2004,5/14/2004,5/28/2004,"SHARE27",,,
610,5/29/2004,"2003-04","2003-04","I",15,,,,7/28/2004,5/20/2004,5/29/2004,"SHARE26",,,
109,6/14/2004,"2003-04","2003","F",50,,,,8/13/2004,5/16/2004,6/14/2004,"SHARE26",,,
117,6/2/2004,"2003-04","2001","F",20,,,,8/1/2004,5/15/2004,6/2/2004,"SHARE26",,"FY-2000=No Dividend,2001=(20+20) Cash+Stock Div.2002=25% Stock Div. & 2003=50% Stock Dividend",
228,6/26/2004,"2003-04","2003","F",5,,,,8/25/2004,6/16/2004,6/26/2004,"SHARE26",,,
101,9/27/2003,"2003-04","2002","C",217,100,15,,11/26/2003,6/9/2003,6/30/2003,"SHARE26",,"Commission .20% deducted by Company",
115,5/27/2004,"2003-04","2003","F",15,,,,7/26/2004,5/16/2004,5/27/2004,"SHARE26",,,
115,5/27/2004,"2003-04","2003","B",,100,25,,7/26/2004,5/16/2004,5/27/2004,"SHARE26",,,
259,6/30/2004,"2003-04","2002-03","F",65,,,,8/29/2004,6/1/2004,6/30/2004,"SHARE27",,,
203,6/24/2004,"2003-04","2002-03","F",20,,,,8/23/2004,6/10/2004,6/24/2004,"SHARE27",,,
556,6/30/2004,"2003-04","2002-03","F",15,,,,8/29/2004,6/7/2004,6/30/2004,"SHARE27",,,
469,6/20/2004,"2003-04","2002-03","F",15,,,,8/19/2004,6/3/2004,6/20/2004,"SHARE27",,,
618,6/26/2004,"2003-04","2003","F",7.5,,,,8/25/2004,6/3/2004,6/26/2004,"SHARE26",,,
472,6/30/2004,"2003-04","2002-03","F",10,,,,8/29/2004,6/7/2004,6/30/2004,"SHARE27",,,
445,6/29/2004,"2003-04","2003","F",5,,,,8/28/2004,6/20/2004,6/29/2004,"SHARE26",,,
111,6/30/2004,"2003-04","2003","F",20,,,,8/29/2004,6/10/2004,6/30/2004,"SHARE26",,,
211,6/26/2004,"2003-04","2002-03","F",10,,,,8/25/2004,6/16/2004,6/26/2004,"SHARE27",,,
140,6/27/2004,"2003-04","2003","F",17,,,,8/26/2004,6/7/2004,6/27/2004,"SHARE26",,,
132,6/24/2004,"2003-04","2002-03","F",35,,,,8/23/2004,6/10/2004,6/24/2004,"SHARE27",,,
645,6/16/2004,"2003-04","2002-03","F",10,,,,8/15/2004,6/8/2004,6/16/2004,"SHARE27",,,
465,6/18/2004,"2003-04","2003","F",20,,,,8/17/2004,6/7/2004,6/18/2004,"SHARE26",,"20TH AGM",
649,6/27/2004,"2003-04","2003","F",11,,,,8/26/2004,6/6/2004,6/27/2004,"SHARE26",,,
557,6/24/2004,"2003-04","2002-03","F",10,,,,8/23/2004,6/5/2004,6/24/2004,"SHARE27",,,
224,6/28/2004,"2003-04","2002-03","F",10,,,,8/27/2004,6/18/2004,6/28/2004,"SHARE27",,,
625,6/26/2004,"2003-04","2002-03","F",25,,,,8/25/2004,6/17/2004,6/26/2004,"SHARE27",,,
439,6/23/2004,"2003-04","2002-03","F",5,,,,8/22/2004,6/10/2004,6/23/2004,"SHARE27",,,
207,6/24/2004,"2003-04","2003","F",20,,,,8/23/2004,6/10/2004,6/24/2004,"SHARE26",,,
419,6/30/2004,"2003-04","2002-03","F",10,,,,8/29/2004,6/7/2004,6/30/2004,"SHARE27",,,
134,6/30/2004,"2003-04","2002-03","F",25,,,,8/29/2004,6/10/2004,6/30/2004,"SHARE27",,,
721,6/29/2004,"2003-04","2003","F",12,,,,8/28/2004,6/9/2004,6/29/2004,"SHARE26",,,
457,6/23/2004,"2003-04","2003","F",50,,,,8/22/2004,6/16/2004,6/23/2004,"SHARE26",,,
442,6/29/2004,"2003-04","2002-03","F",5,,,,8/28/2004,6/6/2004,6/29/2004,"SHARE27",,,
452,6/24/2004,"2003-04","2003","F",10,,,,8/23/2004,6/2/2004,6/24/2004,"SHARE26",,,
136,7/7/2004,"2004-05","2003","F",18,,,,9/5/2004,6/16/2004,7/7/2004,"SHARE26",,,
561,6/30/2004,"2003-04","2002-03","I",8,,,,8/29/2004,6/24/2004,6/30/2004,"SHARE27",,,
447,6/29/2004,"2003-04","2002-03","F",5,,,,8/28/2004,6/6/2004,6/29/2004,"SHARE27",,,
720,6/22/2004,"2003-04","2003","F",10,,,,8/21/2004,6/14/2004,6/22/2004,"SHARE26",,,
469,6/26/2004,"2003-04","2003","F",15,,,,8/25/2004,6/3/2004,6/26/2004,"SHARE26",,,
123,6/14/2004,"2003-04","2003","B",,100,25,,8/13/2004,5/25/2004,6/14/2004,"SHARE26",,,
113,5/16/2004,"2003-04","2003","B",,7,3,,7/15/2004,4/27/2004,5/16/2004,"SHARE26",,,
111,12/8/2003,"2003-04","2002","O",446.17,100,15,,2/6/2004,11/18/2003,12/8/2003,"SHARE26",,,
218,6/24/2003,"2002-03","2001-02","C",533.66,100,10,,8/23/2003,6/9/2003,6/24/2003,"SHARE26",,,
120,6/9/2004,"2003-04","2003","B",,100,15,,8/8/2004,5/22/2004,6/9/2004,"SHARE26",,,
718,6/10/2004,"2003-04","2003","B",,100,27,,8/9/2004,5/27/2004,6/10/2004,"SHARE26",,,
220,8/5/2004,"2004-05","2003-04","F",6,,,,10/4/2004,7/9/2004,8/5/2004,"SHARE27",,,
148,7/18/2004,"2004-05","2003-04","F",48,,,,9/16/2004,7/10/2004,7/18/2004,"SHARE27",,,
138,8/7/2004,"2004-05","2003-04","F",10,,,,10/6/2004,7/18/2004,8/7/2004,"SHARE27",,,
116,7/25/2004,"2004-05","2003","F",10,,,,9/23/2004,7/11/2004,7/25/2004,"SHARE26",,,
144,7/26/2004,"2004-05","2003","F",15,,,,9/24/2004,7/7/2004,7/26/2004,"SHARE26",,,
143,8/7/2004,"2004-05","2003-04","F",14,,,,10/6/2004,7/24/2004,8/7/2004,"SHARE27",,,
452,6/24/2004,"2003-04","2003","B",,100,10,,8/23/2004,6/2/2004,6/24/2004,"SHARE26",,,
441,12/24/2003,"2003-04","2002-03","F",0,,,,2/22/2004,11/29/2003,12/24/2003,"SHARE26",,,
253,12/24/2003,"2003-04","2002-03","F",0,,,,2/22/2004,12/15/2003,12/24/2003,"SHARE26",,,
641,9/8/2004,"2004-05","2003","F",0,,,,11/7/2004,8/19/2004,9/8/2004,"SHARE26",,,
446,6/30/2004,"2003-04","2003","F",0,,,,8/29/2004,6/24/2004,6/30/2004,"SHARE26",,,
201,6/29/2004,"2003-04","2003","F",0,,,,8/28/2004,6/13/2004,6/29/2004,"SHARE26",,,
226,9/29/2003,"2003-04","2002","F",0,,,,11/28/2003,9/10/2003,9/29/2003,"SHARE26",,,
275,6/28/2004,"2003-04","2003","F",0,,,,8/27/2004,6/18/2004,6/28/2004,"SHARE26",,,
288,9/29/2003,"2003-04","2002","F",0,,,,11/28/2003,9/15/2003,9/29/2003,"SHARE26",,,
270,6/14/2004,"2003-04","2001-02","F",0,,,,8/13/2004,6/1/2004,6/14/2004,"SHARE26",,,
624,7/21/2004,"2004-05","2003","F",5,,,,9/19/2004,7/6/2004,7/21/2004,"SHARE26",,"Interim Treated as FINAL Dividend",
429,9/29/2003,"2003-04","2002","F",0,,,,11/28/2003,9/1/2003,9/29/2003,"SHARE26",,,
415,12/7/2003,"2003-04","2002-03","F",0,,,,2/5/2004,11/23/2003,12/7/2003,"SHARE26",,,
279,12/17/2003,"2003-04","2002-03","F",0,,,,2/15/2004,12/2/2003,12/17/2003,"SHARE26",,,
292,6/30/2004,"2003-04","2003","F",0,,,,8/29/2004,6/25/2004,6/30/2004,"SHARE26",,"FY-2001, 2002 & 2003",
282,12/30/2003,"2003-04","2002-03","F",0,,,,2/28/2004,12/10/2003,12/30/2003,"SHARE26",,,
511,12/24/2003,"2003-04","2002-03","F",0,,,,2/22/2004,11/29/2003,12/24/2003,"SHARE26",,,
652,5/13/2004,"2003-04","2003","F",0,,,,7/12/2004,4/15/2004,5/13/2004,"SHARE26",,,
635,12/30/2003,"2003-04","2002-03","F",0,,,,2/28/2004,12/25/2003,12/30/2003,"SHARE26",,,
648,12/17/2003,"2003-04","2002-03","F",0,,,,2/15/2004,11/20/2003,12/17/2003,"SHARE26",,,
612,6/24/2004,"2003-04","2002-03","F",0,,,,8/23/2004,6/15/2004,6/24/2004,"SHARE26",,,
283,12/29/2003,"2003-04","2002","F",0,,,,2/27/2004,12/15/2003,12/29/2003,"SHARE26",,"FY-2001 & 2002",
650,6/30/2004,"2003-04","2002-03","F",0,,,,8/29/2004,6/7/2004,6/30/2004,"SHARE26",,,
501,6/24/2004,"2003-04","2002-03","F",0,,,,8/23/2004,6/5/2004,6/24/2004,"SHARE26",,,
505,6/30/2004,"2003-04","2003","F",0,,,,8/29/2004,6/15/2004,6/30/2004,"SHARE26",,,
458,9/30/2003,"2003-04","2002","F",0,,,,11/29/2003,9/24/2003,9/30/2003,"SHARE26",,,
608,12/24/2003,"2003-04","2002-03","F",0,,,,2/22/2004,12/11/2003,12/24/2003,"SHARE26",,,
411,9/30/2003,"2003-04","2002","F",0,,,,11/29/2003,9/17/2003,9/30/2003,"SHARE26",,,
406,9/30/2003,"2003-04","2002","F",0,,,,11/29/2003,9/17/2003,9/30/2003,"SHARE26",,,
291,12/29/2003,"2003-04","2002-03","F",0,,,,2/27/2004,12/17/2003,12/29/2003,"SHARE26",,,
554,12/24/2003,"2003-04","2002-03","F",0,,,,2/22/2004,12/15/2003,12/24/2003,"SHARE26",,,
107,8/2/2003,"2003-04","2002","F",0,,,,10/1/2003,7/6/2003,8/2/2003,"SHARE26",,,
407,9/27/2003,"2003-04","2002","F",0,,,,11/26/2003,9/20/2003,9/27/2003,"SHARE26",,,
274,11/12/2003,"2003-04","2002-03","F",0,,,,1/11/2004,10/23/2003,11/12/2003,"SHARE26",,,
359,6/24/2004,"2003-04","2003","F",0,,,,8/23/2004,6/2/2004,6/24/2004,"SHARE26",,,
644,4/22/2004,"2003-04","2002-03","F",0,,,,6/21/2004,4/1/2004,4/22/2004,"SHARE26",,,
360,12/29/2003,"2003-04","2002-03","F",0,,,,2/27/2004,12/16/2003,12/29/2003,"SHARE26",,,
465,2/6/1999,"1998-99","1997-98","F",17,,,,4/7/1999,1/28/1999,2/6/1999,"SHARE01",,,
136,7/24/1999,"1999-00","1998-99","F",20,,,,9/22/1999,7/11/1999,7/24/1999,"SHARE01",,,
144,7/31/1999,"1999-00","1998-99","F",22,,,,9/29/1999,7/19/1999,7/31/1999,"SHARE01",,,
214,12/10/1998,"1998-99","1997-98","F",20,,,,2/8/1999,11/15/1998,12/10/1998,"SHARE31",,,
153,8/22/1999,"1999-00","1998-99","F",32,,,,10/21/1999,8/12/1999,8/22/1999,"SHARE31",,,
152,8/22/1999,"1999-00","1998-99","F",100,,,,10/21/1999,8/12/1999,8/22/1999,"SHARE31",,,
154,8/22/1999,"1999-00","1998-99","F",38,,,,10/21/1999,8/12/1999,8/22/1999,"SHARE31",,,
155,8/22/1999,"1999-00","1998-99","F",35,,,,10/21/1999,8/12/1999,8/22/1999,"SHARE31",,,
156,8/22/1999,"1999-00","1998-99","F",20,,,,10/21/1999,8/12/1999,8/22/1999,"SHARE31",,,
157,8/22/1999,"1999-00","1998-99","F",15,,,,10/21/1999,8/12/1999,8/22/1999,"SHARE31",,,
158,8/22/1999,"1999-00","1998-99","F",13,,,,10/21/1999,8/12/1999,8/22/1999,"SHARE31",,,
159,8/22/1999,"1999-00","1998-99","F",12,,,,10/21/1999,8/12/1999,8/22/1999,"SHARE31",,,
431,11/8/1998,"1998-99","1997","F",5,,,,1/7/1999,10/13/1998,11/8/1998,"SHARE01",,,
452,12/10/1998,"1998-99","1997","F",30,,,,2/8/1999,11/11/1998,12/10/1998,"SHARE01",,,
213,12/24/1998,"1998-99","1997-98","F",50,,,,2/22/1999,12/9/1998,12/24/1998,"SHARE31",,,
261,12/12/1998,"1998-99","1997-98","F",10,,,,2/10/1999,12/6/1998,12/10/1998,"SHARE31",,,
433,11/5/1998,"1998-99","1997","F",30,,,,1/4/1999,10/7/1998,11/5/1998,"SHARE26",,,
359,10/8/1998,"1998-99","1997-98","I",5,,,,2/8/1999,11/11/1998,12/10/1998,"SHARE31",,,
359,12/10/1998,"1998-99","1997-98","F",5,,,,2/8/1999,11/11/1998,12/10/1998,"SHARE31",,,
618,11/5/1998,"1998-99","1997","F",25,,,,1/4/1999,10/7/1998,11/5/1998,"SHARE26",,,
472,11/19/1998,"1998-99","1997-98","F",25,,,,1/18/1999,10/21/1998,11/19/1998,"SHARE31",,,
271,11/19/1998,"1998-99","1997-98","F",10,,,,1/18/1999,10/21/1998,11/19/1998,"SHARE31",,,
207,11/29/1999,"1999-00","1998-99","F",20,,,,1/28/2000,11/11/1999,11/29/1999,"SHARE31",,,
211,6/24/1999,"1998-99","1997-98","F",12,,,,8/23/1999,6/17/1999,6/24/1999,"SHARE26",,"12th AGM",
209,9/29/1999,"1999-00","1998-99","I",30,,,,11/28/1999,9/23/1999,9/29/1999,"SHARE31",,,
262,4/21/1999,"1998-99","1997-98","F",22,,,,6/20/1999,4/7/1999,4/21/1999,"SHARE31",,,
640,12/9/1999,"1999-00","1998-99","F",15,,,,2/7/2000,11/25/1999,12/9/1999,"SHARE31",,,
151,11/4/1999,"1999-00","1998-99","R",,1,1.5,,1/3/2000,10/25/1999,11/4/1999,"SHARE31",,,
151,11/4/1999,"1999-00","1998-99","F",7,,,,1/3/2000,10/25/1999,11/4/1999,"SHARE31",,,
627,12/17/1998,"1998-99","1997-98","F",11,,,,2/15/1999,11/25/1998,12/17/1998,"SHARE31",,,
203,9/16/1999,"1999-00","1998-99","F",20,,,,11/15/1999,9/1/1999,9/16/1999,"SHARE31",,,
148,9/30/1999,"1999-00","1998-99","F",36,,,,11/29/1999,9/19/1999,9/30/1999,"SHARE31",,,
134,8/7/1999,"1999-00","1998-99","F",21,,,,10/6/1999,7/18/1999,8/7/1999,"SHARE31",,,
622,12/23/1999,"1999-00","1998-99","F",12,,,,2/21/2000,11/24/1999,12/23/1999,"SHARE31",,,
607,12/2/1999,"1999-00","1998-99","F",25,,,,1/31/2000,11/11/1999,12/2/1999,"SHARE31",,,
451,9/9/1999,"1999-00","1998","F",10,,,,11/8/1999,8/25/1999,9/9/1999,"SHARE31",,,
477,10/21/1999,"1999-00","1998-99","F",55,,,,12/20/1999,10/1/1999,10/21/1999,"SHARE31",,,
634,7/7/1999,"1999-00","1998-99","F",7.5,,,,9/5/1999,6/23/1999,7/7/1999,"SHARE31",,,
223,4/28/1999,"1998-99","1997-98","F",15,,,,6/27/1999,4/22/1999,4/28/1999,"SHARE31",,,
139,7/19/1999,"1999-00","1998","F",20,,,,9/17/1999,6/29/1999,7/19/1999,"SHARE26",,,
419,11/27/1999,"1999-00","1998-99","F",5,,,,1/26/2000,11/4/1999,11/27/1999,"SHARE31",,,
210,12/23/1999,"1999-00","1998-99","F",16,,,,2/21/2000,12/1/1999,12/23/1999,"SHARE31",,,
181,11/14/1999,"1999-00","1998-99","F",5,,,,1/13/2000,11/3/1999,11/14/1999,"SHARE31",,,
278,12/9/1999,"1999-00","1998-99","F",20,,,,2/7/2000,11/12/1999,12/9/1999,"SHARE31",,,
104,8/26/1999,"1999-00","1998","F",21,,,,10/25/1999,8/13/1999,8/26/1999,"SHARE26",,,
201,8/26/1999,"1999-00","1998-99","F",30,,,,10/25/1999,8/13/1999,8/26/1999,"SHARE31",,,
468,7/21/1999,"1999-00","1998-99","F",12.5,,,,9/19/1999,7/11/1999,7/21/1999,"SHARE31",,,
142,9/27/1999,"1999-00","1998-99","F",15,,,,11/26/1999,9/7/1999,9/27/1999,"SHARE31",,,
467,12/17/1998,"1998-99","1997-98","F",10,,,,2/15/1999,11/25/1998,12/17/1998,"SHARE31",,,
553,7/19/1999,"1999-00","1998-99","F",12,,,,9/17/1999,7/5/1999,7/19/1999,"SHARE31",,,
356,12/26/1999,"1999-00","1998-99","F",15,,,,2/24/2000,12/12/1999,12/26/1999,"SHARE31",,,
131,9/9/1999,"1999-00","1998-99","F",20,,,,11/8/1999,8/11/1999,9/9/1999,"SHARE31",,,
141,9/9/1999,"1999-00","1998-99","F",15,,,,11/8/1999,8/25/1999,9/9/1999,"SHARE31",,,
625,9/28/1999,"1999-00","1998","F",10,,,,11/27/1999,9/19/1999,9/28/1999,"SHARE26",,,
145,12/4/1999,"1999-00","1998-99","F",12,,,,2/2/2000,11/14/1999,12/4/1999,"SHARE31",,,
442,12/8/1999,"1999-00","1998-99","F",12,,,,2/6/2000,11/16/1999,12/8/1999,"SHARE31",,,
301,2/5/2000,"1999-00","1998-99","F",40,,,,4/5/2000,1/12/2000,2/5/2000,"SHARE31",,,
413,12/23/1999,"1999-00","1998-99","F",10,,,,2/21/2000,12/6/1999,12/23/1999,"SHARE31",,,
206,11/28/1999,"1999-00","1998-99","F",50,,,,1/27/2000,11/11/1999,11/28/1999,"SHARE31",,,
602,10/30/1999,"1999-00","1998-99","F",25,,,,12/29/1999,10/16/1999,10/30/1999,"SHARE31",,,
420,11/29/1999,"1999-00","1998-99","F",10,,,,1/28/2000,11/9/1999,11/29/1999,"SHARE31",,,
213,12/30/1999,"1999-00","1998-99","F",110,,,,2/28/2000,12/10/1999,12/30/1999,"SHARE31",,,
257,12/3/1999,"1999-00","1998-99","F",15,,,,2/1/2000,11/3/1999,12/2/1999,"SHARE31",,,
626,9/9/1999,"1999-00","1998-99","F",10,,,,11/8/1999,8/21/1999,9/9/1999,"SHARE31",,,
717,1/30/2000,"1999-00","1998-99","F",10,,,,3/30/2000,1/16/2000,1/30/2000,"SHARE31",,,
270,12/30/1999,"1999-00","1998-99","I",8,,,,2/28/2000,12/22/1999,12/30/1999,"SHARE31",,,
147,1/30/2000,"1999-00","1998-99","I",10,,,,3/30/2000,1/15/2000,1/30/2000,"SHARE31",,,
408,11/11/1999,"1999-00","1998-99","F",22.5,,,,1/10/2000,11/5/1999,11/11/1999,"SHARE31",,,
279,12/23/1999,"1999-00","1998-99","F",5,,,,2/21/2000,12/5/1999,12/23/1999,"SHARE31",,,
437,12/15/1999,"1999-00","1998-99","F",6,,,,2/13/2000,12/1/1999,12/15/1999,"SHARE31",,,
257,12/18/1998,"1998-99","1997-98","F",15,,,,2/16/1999,12/3/1998,12/17/1998,"SHARE31",,,
140,8/22/1999,"1999-00","1998-99","F",16,,,,10/21/1999,8/2/1999,8/22/1999,"SHARE31",,,
624,12/31/1999,"1999-00","1998-99","F",25,,,,2/29/2000,12/16/1999,12/30/1999,"SHARE31",,,
143,9/14/1999,"1999-00","1998-99","F",15,,,,11/13/1999,8/25/1999,9/14/1999,"SHARE31",,,
629,12/30/1999,"1999-00","1998-99","F",8,,,,2/28/2000,12/16/1999,12/30/1999,"SHARE31",,,
282,12/28/1999,"1999-00","1998-99","F",10,,,,2/26/2000,12/14/1999,12/28/1999,"SHARE31",,,
258,8/29/1999,"1999-00","1998-99","F",30,,,,10/28/1999,8/22/1999,8/29/1999,"SHARE31",,,
457,6/16/1999,"1998-99","1997-98","F",25,,,,8/15/1999,6/7/1999,6/16/1999,"SHARE41",,,
214,12/23/1999,"1999-00","1998-99","F",10,,,,2/21/2000,12/3/1999,12/23/1999,"SHARE31",,,
218,4/13/2000,"1999-00","1998-99","F",50,,,,6/12/2000,3/29/2000,4/13/2000,"SHARE31",,,
301,1/5/1998,"1997-98","1996-97","F",30,,,,3/6/1998,12/22/1997,1/5/1998,"SHARE31",,,
618,11/25/1999,"1999-00","1998","F",10,,,,1/24/2000,11/4/1999,11/25/1999,"SHARE26",,,
112,8/23/1999,"1999-00","1998-99","F",15,,,,10/22/1999,8/3/1999,8/23/1999,"SHARE31",,,
252,3/29/2000,"1999-00","1998-99","F",42.5,,,,5/28/2000,3/22/2000,3/29/2000,"SHARE31",,,
465,3/23/2000,"1999-00","1998-99","F",15,,,,5/22/2000,3/17/2000,3/23/2000,"SHARE31",,,
644,4/1/2000,"1999-00","1998-99","F",5,,,,5/31/2000,3/22/2000,4/1/2000,"SHARE31",,,
643,10/31/1999,"1999-00","1998-99","F",7,,,,12/30/1999,10/10/1999,10/31/1999,"SHARE31",,,
433,11/25/1999,"1999-00","1998","F",5,,,,1/24/2000,11/4/1999,11/25/1999,"SHARE26",,,
271,12/7/1999,"1999-00","1998-99","F",5,,,,2/5/2000,11/17/1999,12/7/1999,"SHARE31",,,
431,11/27/1999,"1999-00","1998","F",5,,,,1/26/2000,11/4/1999,11/27/1999,"SHARE26",,,
472,12/7/1999,"1999-00","1998-99","F",10,,,,2/5/2000,11/17/1999,12/7/1999,"SHARE31",,,
415,12/2/1999,"1999-00","1998-99","F",7.5,,,,1/31/2000,11/18/1999,12/2/1999,"SHARE31",,,
421,12/5/1999,"1999-00","1998","F",5,,,,2/3/2000,11/15/1999,12/5/1999,"SHARE26",,,
452,12/9/1999,"1999-00","1998","F",15,,,,2/7/2000,11/18/1999,12/9/1999,"SHARE26",,,
220,9/16/1999,"1999-00","1998-99","F",20,,,,11/15/1999,9/3/1999,9/16/1999,"SHARE31",,,
469,12/5/1999,"1999-00","1998-99","F",10,,,,2/3/2000,11/15/1999,12/5/1999,"SHARE31",,,
152,7/30/1998,"1998-99","1997-98","F",70,,,,9/28/1998,7/15/1998,7/30/1998,"SHARE31",,,
209,5/27/2000,"1999-00","1998-99","F",20,,,,7/26/2000,5/14/2000,5/27/2000,"SHARE31",,,
115,6/21/2000,"1999-00","1998","F",25,,,,8/20/2000,6/8/2000,6/21/2000,"SHARE26",,,
445,4/28/2000,"1999-00","1998-99","F",7.5,,,,6/27/2000,4/8/2000,4/28/2000,"SHARE31",,,
277,4/20/2000,"1999-00","1998-99","F",11,,,,6/19/2000,4/10/2000,4/20/2000,"SHARE31",,,
475,12/9/1999,"1999-00","1998-99","F",15,,,,2/7/2000,11/25/1999,12/9/1999,"SHARE31",,,
146,6/22/2000,"1999-00","1998-99","F",30,,,,8/21/2000,6/8/2000,6/22/2000,"SHARE31",,,
139,6/28/2000,"1999-00","1999","F",22,,,,8/27/2000,6/8/2000,6/28/2000,"SHARE26",,,
137,5/18/2000,"1999-00","1998","F",27,,,,7/17/2000,4/21/2000,5/18/2000,"SHARE26",,,
138,12/29/1999,"1999-00","1998-99","F",15,,,,2/27/2000,9/15/1999,10/14/1999,"SHARE31",,,
302,3/23/2000,"1999-00","1998-99","F",50,,,,5/22/2000,3/1/2000,3/23/2000,"SHARE31",,,
603,11/25/1999,"1999-00","1999","I",60,,,,1/24/2000,11/19/1999,11/25/1999,"SHARE26",,,
276,12/26/1999,"1999-00","1998-99","F",12,,,,2/24/2000,12/8/1999,12/26/1999,"SHARE31",,,
621,5/14/1998,"1997-98","1996-97","F",25,,,,7/13/1998,4/14/1998,5/14/1998,"SHARE31",,,
447,6/12/2000,"1999-00","1998-99","F",8,,,,8/11/2000,5/30/2000,6/12/2000,"SHARE31",,,
457,7/5/2000,"2000-01","1999-00","F",25,,,,9/3/2000,6/28/2000,7/5/2000,"SHARE31",,,
113,3/14/2000,"1999-00","1998-99","F",30,,,,5/13/2000,9/9/1999,9/22/1999,"SHARE31",,,
435,3/11/2000,"1999-00","1996-97","F",5,,,,5/10/2000,3/5/2000,3/11/2000,"SHARE31",,,
133,5/22/2000,"1999-00","1998-99","F",22,,,,7/21/2000,5/8/2000,5/22/2000,"SHARE31",,,
135,5/21/2000,"1999-00","1998-99","F",27.5,,,,7/20/2000,5/14/2000,5/21/2000,"SHARE31",,,
622,12/28/1997,"1997-98","1996-97","F",16,,,,2/26/1998,12/1/1997,12/28/1997,"SHARE41",,,
622,12/27/1998,"1998-99","1997-98","F",16,,,,2/25/1999,11/28/1998,12/27/1998,"SHARE41",,,
610,4/14/2000,"1999-00","1998-99","F",15,,,,6/13/2000,3/25/2000,4/14/2000,"SHARE31",,,
452,11/30/1997,"1997-98","1996","F",30,,,,1/29/1998,11/10/1997,11/30/1997,"SHARE26",,,
217,4/27/2000,"1999-00","1998-99","F",35,,,,6/26/2000,4/13/2000,4/27/2000,"SHARE31",,,
132,6/29/2000,"1999-00","1998-99","F",35,,,,8/28/2000,6/15/2000,6/29/2000,"SHARE27",,,
719,6/20/2000,"1999-00","1998-99","F",15,,,,8/19/2000,5/31/2000,6/20/2000,"SHARE27",,,
606,8/23/1999,"1999-00","1998","F",38,,,,10/22/1999,8/8/1999,8/23/1999,"SHARE26",,,
259,6/19/2000,"1999-00","1999","F",40,,,,8/18/2000,5/22/2000,6/19/2000,"SHARE26",,,
454,5/7/2000,"1999-00","1999","F",32.5,,,,7/6/2000,4/23/2000,5/7/2000,"SHARE26",,,
625,6/27/2000,"1999-00","1999","F",11,,,,8/26/2000,6/21/2000,6/27/2000,"SHARE26",,,
615,12/23/1999,"1999-00","1998-99","F",5,,,,2/21/2000,12/16/1999,12/23/1999,"SHARE26",,,
152,8/23/2000,"2000-01","1999-00","F",125,,,,10/22/2000,8/13/2000,8/23/2000,"SHARE26",,,
153,8/23/2000,"2000-01","1999-00","F",35,,,,10/22/2000,8/13/2000,8/23/2000,"SHARE26",,,
154,8/23/2000,"2000-01","1999-00","F",40,,,,10/22/2000,8/13/2000,8/23/2000,"SHARE26",,,
455,6/22/2000,"1999-00","1998-99","F",30,,,,8/21/2000,6/6/2000,6/22/2000,"SHARE26",,,
155,8/23/2000,"2000-01","1999-00","F",36,,,,10/22/2000,8/13/2000,8/23/2000,"SHARE08",,,
156,8/23/2000,"2000-01","1999-00","F",21,,,,10/22/2000,8/13/2000,8/23/2000,"SHARE26",,,
157,8/23/2000,"2000-01","1999-00","F",16,,,,10/22/2000,8/13/2000,8/23/2000,"SHARE26",,,
158,8/23/2000,"2000-01","1999-00","F",13.5,,,,10/22/2000,8/13/2000,8/23/2000,"SHARE26",,,
159,8/23/2000,"2000-01","1999-00","F",12.5,,,,10/22/2000,8/13/2000,8/23/2000,"SHARE26",,,
211,6/12/2000,"1999-00","1998-99","F",10,,,,8/11/2000,6/5/2000,6/12/2000,"SHARE26",,"13th AGM",
209,5/21/1996,"1995-96","1994-95","F",81,,,,7/20/1996,5/8/1996,5/21/1996,"SHARE26",,,
209,4/16/1997,"1996-97","1995-96","F",75,,,,6/15/1997,4/2/1997,4/16/1997,"SHARE26",,,
209,5/21/1998,"1997-98","1996-97","F",60,,,,7/20/1998,5/8/1998,5/21/1998,"SHARE26",,,
209,9/22/1998,"1998-99","1997-98","I",30,,,,11/21/1998,9/16/1998,9/22/1998,"SHARE26",,,
209,11/23/1998,"1998-99","1997-98","I",40,,,,1/22/1999,11/12/1998,11/23/1998,"SHARE26",,,
209,5/29/1999,"1998-99","1997-98","F",30,,,,7/28/1999,5/16/1999,5/29/1999,"SHARE26",,,
452,6/28/2000,"1999-00","1999","F",20,,,,8/27/2000,6/1/2000,6/28/2000,"SHARE26",,,
259,6/19/2000,"1999-00","2000","I",30,,,,8/18/2000,5/22/2000,6/19/2000,"SHARE26",,"1st Interim",
469,6/17/2000,"1999-00","1998-99","F",15,,,,8/16/2000,5/23/2000,6/17/2000,"SHARE26",,,
419,6/19/2000,"1999-00","1998-99","F",15,,,,8/18/2000,5/25/2000,6/19/2000,"SHARE26",,,
431,6/19/2000,"1999-00","1999","F",10,,,,8/18/2000,5/25/2000,6/19/2000,"SHARE26",,,
104,10/14/2000,"2000-01","1999-00","R",,1,1,,10/23/2000,10/15/2000,10/17/2000,"SHARE26",,,
225,7/6/2000,"2000-01","1999-00","F",15,,,,9/4/2000,6/9/2000,7/6/2000,"SHARE27",,,
209,8/21/2000,"2000-01","1999-00","I",22,,,,10/20/2000,8/13/2000,8/21/2000,"SHARE27",,,
288,8/17/2000,"2000-01","1999-00","F",10,,,,10/16/2000,7/30/2000,8/17/2000,"SHARE27",,,
258,8/9/2000,"2000-01","1999-00","F",27.5,,,,10/8/2000,8/1/2000,8/9/2000,"SHARE27",,,
443,7/30/2000,"2000-01","1999-00","F",10,,,,9/28/2000,7/8/2000,7/30/2000,"SHARE27",,,
220,9/28/2000,"2000-01","1999-00","R",,1,1,50,11/27/2000,9/8/2000,9/28/2000,"MERCHAN4",,,
144,7/22/2000,"2000-01","1999-00","F",25,,,,9/20/2000,7/6/2000,7/22/2000,"SHARE27",,,
207,9/25/2000,"2000-01","1999-00","F",10,,,,11/24/2000,9/9/2000,9/25/2000,"SHARE27",,,
603,11/30/2000,"2000-01","2000","I",60,,,,1/29/2001,11/22/2000,11/30/2000,"SHARE26",,"1st Interim",
262,5/7/2000,"1999-00","1998-99","F",17.5,,,,7/6/2000,4/20/2000,5/7/2000,"SHARE27",,,
606,7/30/2000,"2000-01","1999","F",40,,,,9/28/2000,7/13/2000,7/30/2000,"SHARE26",,,
454,5/20/1999,"1998-99","1998","F",30,,,,7/19/1999,5/6/1999,5/20/1999,"SHARE26",,,
625,9/29/1997,"1997-98","1996","F",10,,,,11/28/1997,9/18/1997,9/29/1997,"SHARE26",,,
626,9/23/1998,"1998-99","1997-98","F",10,,,,11/22/1998,9/16/1998,9/23/1998,"SHARE26",,,
625,9/23/1998,"1998-99","1997","F",10,,,,11/22/1998,9/16/1998,9/23/1998,"SHARE26",,,
136,7/12/2000,"2000-01","1999-00","F",15,,,,9/10/2000,6/22/2000,7/12/2000,"SHARE26",,,
134,7/30/2000,"2000-01","1999-00","F",22,,,,9/28/2000,7/11/2000,7/30/2000,"SHARE27",,,
603,6/22/2000,"1999-00","1999","F",60,,,,8/21/2000,6/8/2000,6/22/2000,"SHARE26",,,
148,7/20/2000,"2000-01","1999-00","F",36,,,,9/18/2000,6/30/2000,7/20/2000,"SHARE26",,,
271,6/25/2000,"1999-00","1998-99","F",5,,,,8/24/2000,5/31/2000,6/25/2000,"SHARE26",,,
433,6/17/2000,"1999-00","1999","F",10,,,,8/16/2000,5/23/2000,6/17/2000,"SHARE26",,,
472,6/25/2000,"1999-00","1998-99","F",12.5,,,,8/24/2000,5/31/2000,6/25/2000,"SHARE26",,,
421,6/22/2000,"1999-00","1999","F",10,,,,8/21/2000,5/30/2000,6/22/2000,"SHARE26",,,
618,6/22/2000,"1999-00","1999","F",15,,,,8/21/2000,5/30/2000,6/22/2000,"SHARE26",,,
223,3/30/2000,"1999-00","1998-99","F",10,,,,5/29/2000,3/23/2000,3/30/2000,"SHARE26",,,
275,6/25/2000,"1999-00","1998-99","F",5,,,,8/24/2000,6/1/2000,6/25/2000,"SHARE27",,,
603,12/21/2000,"2000-01","2000","I",50,,,,2/19/2001,12/14/2000,12/21/2000,"SHARE26",,"2nd Interim",
477,9/21/2000,"2000-01","1999-00","F",65,,,,11/20/2000,8/25/2000,9/21/2000,"SHARE27",,,
140,8/20/2000,"2000-01","1999-00","F",15,,,,10/19/2000,7/31/2000,8/20/2000,"SHARE26",,,
718,8/12/2000,"2000-01","1999","F",30,,,,10/11/2000,7/29/2000,8/12/2000,"SHARE26",,"14th AGM",
203,9/25/2000,"2000-01","1999-00","F",15,,,,11/24/2000,9/3/2000,9/25/2000,"SHARE26",,,
142,8/17/2000,"2000-01","1999-00","F",15,,,,10/16/2000,7/27/2000,8/17/2000,"SHARE26",,,
468,8/14/2000,"2000-01","1999-00","F",12.5,,,,10/13/2000,8/4/2000,8/14/2000,"SHARE26",,,
151,11/2/2000,"2000-01","1999-00","F",5,,,,1/1/2001,10/23/2000,11/2/2000,"SHARE26",,,
181,11/9/2000,"2000-01","1999-00","F",6,,,,1/8/2001,10/26/2000,11/9/2000,"SHARE26",,,
141,8/16/2000,"2000-01","1999-00","F",15,,,,10/15/2000,8/1/2000,8/16/2000,"SHARE26",,,
602,9/28/2000,"2000-01","1999-00","F",26,,,,11/27/2000,9/10/2000,9/28/2000,"SHARE26",,,
641,9/28/2000,"2000-01","1999-00","I",7,,,,11/27/2000,9/10/2000,9/28/2000,"SHARE26",,,
131,7/25/2000,"2000-01","1999-00","F",15,,,,9/23/2000,6/26/2000,7/25/2000,"SHARE26",,,
607,11/20/2000,"2000-01","1999-00","F",20,,,,1/19/2001,11/2/2000,11/20/2000,"SHARE26",,,
114,9/17/2000,"2000-01","1999-00","F",15,,,,11/16/2000,9/4/2000,9/17/2000,"SHARE26",,,
206,11/21/2000,"2000-01","1999-00","F",50,,,,1/20/2001,11/9/2000,11/21/2000,"SHARE26",,,
474,10/15/2019,"2019-20","2018-19","B",,100,22,,12/14/2019,9/22/2019,9/22/2019,"MERCHAN1",,,
426,9/25/2000,"2000-01","1999-00","F",25,,,,11/24/2000,9/7/2000,9/25/2000,"SHARE26",,"FOR THE YEAR 1997- 7%, 1998- 8%, 1999- 10%",
209,11/23/2000,"2000-01","1999-00","I",28,,,,1/22/2001,11/16/2000,11/23/2000,"SHARE27",,,
451,9/30/2000,"2000-01","1999-00","F",25,,,,11/29/2000,9/14/2000,9/30/2000,"SHARE26",,,
441,12/21/2000,"2000-01","1999-00","F",10,,,,2/19/2001,11/25/2000,12/21/2000,"SHARE26",,,
428,9/28/2000,"2000-01","1999-00","F",5,,,,11/27/2000,9/11/2000,9/28/2000,"SHARE26",,,
279,12/23/2004,"2004-05","2003-04","F",2,,,,2/21/2005,12/9/2004,12/23/2004,"SHARE35",,,
261,12/9/2004,"2004-05","2003-04","F",25,,,,2/7/2005,12/2/2004,12/9/2004,"SHARE35",,,
287,12/30/2004,"2004-05","2003-04","F",10,,,,2/28/2005,12/24/2004,12/30/2004,"SHARE35",,,
355,12/30/2004,"2004-05","2003-04","F",15,,,,2/28/2005,12/10/2004,12/30/2004,"SHARE35",,,
482,12/24/2004,"2004-05","2003-04","F",14,,,,2/22/2005,12/4/2004,12/24/2004,"SHARE35",,,
480,12/24/2004,"2004-05","2003-04","F",16,,,,2/22/2005,12/2/2004,12/24/2004,"SHARE35",,,
475,12/26/2004,"2004-05","2003-04","F",17.5,,,,2/24/2005,12/18/2004,12/26/2004,"SHARE35",,,
448,12/29/2004,"2004-05","2003-04","F",12,,,,2/27/2005,12/8/2004,12/29/2004,"SHARE35",,,
423,12/30/2004,"2004-05","2003-04","F",5,,,,2/28/2005,12/7/2004,12/30/2004,"SHARE35",,,
615,12/23/2004,"2004-05","2003-04","F",4,,,,2/21/2005,12/10/2004,12/23/2004,"SHARE35",,,
607,12/22/2004,"2004-05","2003-04","F",15,,,,2/20/2005,12/8/2004,12/22/2004,"SHARE35",,,
206,12/23/2004,"2004-05","2003-04","F",30,,,,2/21/2005,12/9/2004,12/23/2004,"SHARE35",,,
217,12/23/2004,"2004-05","2003-04","F",30,,,,2/21/2005,12/9/2004,12/23/2004,"SHARE35",,,
638,12/23/2004,"2004-05","2003-04","F",5,,,,2/21/2005,12/1/2004,12/23/2004,"SHARE35",,,
202,12/30/2004,"2004-05","2003-04","F",10,,,,2/28/2005,12/20/2004,12/30/2004,"SHARE35",,,
478,12/30/2004,"2004-05","2003-04","F",3,,,,2/28/2005,12/21/2004,12/30/2004,"SHARE35",,,
462,12/29/2004,"2004-05","2003-04","F",5,,,,2/27/2005,12/22/2004,12/29/2004,"SHARE01",,,
436,12/27/2004,"2004-05","2003-04","F",5,,,,2/25/2005,12/2/2004,12/27/2004,"SHARE35",,,
410,1/6/2005,"2004-05","2003-04","F",8,,,,3/7/2005,12/23/2004,1/6/2005,"SHARE35",,,
215,12/26/2004,"2004-05","2003-04","F",5,,,,2/24/2005,12/12/2004,12/26/2004,"SHARE35",,,
413,12/23/2004,"2004-05","2003-04","F",7,,,,2/21/2005,11/29/2004,12/23/2004,"SHARE35",,,
634,12/23/2004,"2004-05","2003-04","F",10,,,,2/21/2005,12/9/2004,12/23/2004,"SHARE35",,,
417,12/30/2004,"2004-05","2003-04","F",5,,,,2/28/2005,12/7/2004,12/30/2004,"SHARE35",,,
418,12/23/2004,"2004-05","2003-04","F",5,,,,2/21/2005,12/14/2004,12/23/2004,"SHARE35",,,
610,12/13/2004,"2004-05","2003-04","F",35,,,,2/11/2005,12/7/2004,12/13/2004,"SHARE35",,,
264,12/29/2004,"2004-05","2003-04","F",5,,,,2/27/2005,12/14/2004,12/29/2004,"SHARE35",,,
214,12/23/2004,"2004-05","2003-04","F",10,,,,2/21/2005,11/25/2004,12/23/2004,"SHARE35",,,
483,7/11/2004,"2004-05","2003-04","I",10,,,,9/9/2004,7/11/2004,7/11/2004,"SHARE27",,"..",
294,1/15/2005,"2004-05","2003-04","F",15,,,,3/16/2005,1/1/2005,1/15/2005,"SHARE27",,,
603,12/19/2004,"2004-05","2003-04","I",105,,,,2/17/2005,12/19/2004,12/19/2004,"SHARE27",,,
123,6/14/2004,"2003-04","2002-03","C",302.75,100,25,,8/13/2004,5/15/2004,6/14/2004,"SHARE01",,"..",
718,6/10/2004,"2003-04","2002-03","C",779.33,100,27,,8/9/2004,5/27/2004,6/10/2004,"SHARE01",,"..",
113,5/16/2004,"2003-04","2002-03","C",439.37,7,3,,7/15/2004,4/27/2004,5/16/2004,"SHARE01",,"..",
112,5/19/2004,"2003-04","2002-03","C",2008.82,100,16,,7/18/2004,4/6/2004,4/17/2004,"INVEST",,".",
419,6/30/2004,"2003-04","2002-03","C",23.17,100,10,,8/29/2004,6/7/2004,6/30/2004,"SHARE01",,".",
118,2/24/2005,"2004-05","2003-04","F",22.5,,,,4/25/2005,2/24/2005,2/24/2005,"SHARE08",,,
302,3/3/2005,"2004-05","2003-04","F",50,,,,5/2/2005,2/17/2005,3/3/2005,"SHARE08",,,
443,3/20/2005,"2004-05","2003-04","F",5,,,,5/19/2005,2/25/2005,3/20/2005,"SHARE08",,,
622,12/13/2004,"2004-05","2003-04","F",10,,,,2/11/2005,11/25/2004,11/25/2004,"SHARE01",,".",
105,9/19/2004,"2004-05","2003-04","B",,100,20,,11/18/2004,8/22/2004,9/19/2004,"SHARE01",,,
223,3/30/2005,"2004-05","2003-04","F",6,,,,5/29/2005,3/16/2005,3/30/2005,"SHARE27",,,
115,4/11/2005,"2004-05","2003-04","F",10,,,,6/10/2005,3/17/2005,3/17/2005,"SHARE27",,,
303,3/10/2005,"2004-05","2003-04","F",25,,,,5/9/2005,3/3/2005,3/10/2005,"SHARE27",,,
464,3/11/2005,"2004-05","2003-04","F",17,,,,5/10/2005,3/1/2005,3/11/2005,"SHARE27",,,
459,4/5/2005,"2004-05","2003-04","F",35,,,,6/4/2005,3/1/2005,3/1/2005,"SHARE27",,,
553,3/17/2005,"2004-05","2003-04","F",10,,,,5/16/2005,3/3/2005,3/17/2005,"SHARE27",,,
449,4/7/2005,"2004-05","2003-04","F",30,,,,6/6/2005,3/17/2005,3/17/2005,"SHARE27",,,
137,4/18/2005,"2004-05","2003-04","F",60,,,,6/17/2005,3/16/2005,3/16/2005,"SHARE27",,,
357,2/28/2005,"2004-05","2003-04","F",5,,,,4/29/2005,2/19/2005,2/28/2005,"SHARE27",,,
141,9/11/2004,"2004-05","2003","B",,5,1,,11/10/2004,8/29/2004,9/11/2004,"SHARE27",,,
104,10/27/2004,"2004-05","2003-04","B",,5,1,,12/26/2004,8/19/2004,10/27/2004,"SHARE27",,,
132,10/7/2004,"2004-05","2003-04","R",,100,50,200,12/6/2004,9/25/2004,9/25/2004,"INVEST",,"premium 200 tk",
561,12/30/2004,"2004-05","2003-04","F",2,,,,2/28/2005,12/23/2004,12/23/2004,"SHARE01",,".",
149,10/10/2004,"2004-05","2004","B",,10,1,,12/9/2004,9/23/2004,10/10/2004,"SHARE27",,,
121,3/31/2005,"2004-05","2003-04","B",,100,17,,5/30/2005,3/16/2005,3/16/2005,"SHARE01",,,
149,12/2/2004,"2004-05","2003-04","R",,100,100,,1/31/2005,11/6/2004,11/10/2004,"SHARE01",,".",
419,6/30/2004,"2003-04","2002-03","B",,100,5,,8/29/2004,6/7/2004,6/30/2004,"SHARE01",,,
106,4/17/2005,"2004-05","2003-04","B",,100,100,,6/16/2005,3/31/2005,3/31/2005,"SHARE01",,,
115,4/11/2005,"2004-05","2003-04","B",,100,35,,6/10/2005,3/17/2005,3/17/2005,"SHARE01",,,
115,4/11/2005,"2004-05","2003-04","R",,100,50,,6/10/2005,3/17/2005,3/17/2005,"SHARE01",,".",
449,4/7/2005,"2004-05","2003-04","B",,100,10,,6/6/2005,3/17/2005,3/17/2005,"SHARE01",,,
115,4/11/2005,"2004-05","2003-04","C",430.5,100,35,,6/10/2005,3/17/2005,3/17/2005,"SHARE01",,"bonus cash",
217,12/23/2004,"2004-05","2003-04","B",,100,40,,2/21/2005,12/9/2004,12/23/2004,"INVEST",,,
105,9/19/2004,"2004-05","2003-04","C",483.5,100,20,,11/18/2004,8/22/2004,9/19/2004,"SHARE27",,"..",
140,5/18/2005,"2004-05","2003-04","F",20,,,,7/17/2005,4/28/2005,5/18/2005,"SHARE27",,,
135,5/17/2005,"2004-05","2003-04","F",35,,,,7/16/2005,4/26/2005,4/26/2005,"MERCHAN1",,,
131,4/30/2005,"2004-05","2004","B",,100,20,,6/29/2005,4/13/2005,4/13/2005,"SHARE01",,,
262,5/10/2005,"2004-05","2003-04","F",18,,,,7/9/2005,4/26/2005,5/10/2005,"SHARE27",,,
133,5/15/2005,"2004-05","2003-04","F",25,,,,7/14/2005,4/21/2005,5/15/2005,"SHARE27",,,
719,5/18/2005,"2004-05","2003-04","F",15,,,,7/17/2005,4/30/2005,5/18/2005,"SHARE27",,,
113,3/30/2005,"2004-05","2003-04","B",,100,40,,5/29/2005,3/15/2005,3/15/2005,"INVEST",,,
121,3/16/2005,"2004-05","2004","B",,100,17,,5/15/2005,3/16/2005,3/16/2005,"SHARE27",,,
149,10/10/2004,"2004-05","2003-04","R",,1,1,,12/9/2004,9/23/2004,10/10/2004,"SHARE27",,,
553,3/17/2005,"2004-05","2003-04","B",,100,10,,5/16/2005,3/3/2005,3/10/2005,"SHARE17",,,
105,9/17/2004,"2004-05","2003-04","C",904.36,5,1,,11/16/2004,8/19/2004,9/17/2004,"SHARE27",,,
104,9/17/2004,"2004-05","2003-04","C",4521.84,5,1,,11/16/2004,8/19/2004,9/17/2004,"SHARE27",,,
101,11/10/2004,"2004-05","2003","B",,100,5,,1/9/2005,8/22/2004,9/11/2004,"SHARE27",,,
121,3/31/2005,"2004-05","2003-04","C",291.59,100,17,,5/30/2005,3/16/2005,3/16/2005,"SHARE27",,,
469,6/2/2005,"2004-05","2003-04","C",390,100,15,,8/1/2005,5/17/2005,5/17/2005,"SHARE01",,,
137,4/18/2005,"2004-05","2003-04","B",,1,1,,6/17/2005,3/16/2005,3/16/2005,"MERCHAN1",,,
455,6/22/2005,"2004-05","2003-04","F",42.5,,,,8/21/2005,5/30/2005,5/30/2005,"SHARE27",,"..",
203,6/14/2005,"2004-05","2003-04","F",25,,,,8/13/2005,5/26/2005,5/26/2005,"SHARE27",,"..",
555,6/4/2005,"2004-05","2003-04","F",5,,,,8/3/2005,5/18/2005,5/18/2005,"SHARE27",,,
603,6/30/2005,"2004-05","2003-04","F",20,,,,8/29/2005,5/26/2005,5/26/2005,"SHARE27",,,
469,6/2/2005,"2004-05","2003-04","F",5,,,,8/1/2005,5/17/2005,5/17/2005,"SHARE27",,,
452,6/2/2005,"2004-05","2003-04","F",5,,,,8/1/2005,5/17/2005,5/17/2005,"SHARE27",,,
465,6/10/2005,"2004-05","2003-04","F",21,,,,8/9/2005,5/18/2005,6/10/2005,"SHARE27",,,
224,5/25/2005,"2004-05","2004","F",5,,,,7/24/2005,5/11/2005,5/11/2005,"SHARE27",,,
419,6/8/2005,"2004-05","2004","F",5,,,,8/7/2005,5/19/2005,6/8/2005,"SHARE27",,,
721,6/29/2005,"2004-05","2004","F",13,,,,8/28/2005,5/29/2005,5/29/2005,"SHARE27",,,
629,12/15/2009,"2009-10","2008-09","F",5,,,,2/13/2010,11/22/2009,12/15/2009,"SHARE01",,".",
151,11/21/2009,"2009-10","2008-09","F",5,,,,1/20/2010,11/4/2009,11/4/2009,"SHARE01",,".",
401,12/24/2009,"2009-10","2008-09","B",,10,1,,2/22/2010,12/2/2009,12/2/2009,"INVEST",,,
217,12/26/2009,"2009-10","2008-09","B",,100,10,,2/24/2010,11/22/2009,11/22/2009,"SHARE01",,,
217,12/26/2009,"2009-10","2008-09","C",123,100,10,,2/24/2010,11/22/2009,11/22/2009,"SHARE01",,".",
436,12/26/2009,"2009-10","2008-09","F",10,,,,2/24/2010,11/19/2009,12/26/2009,"SHARE14",,".",
427,6/27/2009,"2008-09","2007-08","R",,1,1,,8/26/2009,1/17/2010,1/17/2010,"INVEST",,"test",
123,3/28/2010,"2009-10","2008-09","R",,3,2,0,5/27/2010,2/28/2010,2/28/2010,"SHARE01",,,
621,7/6/2000,"2000-01","1999-00","F",10,,,,9/4/2000,6/15/2000,7/6/2000,"SHARE27",,,
271,6/20/2001,"2000-01","1999-00","F",5,,,,8/19/2001,5/24/2001,6/20/2001,"SHARE26",,,
433,6/10/2001,"2000-01","2000","F",10,,,,8/9/2001,5/17/2001,6/10/2001,"SHARE26",,,
421,6/17/2001,"2000-01","2000","F",10,,,,8/16/2001,5/23/2001,6/17/2001,"SHARE26",,,
431,6/14/2001,"2000-01","2000","F",10,,,,8/13/2001,5/21/2001,6/14/2001,"SHARE26",,,
419,6/14/2001,"2000-01","1999-00","F",15,,,,8/13/2001,5/21/2001,6/14/2001,"SHARE26",,,
472,6/20/2001,"2000-01","1999-00","F",12.5,,,,8/19/2001,5/24/2001,6/20/2001,"SHARE26",,,
469,6/10/2001,"2000-01","1999-00","F",15,,,,8/9/2001,5/17/2001,6/10/2001,"SHARE26",,,
618,6/17/2001,"2000-01","2000","F",15,,,,8/16/2001,5/23/2001,6/17/2001,"SHARE26",,,
452,6/24/2001,"2000-01","2000","F",20,,,,8/23/2001,5/25/2001,6/24/2001,"SHARE26",,,
640,12/10/2000,"2000-1","1999-00","B",,5,1,,2/8/2001,11/17/2000,12/10/2000,"SHARE02",,,
201,5/31/2001,"2000-01","1999-00","F",10,,,,7/30/2001,5/17/2001,5/31/2001,"SHARE26",,,
262,5/19/2001,"2000-01","1999-00","F",15,,,,7/18/2001,5/6/2001,5/19/2001,"SHARE26",,,
424,3/10/2001,"2000-01","1999-00","F",10,,,,5/9/2001,2/25/2001,3/10/2001,"SHARE27",,,
615,12/18/2000,"2000-01","1999-00","F",5,,,,2/16/2001,12/4/2000,12/18/2000,"SHARE26",,,
218,7/14/2001,"2001-02","2000-01","I",30,,,,9/12/2001,7/7/2001,7/14/2001,"SHARE26",,,
621,4/26/2001,"2000-01","1999-00","F",12,,,,6/25/2001,4/10/2001,4/26/2001,"SHARE27",,,
464,6/7/2001,"2000-01","1999-00","F",15,,,,8/6/2001,5/25/2001,6/7/2001,"SHARE27",,,
459,6/18/2001,"2000-01","2000","F",40,,,,8/17/2001,6/5/2001,6/18/2001,"SHARE26",,,
224,6/20/2001,"2000-01","1999-00","F",10,,,,8/19/2001,6/6/2001,6/20/2001,"SHARE27",,,
443,6/20/2001,"2000-01","1999-00","F",10,,,,8/19/2001,5/27/2001,6/20/2001,"SHARE27",,,
603,6/21/2001,"2000-01","2000","F",50,,,,8/20/2001,6/7/2001,6/21/2001,"SHARE26",,,
105,6/23/2001,"2000-01","1999-00","F",30,,,,8/22/2001,5/25/2001,6/23/2001,"SHARE27",,,
211,6/23/2001,"2000-01","1999-00","F",12,,,,8/22/2001,6/9/2001,6/23/2001,"SHARE26",,"14th AGM",
447,6/25/2001,"2000-01","1999-00","F",10,,,,8/24/2001,6/6/2001,6/25/2001,"SHARE27",,,
606,6/25/2001,"2000-01","2000","F",40,,,,8/24/2001,6/8/2001,6/25/2001,"SHARE26",,,
455,6/26/2001,"2000-01","1999-00","F",35,,,,8/25/2001,6/3/2001,6/26/2001,"SHARE27",,,
719,5/29/2001,"2000-01","1999-00","F",20,,,,8/28/2001,5/9/2001,5/29/2001,"SHARE26",,,
132,6/23/2001,"2000-01","1999-00","F",35,,,,8/22/2001,6/9/2001,6/23/2001,"SHARE26",,,
101,7/22/2001,"2001-02","2000","F",18,,,,9/20/2001,7/2/2001,7/22/2001,"SHARE26",,,
113,4/7/2001,"2000-01","1999-00","B",,4,1,,6/6/2001,3/23/2001,4/7/2001,"SHARE02",,,
504,11/15/2000,"2000-01","1999-00","F",10,,,,1/14/2001,11/2/2000,11/15/2000,"SHARE26",,,
114,8/8/2001,"2001-02","2000-01","F",30,,,,10/7/2001,7/19/2001,8/8/2001,"SHARE27",,,
201,8/16/2001,"2001-02","2000-01","R",,1,3,,11/23/2001,8/9/2001,8/16/2001,"SHARE13",,,
602,9/15/2001,"2001-02","2000-01","F",30,,,,11/14/2001,8/27/2001,9/15/2001,"SHARE27",,,
113,4/7/2001,"2000-01","1999-00","D",407.43,4,1,,6/6/2001,3/23/2001,4/7/2001,"SHARE26",,,
115,5/26/2001,"2000-01","2000","D",305.03,10,1,,7/25/2001,5/12/2001,5/26/2001,"SHARE26",,"Company delivery only market lot shares & bonus cash instead of odd lot shares",
641,9/15/2001,"2001-02","2000","F",8,,,,11/14/2001,8/27/2001,9/15/2001,"SHARE26",,,
258,7/29/2001,"2001-02","2000-01","F",30,,,,9/27/2001,7/21/2001,7/29/2001,"SHARE27",,,
131,8/28/2001,"2001-02","2000-01","F",16,,,,10/27/2001,7/30/2001,8/28/2001,"SHARE27",,,
203,9/12/2001,"2001-02","2000-01","F",15,,,,11/11/2001,8/29/2001,9/12/2001,"SHARE27",,,
141,9/20/2001,"2001-02","2000-01","F",15,,,,11/19/2001,9/6/2001,9/20/2001,"SHARE27",,,
148,7/15/2001,"2001-02","2000-01","F",40,,,,9/13/2001,6/29/2001,7/15/2001,"SHARE27",,,
140,8/4/2001,"2001-02","2000-01","F",15,,,,10/3/2001,7/15/2001,8/4/2001,"SHARE27",,,
104,8/2/2001,"2001-02","2000","F",25,,,,10/1/2001,7/20/2001,8/2/2001,"SHARE26",,,
138,9/15/2001,"2001-02","2000-01","F",10,,,,11/14/2001,8/17/2001,9/15/2001,"SHARE27",,,
509,8/30/2001,"2001-02","2000-01","F",10,,,,10/29/2001,8/12/2001,8/30/2001,"SHARE27",,,
134,8/1/2001,"2001-02","2000-01","F",25,,,,9/30/2001,7/13/2001,8/1/2001,"SHARE27",,,
139,8/16/2001,"2001-02","2000","F",22,,,,10/15/2001,7/26/2001,8/16/2001,"SHARE26",,,
720,8/30/2001,"2001-02","2000-01","F",12.5,,,,10/29/2001,8/11/2001,8/30/2001,"SHARE27",,,
147,9/29/2001,"2001-02","2000-01","F",12,,,,11/28/2001,9/16/2001,9/16/2001,"SHARE27",,,
457,7/26/2001,"2001-02","2000-01","F",30,,,,9/24/2001,7/16/2001,7/26/2001,"SHARE27",,,
225,8/2/2001,"2001-02","2000-01","F",16,,,,10/1/2001,7/6/2001,8/2/2001,"SHARE27",,,
143,8/24/2001,"2001-02","2000-01","F",12,,,,10/23/2001,8/14/2001,8/24/2001,"SHARE27",,,
477,9/13/2001,"2001-02","2000-01","F",70,,,,11/12/2001,8/24/2001,9/13/2001,"SHARE26",,"25% Spicy Shares,Total Div. 95%",
468,8/22/2001,"2001-02","2000-01","F",13,,,,10/21/2001,8/10/2001,8/22/2001,"SHARE27",,,
136,7/4/2001,"2001-02","2000-01","F",15,,,,9/2/2001,6/14/2001,7/4/2001,"SHARE27",,,
207,8/14/2001,"2001-02","2000-01","F",35,,,,10/13/2001,7/31/2001,8/14/2001,"SHARE27",,,
144,7/21/2001,"2001-02","2000-01","F",30,,,,9/19/2001,7/8/2001,7/21/2001,"SHARE26",,,
451,9/30/2001,"2001-02","2000-01","F",30,,,,11/29/2001,9/14/2001,9/30/2001,"SHARE27",,,
428,9/20/2001,"2001-02","2000-01","F",5,,,,11/19/2001,8/31/2001,9/20/2001,"SHARE27",,,
259,9/11/2001,"2001-02","2001","I",30,,,,11/10/2001,9/5/2001,9/11/2001,"SHARE26",,"2nd Interim",
626,9/13/2001,"2001-02","2000-01","F",7.5,,,,11/12/2001,8/21/2001,9/13/2001,"SHARE27",,,
721,9/24/2001,"2001-02","2000-01","F",7.5,,,,11/23/2001,9/16/2001,9/24/2001,"SHARE27",,,
147,10/20/2001,"2001-02","2000-01","F",12,,,,12/19/2001,10/7/2001,10/20/2001,"SHARE27",,,
717,10/20/2001,"2001-02","2000-01","F",12,,,,12/19/2001,10/7/2001,10/20/2001,"SHARE27",,,
430,9/27/2001,"2001-02","2000-01","F",7,,,,11/26/2001,9/13/2001,9/27/2001,"SHARE27",,,
220,9/27/2001,"2001-02","2000-01","F",20,,,,11/26/2001,9/7/2001,9/27/2001,"SHARE27",,,
426,9/29/2001,"2001-02","2000-01","F",10,,,,11/28/2001,9/13/2001,9/29/2001,"SHARE27",,,
152,8/23/2001,"2001-02","2000-01","F",170,,,,10/22/2001,8/14/2001,8/23/2001,"SHARE26",,,
153,8/23/2001,"2001-02","2000-01","F",40,,,,10/22/2001,8/14/2001,8/23/2001,"SHARE26",,,
154,8/23/2001,"2001-02","2000-01","F",45,,,,10/22/2001,8/14/2001,8/23/2001,"SHARE26",,,
155,8/23/2001,"2001-02","2000-01","F",38,,,,10/22/2001,8/14/2001,8/23/2001,"SHARE26",,,
156,8/23/2001,"2001-02","2000-01","F",23,,,,10/22/2001,8/14/2001,8/23/2001,"SHARE26",,,
157,8/23/2001,"2001-02","2000-01","F",17,,,,10/22/2001,8/14/2001,8/23/2001,"SHARE26",,,
158,8/23/2001,"2001-02","2000-01","F",14,,,,10/22/2001,8/14/2001,8/23/2001,"SHARE26",,,
159,8/23/2001,"2001-02","2000-01","F",13,,,,10/22/2001,8/14/2001,8/23/2001,"SHARE26",,,
116,5/28/2001,"2000-01","1999-00","F",10,,,,7/27/2001,5/15/2001,5/28/2001,"SHARE27",,,
438,12/21/2000,"2000-01","1999-00","F",5,,,,2/19/2001,12/6/2000,12/21/2000,"SHARE27",,,
161,11/1/2001,"2001-02","2000-01","F",10,,,,12/31/2001,10/14/2001,11/1/2001,"SHARE27",,,
145,11/10/2001,"2001-02","2000-01","F",12,,,,1/9/2002,10/26/2001,11/10/2001,"SHARE27",,,
408,11/3/2001,"2001-02","2000-01","F",25,,,,1/2/2002,10/14/2001,11/3/2001,"SHARE27",,,
721,9/24/2001,"2001-02","2000-01","I",7.5,,,,11/23/2001,9/16/2001,9/24/2001,"SHARE27",,,
510,8/30/2001,"2001-02","2000-01","F",10,,,,10/29/2001,8/12/2001,8/30/2001,"SHARE27",,,
201,8/16/2001,"2001-02","2000-01","F",10,,,,10/15/2001,8/9/2001,8/16/2001,"SHARE27",,,
278,12/24/2001,"2001-02","2000-01","F",25,,,,2/22/2002,11/26/2001,12/24/2001,"SHARE27",,,
442,12/12/2001,"2001-02","2000-01","F",12,,,,2/10/2002,11/21/2001,12/12/2001,"SHARE27",,,
257,12/24/2001,"2001-02","2000-01","F",12.5,,,,2/22/2002,11/25/2001,12/24/2001,"SHARE27",,,
111,11/5/2001,"2001-02","2000-01","F",30,,,,1/4/2002,10/27/2001,11/5/2001,"SHARE27",,,
622,12/12/2001,"2001-02","2000-01","F",10,,,,2/10/2002,11/13/2001,12/12/2001,"SHARE27",,,
103,12/5/2001,"2001-02","2000","F",20,,,,2/3/2002,11/25/2001,12/5/2001,"SHARE26",,"AGM HELD On 05-12-2001",
423,12/24/2001,"2001-02","2000-01","F",10,,,,2/22/2002,11/25/2001,12/24/2001,"SHARE27",,,
474,12/1/2001,"2001-02","2000-01","F",10,,,,1/30/2002,11/9/2001,12/1/2001,"SHARE27",,,
281,12/12/2001,"2001-02","2000-01","F",5,,,,2/10/2002,11/24/2001,12/12/2001,"SHARE27",,,
209,11/21/2001,"2001-02","2000-01","I",30,,,,1/20/2002,11/15/2001,11/21/2001,"SHARE27",,,
417,12/24/2001,"2001-02","2000-01","F",10,,,,2/22/2002,11/25/2001,12/24/2001,"SHARE27",,,
210,12/26/2001,"2001-02","2000-01","F",16,,,,2/24/2002,11/28/2001,12/26/2001,"SHARE27",,,
148,7/31/2002,"2002-03","2001-02","F",42.5,,,,9/29/2002,7/15/2002,7/31/2002,"SHARE27",,,
136,7/10/2002,"2002-03","2001-02","F",15,,,,9/8/2002,6/24/2002,7/10/2002,"SHARE27",,,
113,4/15/2002,"2001-02","2000-01","C",298.19,5,1,,6/14/2002,3/24/2002,4/15/2002,"SHARE26",,"Bonus Cash Posting By BacLog Entry",
134,8/1/2002,"2002-03","2001-02","F",26,,,,9/30/2002,7/12/2002,8/1/2002,"SHARE27",,,
721,7/25/2002,"2002-03","2001-02","F",5,,,,9/23/2002,7/10/2002,7/25/2002,"SHARE27",,,
720,7/28/2002,"2002-03","2001-02","F",14,,,,9/26/2002,7/9/2002,7/28/2002,"SHARE27",,,
225,7/25/2002,"2002-03","2001-02","F",16,,,,9/24/2002,6/30/2002,7/25/2002,"SHARE26",,,
609,7/31/2002,"2002-03","2001-02","F",15,,,,9/29/2002,7/25/2002,7/31/2002,"SHARE27",,,
137,7/30/2002,"2002-03","2001-02","I",30,,,,9/28/2002,7/21/2002,7/30/2002,"SHARE27",,,
152,8/24/2002,"2002-03","2001-02","F",175,,,,10/23/2002,8/15/2002,8/24/2002,"SHARE27",,,
153,8/24/2002,"2002-03","2001-02","F",42,,,,10/23/2002,8/15/2002,8/24/2002,"SHARE27",,,
154,8/24/2002,"2002-03","2001-02","F",50,,,,10/23/2002,8/15/2002,8/24/2002,"SHARE27",,,
155,8/24/2002,"2002-03","2001-02","F",40,,,,10/23/2002,8/15/2002,8/24/2002,"SHARE27",,,
156,8/24/2002,"2002-03","2001-02","F",24,,,,10/23/2002,8/15/2002,8/24/2002,"SHARE27",,,
157,8/24/2002,"2002-03","2001-02","F",17.5,,,,10/23/2002,8/15/2002,8/24/2002,"SHARE27",,,
158,8/24/2002,"2002-03","2001-02","F",14.5,,,,10/23/2002,8/15/2002,8/24/2002,"SHARE27",,,
159,8/24/2002,"2002-03","2001-02","F",13.5,,,,10/23/2002,8/15/2002,8/24/2002,"SHARE27",,,
551,8/15/2002,"2002-03","2001-02","F",35,,,,10/14/2002,8/1/2002,8/15/2002,"SHARE27",,,
220,8/21/2002,"2002-03","2001-02","F",10,,,,10/20/2002,8/1/2002,8/21/2002,"SHARE27",,,
142,9/17/2002,"2002-03","2001-02","F",15,,,,11/16/2002,8/27/2002,9/17/2002,"SHARE27",,,
626,8/22/2002,"2002-03","2001-02","F",5,,,,10/21/2002,8/1/2002,8/22/2002,"SHARE27",,,
143,8/18/2002,"2002-03","2001-02","F",12.5,,,,10/17/2002,8/4/2002,8/18/2002,"SHARE27",,,
115,5/22/2002,"2001-02","2001","D",260.18,4,1,,7/21/2002,5/1/2002,5/22/2002,"SHARE26",,"Bonus Certificate issued for only Market Lot & others Bonus Cash.",
408,10/31/2002,"2002-03","2001-02","F",40,,,,12/30/2002,10/4/2002,10/31/2002,"SHARE26",,,
610,7/30/2002,"2002-03","2001-02","I",30,,,,9/28/2002,7/21/2002,7/30/2002,"SHARE26",,,
451,9/30/2002,"2002-03","2001-02","F",21,,,,11/29/2002,9/14/2002,9/30/2002,"SHARE27",,,
420,9/28/2002,"2002-03","2001-02","F",15,,,,11/27/2002,9/5/2002,9/28/2002,"SHARE27",,,
601,9/26/2002,"2002-03","2001-02","F",15,,,,11/25/2002,9/1/2002,9/26/2002,"SHARE27",,,
428,9/28/2002,"2002-03","2001-02","F",5,,,,11/27/2002,9/5/2002,9/28/2002,"SHARE27",,,
641,9/15/2002,"2002-03","2001","F",12,,,,11/14/2002,9/1/2002,9/15/2002,"SHARE26",,,
602,9/15/2002,"2002-03","2001-02","F",32,,,,11/14/2002,9/1/2002,9/15/2002,"SHARE27",,,
226,9/30/2002,"2002-03","2001-02","F",5,,,,11/29/2002,9/15/2002,9/30/2002,"SHARE27",,,
288,9/29/2002,"2002-03","2001-02","F",10,,,,11/28/2002,9/8/2002,9/29/2002,"SHARE27",,,
429,9/29/2002,"2002-03","2001-02","F",3,,,,11/28/2002,9/10/2002,9/29/2002,"SHARE27",,,
111,10/16/2002,"2002-03","2001-02","F",30,,,,12/15/2002,9/29/2002,10/16/2002,"SHARE27",,,
435,9/8/2002,"2002-03","2001-02","F",5,,,,11/7/2002,9/7/2002,9/8/2002,"SHARE27",,,
276,9/29/2002,"2002-03","2001-02","I",5,,,,11/28/2002,9/23/2002,9/29/2002,"SHARE27",,,
462,9/12/2002,"2002-03","2001","F",5,,,,11/11/2002,9/4/2002,9/12/2002,"SHARE26",,,
147,9/29/2002,"2002-03","2001-02","F",12,,,,11/28/2002,9/15/2002,9/29/2002,"SHARE27",,,
717,9/29/2002,"2002-03","2001-02","F",12,,,,11/28/2002,9/15/2002,9/29/2002,"SHARE27",,,
209,9/17/2002,"2002-03","2002","I",30,,,,11/16/2002,9/10/2002,9/17/2002,"SHARE26",,"2nd Interim of FY-2002.",
430,9/26/2002,"2002-03","2001-02","F",7,,,,11/25/2002,9/14/2002,9/26/2002,"SHARE27",,,
477,9/21/2002,"2002-03","2001-02","F",75,,,,11/20/2002,9/1/2002,9/21/2002,"SHARE26",,"Stock Dividend 20% i.e.5:1B",
141,10/17/2002,"2002-03","2001-02","F",10,,,,12/16/2002,10/3/2002,10/17/2002,"SHARE26",,,
443,11/3/2002,"2002-03","2001-02","F",5,,,,1/2/2003,10/10/2002,11/3/2002,"SHARE26",,,
258,9/29/1998,"1998-99","1997-98","F",45,,,,11/28/1998,9/22/1998,9/29/1998,"SHARE26",,,
116,5/7/2002,"2001-02","2000-01","D",189.49,100,12,,7/6/2002,4/18/2002,5/7/2002,"SHARE26",,,
474,11/28/2002,"2002-03","2001-02","F",11,,,,1/27/2003,11/16/2002,11/28/2002,"SHARE26",,,
151,10/31/2002,"2002-03","2001-02","F",8,,,,12/30/2002,10/20/2002,10/31/2002,"SHARE26",,,
181,11/15/2002,"2002-03","2001-02","F",6,,,,1/14/2003,11/1/2002,11/15/2002,"SHARE26",,,
254,11/30/2002,"2002-03","2001-02","F",12,,,,1/29/2003,11/10/2002,11/30/2002,"SHARE26",,,
603,11/9/2002,"2002-03","2002","I",75,,,,1/8/2003,11/1/2002,11/9/2002,"SHARE26",,,
622,11/25/2002,"2002-03","2001-02","F",10,,,,1/24/2003,10/27/2002,11/25/2002,"SHARE26",,,
448,11/4/2002,"2002-03","2001-02","F",12.5,,,,1/3/2003,10/17/2002,11/4/2002,"SHARE26",,,
634,11/30/2002,"2002-03","2001-02","F",5,,,,1/29/2003,11/17/2002,11/30/2002,"SHARE26",,,
102,3/14/2002,"2001-02","2000-01","R",,2,1,,5/13/2002,3/1/2002,3/14/2002,"SHARE26",,"FY-2002",
650,12/31/2002,"2002-03","2001-02","F",12,,,,3/1/2003,12/23/2002,12/31/2002,"SHARE26",,,
477,9/21/2002,"2002-03","2001-02","B",,5,1,,11/20/2002,9/1/2002,9/21/2002,"SHARE26",,,
115,5/22/2002,"2001-02","2001","R",,2,1,,7/21/2002,5/1/2002,5/22/2002,"SHARE26",,,
114,8/5/2002,"2002-03","2001-02","R",,2,1,,10/4/2002,7/17/2002,8/5/2002,"INVEST",,,
209,12/17/2002,"2002-03","2002","I",25,,,,2/15/2003,12/10/2002,12/17/2002,"SHARE26",,"3RD INTERIM , FY-2002",
206,12/22/2002,"2002-03","2001-02","F",30,,,,2/20/2003,12/12/2002,12/22/2002,"SHARE26",,,
210,12/22/2002,"2002-03","2001-02","F",18,,,,2/20/2003,11/24/2002,12/22/2002,"SHARE26",,,
278,12/24/2002,"2002-03","2001-02","F",25,,,,2/22/2003,11/28/2002,12/24/2002,"SHARE26",,,
401,12/28/2002,"2002-03","2001-02","F",5,,,,2/26/2003,12/22/2002,12/28/2002,"SHARE26",,,
441,12/24/2002,"2002-03","2001-02","F",5,,,,2/22/2003,11/25/2002,12/24/2002,"SHARE26",,,
442,12/22/2002,"2002-03","2001-02","F",10,,,,2/20/2003,11/23/2002,12/22/2002,"SHARE26",,,
402,12/21/2002,"2002-03","2001-02","F",5,,,,2/19/2003,12/5/2002,12/21/2002,"SHARE26",,,
213,12/26/2002,"2002-03","2001-02","F",75,,,,2/24/2003,12/8/2002,12/26/2002,"SHARE26",,"50% STOCK DIVIDEND",
467,12/29/2002,"2002-03","2001-02","F",3,,,,2/27/2003,12/21/2002,12/29/2002,"SHARE26",,,
257,12/12/2002,"2002-03","2001-02","F",12.5,,,,2/10/2003,12/5/2002,12/12/2002,"SHARE26",,,
627,12/29/2002,"2002-03","2001-02","F",3,,,,2/27/2003,12/21/2002,12/29/2002,"SHARE26",,,
632,12/29/2002,"2002-03","2001-02","F",3,,,,2/27/2003,12/21/2002,12/29/2002,"SHARE26",,,
630,12/29/2002,"2002-03","2001-02","F",11,,,,2/27/2003,12/15/2002,12/29/2002,"SHARE26",,,
438,12/29/2002,"2002-03","2001-02","F",3,,,,2/27/2003,12/13/2002,12/29/2002,"SHARE26",,,
624,12/24/2002,"2002-03","2001-02","F",20,,,,2/22/2003,12/6/2002,12/24/2002,"SHARE26",,,
427,12/30/2002,"2002-03","2001-02","F",10,,,,2/28/2003,12/19/2002,12/30/2002,"SHARE26",,,
415,12/2/2002,"2002-03","2001-02","F",5,,,,1/31/2003,11/18/2002,12/2/2002,"SHARE26",,,
279,12/24/2002,"2002-03","2001-02","F",2,,,,2/22/2003,12/15/2002,12/24/2002,"SHARE26",,,
416,12/28/2002,"2002-03","2001-02","F",3.5,,,,2/26/2003,12/21/2002,12/28/2002,"SHARE26",,,
145,12/15/2002,"2002-03","2001-02","F",10,,,,2/13/2003,11/25/2002,12/15/2002,"SHARE26",,,
295,12/24/2002,"2002-03","2001-02","F",20,,,,2/22/2003,12/10/2002,12/24/2002,"SHARE26",,,
640,12/26/2002,"2002-03","2001-02","F",5,,,,2/24/2003,11/29/2002,12/26/2002,"SHARE26",,,
289,12/26/2002,"2002-03","2001-02","F",12,,,,2/24/2003,11/29/2002,12/26/2002,"SHARE26",,,
284,12/24/2002,"2002-03","2001-02","F",10,,,,2/22/2003,12/10/2002,12/24/2002,"SHARE26",,,
261,12/12/2002,"2002-03","2001-02","F",20,,,,2/10/2003,12/5/2002,12/12/2002,"SHARE26",,,
405,12/14/2002,"2002-03","2001-02","F",5,,,,2/12/2003,12/7/2002,12/14/2002,"SHARE26",,,
200,12/30/2002,"2002-03","2001-02","F",5,,,,2/28/2003,12/22/2002,12/30/2002,"SHARE26",,,
629,12/26/2002,"2002-03","2001-02","F",7,,,,2/24/2003,12/1/2002,12/26/2002,"SHARE26",,,
259,12/30/2002,"2002-03","2002","I",10,,,,2/28/2003,12/25/2002,12/30/2002,"SHARE26",,"2nd Interim",
138,12/10/2002,"2002-03","2001-02","I",10,,,,2/8/2003,11/20/2002,12/10/2002,"SHARE26",,,
355,12/31/2002,"2002-03","2001-02","F",15,,,,3/1/2003,12/17/2002,12/31/2002,"SHARE26",,,
480,12/27/2002,"2002-03","2001-02","F",16,,,,2/25/2003,12/10/2002,12/27/2002,"SHARE26",,,
475,12/24/2002,"2002-03","2001-02","F",15,,,,2/22/2003,12/2/2002,12/24/2002,"SHARE26",,,
629,12/30/1998,"1998-99","1997-98","F",5,,,,2/28/1999,12/17/1998,12/30/1998,"SHARE01",,,
719,6/22/1999,"1998-99","1998","F",15,,,,8/21/1999,5/27/1999,6/22/1999,"SHARE01",,,
142,7/27/2003,"2003-04","2002-03","F",16,,,,9/25/2003,7/6/2003,7/27/2003,"SHARE27",,,
143,8/12/2003,"2003-04","2002-03","F",13,,,,10/11/2003,7/29/2003,8/12/2003,"SHARE27",,,
114,8/2/2003,"2003-04","2002-03","F",20,,,,10/1/2003,7/10/2003,8/2/2003,"SHARE27",,,
152,8/21/2003,"2003-04","2002-03","F",180,,,,10/20/2003,8/12/2003,8/21/2003,"SHARE27",,,
153,8/21/2003,"2003-04","2002-03","F",45,,,,10/20/2003,8/12/2003,8/21/2003,"SHARE27",,,
154,8/21/2003,"2003-04","2002-03","F",50,,,,10/20/2003,8/12/2003,8/21/2003,"SHARE27",,,
155,8/21/2003,"2003-04","2002-03","F",40,,,,10/20/2003,8/12/2003,8/21/2003,"SHARE27",,,
156,8/21/2003,"2003-04","2002-03","F",24,,,,10/20/2003,8/12/2003,8/21/2003,"SHARE27",,,
157,8/21/2003,"2003-04","2002-03","F",17.5,,,,10/20/2003,8/12/2003,8/21/2003,"SHARE27",,,
158,8/21/2003,"2003-04","2002-03","F",14.5,,,,10/20/2003,8/12/2003,8/21/2003,"SHARE27",,,
159,8/21/2003,"2003-04","2002-03","F",13.5,,,,10/20/2003,8/12/2003,8/21/2003,"SHARE27",,,
641,9/10/2003,"2003-04","2002","F",5,,,,11/9/2003,8/21/2003,9/10/2003,"SHARE26",,,
602,9/10/2003,"2003-04","2002-03","F",33,,,,11/9/2003,8/21/2003,9/10/2003,"SHARE26",,,
220,9/18/2003,"2003-04","2002-03","F",5,,,,11/17/2003,8/22/2003,9/18/2003,"SHARE27",,,
430,8/28/2003,"2003-04","2002-03","F",7,,,,10/27/2003,8/16/2003,8/28/2003,"SHARE26",,"FY-DEC-2002",
408,9/4/2003,"2003-04","2002-03","F",40,,,,11/3/2003,8/8/2003,9/4/2003,"SHARE27",,,
452,6/24/2003,"2002-03","2002","B",,20,3,,8/23/2003,6/2/2003,6/24/2003,"SHARE26",,,
720,6/28/2003,"2002-03","2001-02","F",12,,,,8/27/2003,6/14/2003,6/28/2003,"SHARE27",,,
161,10/9/2003,"2003-04","2002-03","F",7,,,,12/8/2003,9/18/2003,10/9/2003,"SHARE27",,"..",
451,9/30/2003,"2003-04","2002-03","F",22,,,,11/29/2003,9/13/2003,9/30/2003,"SHARE27",,"..",
254,9/25/2003,"2003-04","2002-03","F",12,,,,11/24/2003,9/3/2003,9/25/2003,"SHARE27",,"..",
420,9/25/2003,"2003-04","2002-03","F",13,,,,11/24/2003,9/3/2003,9/25/2003,"SHARE27",,"..",
601,9/30/2003,"2003-04","2002-03","F",12,,,,11/29/2003,9/7/2003,9/30/2003,"SHARE27",,"..",
428,10/18/2003,"2003-04","2002-03","F",5,,,,12/17/2003,9/28/2003,10/18/2003,"SHARE27",,"..",
258,9/15/2003,"2003-04","2002","F",25,,,,11/14/2003,9/1/2003,9/15/2003,"SHARE26",,".",
141,9/17/2003,"2003-04","2002-03","F",12,,,,11/16/2003,9/3/2003,9/17/2003,"SHARE27",,"..",
145,9/29/2003,"2003-04","2002-03","F",10,,,,11/28/2003,9/11/2003,9/29/2003,"SHARE27",,"..",
646,9/29/2003,"2003-04","2002-03","F",5,,,,11/28/2003,9/5/2003,9/29/2003,"SHARE27",,"..",
626,9/25/2003,"2003-04","2002-03","F",5,,,,11/24/2003,9/1/2003,9/25/2003,"SHARE27",,"..",
626,9/30/2003,"2003-04","2002-03","F",5,,,,11/29/2003,9/1/2003,9/25/2003,"SHARE27",,"..",
147,9/24/2003,"2003-04","2002-03","F",10,,,,11/23/2003,9/10/2003,9/24/2003,"SHARE27",,"..",
717,9/24/2003,"2003-04","2002-03","F",12,,,,11/23/2003,9/10/2003,9/24/2003,"SHARE27",,"..",
209,9/22/2003,"2003-04","2003","I",30,,,,11/21/2003,9/15/2003,9/22/2003,"SHARE26",,"2nd interim",
455,9/25/2003,"2003-04","2002-03","F",70,,,,11/24/2003,9/3/2003,9/25/2003,"SHARE27",,"20% stock",
477,9/25/2003,"2003-04","2002-03","F",70,,,,11/24/2003,9/3/2003,9/25/2003,"SHARE27",,"20%stock",
143,4/29/2003,"2002-03","2001-02","D",297.5,100,5,,6/28/2003,4/10/2003,4/29/2003,"SHARE26",,,
139,4/29/2003,"2002-03","2002","D",297.5,100,5,,6/28/2003,4/10/2003,4/29/2003,"SHARE26",,"5% Stock Divi. & 20% Cash Divi.",
211,6/28/2003,"2002-03","2001-02","F",10,,,,8/27/2003,6/19/2003,6/28/2003,"SHARE26",,"16th AGM",
718,6/19/2003,"2002-03","2002","B",,100,25,,8/18/2003,6/5/2003,6/19/2003,"SHARE26",,"17th AGM",
104,9/19/2003,"2003-04","2002","F",25,,,,11/18/2003,7/30/2003,8/28/2003,"SHARE26",,"..",
259,10/11/2003,"2003-04","2003","I",35,,,,12/10/2003,10/5/2003,10/11/2003,"SHARE26",,,
102,3/23/2002,"2001-02","2000-01","R",,1,2,,5/22/2002,3/15/2002,3/23/2002,"SHARE27",,"..",
610,4/23/1999,"1998-99","1997-98","F",15,,,,6/22/1999,4/3/1999,4/23/1999,"SHARE27",,"..",
718,7/15/1999,"1999-00","1998","F",35,,,,9/13/1999,7/1/1999,7/15/1999,"SHARE26",,"13th AGM",
106,11/10/2001,"2001-02","2000-01","C",349.37,4,1,,1/9/2002,11/2/2001,11/10/2001,"SHARE26",,"COMPANY FY-2000,ONLY STOCK DIV.",
449,9/21/2002,"2002-03","2001-02","C",143.7,,,,11/20/2002,9/1/2002,9/21/2002,"SHARE26",,"Dummy Date for Fraction Share Sale by comp.,sqr.pharma.convert into sqr.tex.",
433,6/28/2003,"2002-03","2002","C",69.7,100,10,,8/27/2003,6/4/2003,6/28/2003,"SHARE26",,,
181,10/26/2003,"2003-04","2002-03","F",5,,,,12/25/2003,10/16/2003,10/26/2003,"SHARE26",,,
402,12/3/2003,"2003-04","JUNE-03","F",5,,,,2/1/2004,11/18/2003,12/3/2003,"SHARE26",,,
114,8/2/2003,"2003-04","2002-03","B",,10,1,,10/1/2003,7/10/2003,8/2/2003,"SHARE26",,,
210,12/13/2003,"2003-04","08-2003","F",18,,,,2/11/2004,11/16/2003,12/13/2003,"SHARE26",,,
278,12/24/2003,"2003-04","2002-03","F",24,,,,2/22/2004,11/23/2003,12/24/2003,"SHARE27",,,
442,12/24/2003,"2003-04","2002-03","F",5,,,,2/22/2004,11/25/2003,12/24/2003,"SHARE27",,,
111,12/8/2003,"2003-04","2002","F",20,,,,2/6/2004,11/18/2003,12/8/2003,"SHARE26",,,
622,12/15/2003,"2003-04","JULY-03","F",10,,,,2/13/2004,11/16/2003,12/15/2003,"SHARE26",,,
558,11/19/2003,"2003-04","2002-03","F",10,,,,1/18/2004,11/5/2003,11/19/2003,"SHARE27",,,
103,12/4/2003,"2003-04","2002","F",7.5,,,,2/2/2004,11/5/2003,12/4/2003,"SHARE26",,,
448,12/20/2003,"2003-04","2002-03","F",12,,,,2/18/2004,11/20/2003,12/20/2003,"SHARE27",,,
629,12/24/2003,"2003-04","2002-03","F",7,,,,2/22/2004,11/29/2003,12/24/2003,"SHARE27",,,
214,12/17/2003,"2003-04","2002-03","F",10,,,,2/15/2004,11/28/2003,12/17/2003,"SHARE27",,,
413,12/15/2003,"2003-04","2002-03","F",5,,,,2/13/2004,11/18/2003,12/15/2003,"SHARE27",,,
477,9/25/2003,"2003-04","2002-03","B",,5,1,,11/24/2003,9/3/2003,9/25/2003,"SHARE09",,,
151,10/23/2003,"2003-04","2002-03","F",8,,,,12/22/2003,10/11/2003,10/23/2003,"SHARE27",,,
452,6/24/2003,"2002-03","2002","C",28.3,20,3,,8/23/2003,6/2/2003,6/24/2003,"SHARE26",,,
459,3/31/1988,"1987-88","1987","F",30,,,,5/30/1988,3/15/1988,3/31/1988,"SHARE26",,,
459,5/18/1989,"1988-89","1988","F",30,,,,7/17/1989,5/9/1989,5/18/1989,"SHARE26",,,
459,5/3/1990,"1989-90","1989","F",22.5,,,,7/2/1990,4/28/1990,5/3/1990,"SHARE26",,"Bonus Ratio 1B:2",
459,5/19/1991,"1990-91","1990","F",22.5,,,,7/18/1991,5/9/1991,5/19/1991,"SHARE26",,,
459,5/14/1992,"1991-92","1991","F",20,,,,7/13/1992,5/8/1992,5/14/1992,"SHARE26",,,
459,5/20/1993,"1992-93","1992","F",20,,,,7/19/1993,5/14/1993,5/20/1993,"SHARE26",,,
459,4/7/1994,"1993-94","1993","F",30,,,,6/6/1994,4/1/1994,4/7/1994,"SHARE26",,,
459,4/20/1995,"1994-95","1994","F",40,,,,6/19/1995,4/13/1995,4/20/1995,"SHARE26",,,
459,5/16/1996,"1995-96","1995","F",25,,,,7/15/1996,5/9/1996,5/16/1996,"SHARE26",,"Bonus Ratio 1B:2",
459,5/8/1997,"1996-97","1996","F",35,,,,7/7/1997,4/19/1997,5/8/1997,"SHARE26",,,
459,5/19/1998,"1997-98","1997","F",27.5,,,,7/18/1998,5/5/1998,5/19/1998,"SHARE26",,,
459,5/17/1999,"1998-99","1998","F",30,,,,7/16/1999,5/3/1999,5/17/1999,"SHARE26",,,
459,5/25/2000,"1999-00","1999","F",35,,,,7/24/2000,5/13/2000,5/25/2000,"SHARE26",,,
149,10/16/2003,"2003-04","2002-03","B",,25,2,,12/15/2003,9/25/2003,10/16/2003,"SHARE26",,,
213,12/23/2003,"2003-04","2002-03","F",110,,,,2/21/2004,12/4/2003,12/23/2003,"SHARE27",,,
257,12/31/2003,"2003-04","2002-03","F",12.5,,,,2/29/2004,12/10/2003,12/31/2003,"SHARE27",,,
504,12/30/2003,"2003-04","2002-03","F",5,,,,2/28/2004,12/14/2003,12/30/2003,"SHARE27",,,
603,1/8/2004,"2003-04","2003","I",52.5,,,,3/8/2004,12/31/2003,1/8/2004,"SHARE26",,"1st  Interim",
630,12/28/2003,"2003-04","2002-03","F",5,,,,2/26/2004,12/14/2003,12/28/2003,"SHARE27",,,
556,12/20/2003,"2003-04","JUNE-03","F",10,,,,2/18/2004,12/1/2003,12/20/2003,"SHARE26",,,
301,1/20/2004,"2003-04","2002-03","F",200,,,,3/20/2004,12/23/2003,1/20/2004,"SHARE27",,,
427,12/29/2003,"2003-04","2002-03","F",10,,,,2/27/2004,12/15/2003,12/29/2003,"SHARE26",,,
416,12/24/2003,"2003-04","2002-03","F",7,,,,2/22/2004,12/14/2003,12/24/2003,"SHARE27",,,
640,12/27/2003,"2003-04","2002-03","F",10,,,,2/25/2004,12/5/2003,12/27/2003,"SHARE27",,,
289,12/24/2003,"2003-04","2002-03","F",15,,,,2/22/2004,12/5/2003,12/24/2003,"SHARE27",,,
261,12/11/2003,"2003-04","2002-03","F",20,,,,2/9/2004,12/4/2003,12/11/2003,"SHARE27",,,
355,12/31/2003,"2003-04","2002-03","F",15,,,,2/29/2004,12/17/2003,12/31/2003,"SHARE27",,,
480,12/26/2003,"2003-04","2002-03","F",16,,,,2/24/2004,12/2/2003,12/26/2003,"SHARE27",,,
482,12/26/2003,"2003-04","2002-03","F",16,,,,2/24/2004,12/19/2003,12/26/2003,"SHARE27",,,
475,12/18/2003,"2003-04","2002-03","F",15,,,,2/16/2004,12/3/2003,12/18/2003,"SHARE27",,,
647,12/30/2003,"2003-04","2002-03","F",10,,,,2/28/2004,12/1/2003,12/30/2003,"SHARE27",,,
423,12/31/2003,"2003-04","2002-03","F",5,,,,2/29/2004,12/10/2003,12/31/2003,"SHARE27",,,
615,12/31/2003,"2003-04","2002-03","F",5,,,,2/29/2004,12/10/2003,12/31/2003,"SHARE27",,,
615,12/24/2003,"2003-04","2002-03","F",5,,,,2/22/2004,12/10/2003,12/24/2003,"SHARE27",,,
607,12/17/2003,"2003-04","2002-03","F",10,,,,2/15/2004,12/3/2003,12/17/2003,"SHARE27",,,
206,12/18/2003,"2003-04","2002-03","F",40,,,,2/16/2004,12/4/2003,12/18/2003,"SHARE27",,,
356,12/30/2003,"2003-04","2002-03","F",7,,,,2/28/2004,12/7/2003,12/30/2003,"SHARE27",,,
217,12/21/2003,"2003-04","2002-03","F",50,,,,2/19/2004,12/7/2003,12/21/2003,"SHARE27",,,
638,12/24/2003,"2003-04","2002-03","F",5,,,,2/22/2004,12/1/2003,12/24/2003,"SHARE27",,,
202,12/24/2003,"2003-04","2002-03","F",10,,,,2/22/2004,12/15/2003,12/24/2003,"SHARE27",,,
462,12/30/2003,"2003-04","2004","I",5,,,,2/28/2004,12/23/2003,12/30/2003,"SHARE26",,,
436,12/29/2003,"2003-04","2002-03","F",5,,,,2/27/2004,12/8/2003,12/29/2003,"SHARE26",,,
639,12/24/2003,"2003-04","2002-03","F",2.5,,,,2/22/2004,12/8/2003,12/24/2003,"SHARE27",,,
437,12/24/2003,"2003-04","2002-03","F",5,,,,2/22/2004,12/10/2003,12/24/2003,"SHARE27",,,
643,12/29/2003,"2003-04","2002-03","F",4,,,,2/27/2004,12/9/2003,12/29/2003,"SHARE27",,,
634,12/24/2003,"2003-04","2002-03","F",10,,,,2/22/2004,12/11/2003,12/24/2003,"SHARE27",,,
417,12/31/2003,"2003-04","2002-03","F",5,,,,2/29/2004,12/10/2003,12/31/2003,"SHARE27",,,
418,12/24/2003,"2003-04","2002-03","F",5,,,,2/22/2004,12/15/2003,12/24/2003,"SHARE26",,"20th AGM",
610,12/26/2003,"2003-04","2002-03","F",20,,,,2/24/2004,12/13/2003,12/26/2003,"SHARE27",,,
264,12/30/2003,"2003-04","JUNE-03","F",5,,,,2/28/2004,12/15/2003,12/30/2003,"SHARE26",,,
401,12/22/2003,"2003-04","2002-03","F",10,,,,2/20/2004,12/19/2003,12/22/2003,"SHARE27",,,
481,12/24/2003,"2003-04","JUNE-03","F",5,,,,2/22/2004,12/10/2003,12/24/2003,"SHARE26",,,
286,12/24/2003,"2003-04","2002-03","F",10,,,,2/22/2004,12/15/2003,12/24/2003,"SHARE27",,,
287,12/24/2003,"2003-04","2002-03","F",10,,,,2/22/2004,12/15/2003,12/24/2003,"SHARE27",,,
405,12/6/2003,"2003-04","2002-03","F",5,,,,2/4/2004,11/30/2003,12/6/2003,"SHARE27",,,
474,10/26/2003,"2003-04","2002-03","F",5,,,,12/25/2003,10/16/2003,10/26/2003,"SHARE27",,,
603,1/22/2004,"2003-04","2003","I",26.25,,,,3/22/2004,1/16/2004,1/22/2004,"SHARE26",,"2nd interim",
624,1/29/2004,"2003-04","2002-03","I",5,,,,3/29/2004,1/20/2004,1/29/2004,"SHARE27",,"1st interim",
613,1/25/2004,"2003-04","2002-03","F",5,,,,3/25/2004,1/6/2004,1/25/2004,"SHARE27",,,
476,2/3/1997,"1996-97","1994-95","F",15,,,,4/4/1997,1/27/1997,2/3/1997,"SHARE26",,"1994-95 & 1995-96 FY AGM Held on 03-02-1997,12th & 13th AGM",
476,2/4/1997,"1996-97","1995-96","F",17,,,,4/5/1997,1/27/1997,2/3/1997,"SHARE26",,"FY-1994-95 & 1995-96 ,AGM Held on 03-02-1997,13th AGM",
476,11/5/2002,"2002-03","2001-02","F",0,,,,1/4/2003,11/3/2002,11/5/2002,"SHARE26",,"18th & 19th AGM",
116,9/17/2003,"2003-04","2002","C",147.15,100,15,,11/16/2003,9/1/2003,9/17/2003,"SHARE26",,"Given only Stock Dividend,No Cash Dividend",
718,6/20/2002,"2001-02","2001","C",542.58,100,30,,8/19/2002,6/6/2002,6/20/2002,"SHARE26",,,
477,9/21/2002,"2002-03","2001-02","C",310.14,5,1,,11/20/2002,9/1/2002,9/21/2002,"SHARE26",,,
294,3/7/2004,"2003-04","2003","F",15,,,,5/6/2004,2/27/2004,3/7/2004,"SHARE26",,,
443,3/18/2004,"2003-04","2002-03","F",5,,,,5/17/2004,2/27/2004,3/18/2004,"SHARE26",,"FY - SEPTEMBER-2003",
410,2/19/2004,"2003-04","2002-03","F",5,,,,4/19/2004,2/5/2004,2/19/2004,"SHARE26",,,
433,6/28/2003,"2002-03","2002","B",,100,10,,8/27/2003,6/4/2003,6/28/2003,"SHARE26",,,
218,6/24/2003,"2002-03","2001-02","B",,100,10,,8/23/2003,6/10/2003,6/24/2003,"SHARE26",,,
116,9/17/2003,"2003-04","2002-03","B",,100,15,,11/16/2003,9/1/2003,9/17/2003,"SHARE26",,,
259,9/17/1997,"1997-98","1997","I",20,,,,11/16/1997,9/3/1997,9/17/1997,"SHARE26",,"1st Interim",
259,11/17/1997,"1997-98","1997","I",20,,,,1/16/1998,11/13/1997,11/17/1997,"SHARE26",,"2nd Interim",
259,5/21/1998,"1997-98","1997","F",40,,,,7/20/1998,4/27/1998,5/21/1998,"SHARE26",,"Total Dividend - 80%",
259,8/31/1998,"1998-99","1998","I",20,,,,10/30/1998,8/24/1998,8/31/1998,"SHARE26",,"1st Interim",
259,12/22/1998,"1998-99","1998","I",20,,,,2/20/1999,12/16/1998,12/22/1998,"SHARE26",,"2nd Interim",
259,5/17/1999,"1998-99","1998","F",50,,,,7/16/1999,4/19/1998,5/17/1998,"SHARE26",,"Total Dividend = 90%",
606,9/25/1996,"1996-97","1995","F",55,,,,11/24/1996,9/12/1996,9/25/1996,"SHARE26",,"Bonus 1B:2 , Right 1R:2 , Premium 90 TK",
606,9/20/1997,"1997-98","1996","F",30,,,,11/19/1997,9/6/1997,9/20/1997,"SHARE26",,"EGM",
606,8/24/1998,"1998-99","1997","F",35,,,,10/23/1998,8/7/1998,8/24/1998,"SHARE26",,,
462,12/30/2003,"2003-04","2003","F",0,,,,2/28/2004,12/23/2003,12/30/2003,"SHARE26",,,
101,9/27/2003,"2003-04","2002","B",,100,15,,11/26/2003,6/9/2003,6/30/2003,"SHARE26",,,
472,6/30/2003,"2002-03","2002","B",,100,5,,8/29/2003,6/5/2003,6/30/2003,"SHARE26",,,
718,8/21/1996,"1996-97","1995","F",25,,,,10/20/1996,8/1/1996,8/21/1996,"SHARE26",,"10th AGM",
718,8/6/1997,"1997-98","1996","F",30,,,,10/5/1997,7/17/1997,8/6/1997,"SHARE26",,"11th AGM",
718,7/22/1998,"1998-99","1997","F",35,,,,9/20/1998,7/2/1998,7/22/1998,"SHARE26",,"12th AGM",
718,8/6/1997,"1997-98","1996","B",,100,20,,10/5/1997,7/17/1997,8/6/1997,"SHARE26",,"11th AGM",
622,12/28/1996,"1996-97","1995-96","F",15,,,,2/26/1997,11/29/1996,12/28/1996,"SHARE26",,"32nd AGM",
419,6/30/2003,"2002-03","2002","B",,100,10,,8/29/2003,6/5/2003,6/30/2003,"SHARE26",,,
223,3/30/2004,"2003-04","2002-03","F",6,,,,5/29/2004,3/23/2004,3/30/2004,"SHARE27",,".",
118,3/21/2004,"2003-04","2002-03","F",20,,,,5/20/2004,3/1/2004,3/21/2004,"SHARE27",,"..",
303,3/17/2004,"2003-04","2002-03","F",25,,,,5/16/2004,3/4/2004,3/17/2004,"SHARE27",,,
302,3/24/2004,"2003-04","2002-03","F",50,,,,5/23/2004,3/11/2004,3/24/2004,"SHARE27",,,
553,3/18/2004,"2003-04","2002-03","F",10,,,,5/17/2004,3/4/2004,3/18/2004,"SHARE27",,,
449,3/30/2004,"2003-04","2002-03","F",30,,,,5/29/2004,3/11/2004,3/30/2004,"SHARE27",,"10%BONUS",
137,4/26/2004,"2003-04","2003","F",55,,,,6/25/2004,3/30/2004,4/26/2004,"SHARE26",,,
359,6/24/2003,"2002-03","2002","F",0,,,,8/23/2003,6/2/2003,6/24/2003,"SHARE26",,,
469,6/26/2003,"2002-03","2002","B",,100,15,,8/25/2003,6/3/2003,6/26/2003,"SHARE26",,,
421,6/28/2003,"2002-03","2002","B",,100,5,,8/27/2003,6/4/2003,6/28/2003,"SHARE26",,,
431,6/28/2003,"2002-03","2002","B",,100,10,,8/27/2003,6/4/2003,6/28/2003,"SHARE26",,,
254,12/28/1997,"1997-98","1996-97","F",40,,,,2/26/1998,12/14/1997,12/28/1997,"SHARE26",,,
254,12/24/1998,"1998-99","1997-98","F",20,,,,2/22/1999,11/26/1998,12/12/1998,"SHARE26",,,
254,11/29/1999,"1999-00","1998-99","F",0,,,,1/28/2000,11/9/1999,11/29/1999,"SHARE26",,,
254,12/15/1996,"1996-97","1995-96","B",,1,1,,2/13/1997,11/30/1996,12/15/1996,"SHARE26",,,
254,12/15/1996,"1996-97","1995-96","R",,1,1,,2/13/1997,11/30/1996,12/15/1996,"SHARE26",,,
254,12/17/1995,"1995-96","1994-95","F",25,,,,2/15/1996,12/7/1995,12/17/1995,"SHARE26",,,
105,12/17/1996,"1996-97","1995","B",,100,17.5,,2/15/1997,12/6/1996,12/17/1996,"SHARE26",,,
477,8/3/1996,"1996-97","1995-96","B",,100,25,,10/2/1996,7/14/1996,8/3/1996,"SHARE26",,,
718,6/19/2003,"2002-03","2002","C",570.99,100,25,,8/18/2003,6/5/2003,6/19/2003,"SHARE26",,,
424,5/16/2004,"2003-04","2002-03","F",5,,,,7/15/2004,4/26/2004,5/16/2004,"SHARE27",,,
265,5/18/2004,"2003-04","2002-03","F",22,,,,7/17/2004,4/30/2004,5/18/2004,"SHARE27",,,
262,4/28/2004,"2003-04","2003","F",18,,,,6/27/2004,4/13/2004,4/28/2004,"SHARE26",,,
113,5/16/2004,"2003-04","2003","F",20,,,,7/15/2004,4/27/2004,5/16/2004,"SHARE26",,,
209,5/10/2004,"2003-04","2003","F",30,,,,7/9/2004,4/27/2004,5/10/2004,"SHARE26",,,
133,5/11/2004,"2003-04","2003","F",25,,,,7/10/2004,4/21/2004,5/11/2004,"SHARE26",,,
621,4/21/2004,"2003-04","2003","F",14,,,,6/20/2004,3/30/2004,4/21/2004,"SHARE26",,,
139,5/5/2004,"2003-04","2003","F",15,,,,7/4/2004,4/17/2004,5/5/2004,"SHARE26",,,
719,5/5/2004,"2003-04","2003","F",25,,,,7/4/2004,4/25/2004,5/5/2004,"SHARE26",,,
445,5/30/2003,"2002-03","2001-02","F",10,,,,7/29/2003,5/11/2003,5/30/2003,"SHARE27",,,
649,5/28/2003,"2002-03","2001-02","F",10.5,,,,7/27/2003,5/14/2003,5/28/2003,"SHARE27",,,
302,5/29/2003,"2002-03","2001-02","F",50,,,,7/28/2003,5/14/2003,5/29/2003,"SHARE27",,,
104,4/29/2003,"2002-03","2001-02","R",,1,2,,6/28/2003,4/15/2003,4/29/2003,"INVEST",,"EGM on 27-02-2003",
454,5/26/2003,"2002-03","2002","F",40,,,,7/25/2003,5/12/2003,5/26/2003,"SHARE26",,"..",
610,5/25/2003,"2002-03","2001-02","I",40,,,,7/24/2003,5/16/2003,5/25/2003,"SHARE27",,"..",
148,7/31/2003,"2003-04","2002-03","F",45,,,,9/29/2003,7/16/2003,7/31/2003,"SHARE27",,,
460,9/25/2003,"2003-04","2002","F",0,,,,11/24/2003,9/1/2003,9/25/2003,"SHARE26",,,
460,9/26/2004,"2004-05","2003","F",0,,,,11/25/2004,9/1/2004,9/26/2004,"SHARE26",,,
256,12/24/2003,"2003-04","2003","F",0,,,,2/22/2004,12/15/2003,12/24/2003,"SHARE26",,,
109,12/18/2003,"2003-04","2002","F",0,,,,2/16/2004,11/19/2003,12/18/2003,"SHARE26",,,
631,12/24/2003,"2003-04","2002-03","F",0,,,,2/22/2004,12/3/2003,12/24/2003,"SHARE26",,,
267,9/25/2003,"2003-04","2002","F",0,,,,11/24/2003,9/4/2003,9/25/2003,"SHARE26",,,
267,6/29/2004,"2003-04","2003","F",0,,,,8/28/2004,6/23/2004,6/29/2004,"SHARE26",,,
146,5/28/2004,"2003-04","2003","B",,100,50,,7/27/2004,5/14/2004,5/28/2004,"SHARE26",,,
122,6/29/2004,"2003-04","2003","B",,100,24,,8/28/2004,6/8/2004,6/29/2004,"SHARE26",,,
115,5/27/2004,"2003-04","2003","C",307.65,100,25,,7/26/2004,5/16/2004,5/27/2004,"SHARE26",,,
449,3/30/2004,"2003-04","2003","B",,100,10,,5/29/2004,3/11/2004,3/30/2004,"SHARE26",,,
152,8/24/2004,"2004-05","2003-04","F",200,,,,10/23/2004,8/15/2004,8/24/2004,"SHARE27",,,
153,8/24/2004,"2004-05","2003-04","F",50,,,,10/23/2004,8/15/2004,8/24/2004,"SHARE27",,,
154,8/24/2004,"2004-05","2003-04","F",50,,,,10/23/2004,8/15/2004,8/24/2004,"SHARE27",,,
155,8/24/2004,"2004-05","2003-04","F",45,,,,10/23/2004,8/15/2004,8/24/2004,"SHARE27",,,
156,8/24/2004,"2004-05","2003-04","F",24,,,,10/23/2004,8/15/2004,8/24/2004,"SHARE27",,,
157,8/24/2004,"2004-05","2003-04","F",17.5,,,,10/23/2004,8/15/2004,8/24/2004,"SHARE27",,,
158,8/24/2004,"2004-05","2003-04","F",15,,,,10/23/2004,8/15/2004,8/24/2004,"SHARE27",,,
159,8/24/2004,"2004-05","2003-04","F",14,,,,10/23/2004,8/15/2004,8/24/2004,"SHARE27",,,
162,8/31/2004,"2004-05","2003-04","F",12,,,,10/30/2004,8/17/2004,8/31/2004,"SHARE27",,,
408,9/2/2004,"2004-05","2003-04","F",40,,,,11/1/2004,8/3/2004,9/2/2004,"SHARE27",,,
430,8/18/2004,"2004-05","2003-04","F",7,,,,10/17/2004,8/3/2004,8/18/2004,"SHARE27",,,
602,9/8/2004,"2004-05","2003-04","F",33,,,,11/7/2004,8/19/2004,9/8/2004,"SHARE27",,,
451,7/29/2004,"2004-05","2003-04","F",25,,,,9/27/2004,7/15/2004,7/29/2004,"SHARE27",,,
459,3/14/1984,"1983-84","1983","F",22.5,,,,5/13/1984,3/6/1984,3/14/1984,"SHARE26",,,
459,2/19/1985,"1984-85","1984","F",25,,,,4/20/1985,2/12/1985,2/19/1985,"SHARE26",,"Bonus Ratio 1B:2",
459,3/20/1986,"1985-86","1985","F",26,,,,5/19/1986,3/14/1986,3/20/1986,"SHARE26",,"Bonus Ratio 1B:3",
459,3/5/1987,"1986-87","1986","F",30,,,,5/4/1987,2/27/1987,3/5/1987,"SHARE26",,,
144,7/26/2004,"2004-05","2003","B",,100,25,,9/24/2004,7/7/2004,7/26/2004,"SHARE26",,,
483,9/23/2004,"2004-05","2003-04","I",10,,,,11/22/2004,9/5/2004,9/23/2004,"SHARE26",,,
121,6/7/2004,"2003-04","2003","B",,100,15,,8/6/2004,5/18/2004,6/7/2004,"INVEST",,,
121,6/7/2004,"2003-04","2003","C",208.02,100,15,,8/6/2004,5/18/2004,6/7/2004,"INVEST",,,
120,6/9/2004,"2003-04","2003","C",247.41,100,15,,8/8/2004,5/22/2004,6/9/2004,"SHARE26",,,
218,5/5/2004,"2003-04","2003","B",,100,15,,7/4/2004,4/6/2004,5/5/2004,"SHARE26",,,
116,7/25/2004,"2004-05","2003","B",,100,10,,9/23/2004,7/11/2004,7/25/2004,"SHARE26",,,
161,10/7/2004,"2004-05","2003-04","F",15,,,,12/6/2004,9/16/2004,10/7/2004,"SHARE27",,,
254,9/23/2004,"2004-05","2003-04","F",13,,,,11/22/2004,9/2/2004,9/23/2004,"SHARE27",,,
420,9/23/2004,"2004-05","2003-04","F",15,,,,11/22/2004,9/2/2004,9/23/2004,"SHARE27",,,
601,10/14/2004,"2004-05","2003-04","F",12,,,,12/13/2004,9/30/2004,10/14/2004,"SHARE27",,,
259,9/30/2004,"2004-05","2003-04","I",25,,,,11/29/2004,9/30/2004,9/30/2004,"SHARE27",,,
288,9/29/2004,"2004-05","2003-04","F",6,,,,11/28/2004,9/1/2004,9/29/2004,"SHARE27",,,
145,9/27/2004,"2004-05","2003-04","F",10,,,,11/26/2004,9/9/2004,9/27/2004,"SHARE27",,,
147,9/28/2004,"2004-05","2003-04","F",10,,,,11/27/2004,9/14/2004,9/28/2004,"SHARE27",,,
646,9/29/2004,"2004-05","2003-04","F",5,,,,11/28/2004,9/18/2004,9/29/2004,"SHARE27",,,
626,9/23/2004,"2004-05","2003-04","F",5,,,,11/22/2004,9/1/2004,9/23/2004,"SHARE27",,,
209,9/29/2004,"2004-05","2003-04","I",40,,,,11/28/2004,9/29/2004,9/29/2004,"SHARE27",,,
477,9/21/2004,"2004-05","2003-04","B",,100,20,,11/20/2004,9/5/2004,9/5/2004,"INVEST",,,
477,9/21/2004,"2004-05","2003-04","F",70,,,,11/20/2004,9/5/2004,9/21/2004,"SHARE27",,,
144,7/8/2003,"2003-04","2002","B",,100,20,,9/6/2003,6/21/2003,7/8/2003,"SHARE26",,,
117,6/2/2004,"2003-04","2003","B",,100,50,,8/1/2004,5/15/2004,6/2/2004,"SHARE27",,,
555,6/30/2004,"2003-04","2002-03","F",15,,,,8/29/2004,6/7/2004,6/30/2004,"SHARE27",,,
717,9/28/2004,"2004-05","2003","B",,100,14,,11/27/2004,9/14/2004,9/28/2004,"SHARE27",,,
603,5/31/1995,"1994-95","1994","F",25,,,,7/30/1995,5/18/1995,5/31/1995,"SHARE26",,,
603,6/2/1996,"1995-96","1995","F",30,,,,8/1/1996,5/18/1996,6/2/1996,"SHARE26",,,
603,6/3/1997,"1996-97","1996","F",220,,,,8/2/1997,5/20/1997,6/3/1997,"SHARE26",,,
603,8/31/1997,"1997-98","1997","I",40,,,,10/30/1997,8/10/1997,8/31/1997,"SHARE26",,"Dummy Date",
603,6/3/1998,"1997-98","1997","F",50,,,,8/2/1998,5/10/1998,6/3/1998,"SHARE26",,,
603,8/31/1998,"1998-99","1998","I",60,,,,10/30/1998,8/16/1998,8/31/1998,"SHARE26",,"Dummy Date",
603,6/3/1999,"1998-99","1998","F",20,,,,8/2/1999,5/10/1999,6/3/1999,"SHARE26",,,
603,6/2/1996,"1995-96","1995","B",,100,20,,8/1/1996,5/18/1996,6/2/1996,"SHARE26",,"Ratio 1B:5",
606,5/31/2004,"2003-04","2003","B",,100,20,,7/30/2004,5/15/2004,5/31/2004,"SHARE18",,,
112,5/19/2004,"2003-04","2002-03","B",,100,16,,7/18/2004,5/2/2004,5/19/2004,"SHARE18",,,
146,5/28/2004,"2003-04","2003","C",606.95,100,50,,7/27/2004,5/14/2004,5/28/2004,"SHARE27",,,
213,12/22/2004,"2004-05","2003-04","F",120,,,,2/20/2005,12/4/2004,12/22/2004,"SHARE26",,,
117,6/2/2004,"2003-04","2003","C",2486.25,100,50,,8/1/2004,5/1/2004,6/2/2004,"SHARE26",,"FY-2001-20% Stock,2002-25% Stock,2003-50% Stock Dividend",
151,10/31/2004,"2004-05","2003-04","F",10,,,,12/30/2004,10/20/2004,10/31/2004,"SHARE27",,,
181,10/31/2004,"2004-05","2003-04","F",6,,,,12/30/2004,10/18/2004,10/31/2004,"SHARE27",,,
114,9/29/2004,"2004-05","2003","F",20,,,,11/28/2004,9/14/2004,9/14/2004,"SHARE26",,,
139,5/5/2004,"2003-04","2002-03","B",,100,5,,7/4/2004,4/17/2004,5/5/2004,"SHARE08",,,
511,1/30/2005,"2004-05","2003-04","I",5,,,,3/31/2005,1/20/2005,1/30/2005,"SHARE27",,,
457,6/23/2004,"2003-04","2002-03","B",,100,20,,8/22/2004,6/16/2004,6/23/2004,"SHARE08",,,
210,12/21/2004,"2004-05","2003-04","F",18,,,,2/19/2005,11/23/2004,12/21/2004,"SHARE27",,"..",
441,12/23/2004,"2004-05","2003-04","F",10,,,,2/21/2005,11/24/2004,12/23/2004,"SHARE27",,"..",
442,12/23/2004,"2004-05","2003-04","F",5,,,,2/21/2005,11/24/2004,12/23/2004,"SHARE27",,"..",
556,12/20/2004,"2004-05","2003-04","F",10,,,,2/18/2005,11/25/2004,12/20/2004,"SHARE27",,"..",
416,12/4/2004,"2004-05","2003-04","F",7,,,,2/2/2005,11/20/2004,12/4/2004,"SHARE27",,"..",
640,12/21/2004,"2004-05","2003-04","F",5,,,,2/19/2005,11/26/2004,12/21/2004,"SHARE27",,"..",
289,12/20/2004,"2004-05","2003-04","F",12,,,,2/18/2005,11/26/2004,12/20/2004,"SHARE27",,"..",
629,12/14/2004,"2004-05","2003-04","F",5,,,,2/12/2005,11/17/2004,12/14/2004,"SHARE27",,"..",
647,12/21/2004,"2004-05","2003-04","F",10,,,,2/19/2005,11/22/2004,12/21/2004,"SHARE27",,"..",
474,12/14/2004,"2004-05","2003-04","F",10,,,,2/12/2005,11/29/2004,12/14/2004,"SHARE27",,"..",
477,9/25/2003,"2003-04","2002-03","C",4084.31,5,1,,11/24/2003,9/3/2003,9/25/2003,"INVEST",,,
452,6/24/2004,"2003-04","2002-03","C",58.64,10,1,,8/23/2004,6/2/2004,6/24/2004,"INVEST",,,
102,11/30/2004,"2004-05","2003-04","R",,1,1,,1/29/2005,11/23/2004,11/30/2004,"SHARE04",,,
114,9/29/2004,"2004-05","2003-04","B",,100,20,,11/28/2004,9/15/2004,9/15/2004,"INVEST",,,
560,10/18/2004,"2004-05","2003-04","F",10,,,,12/17/2004,10/3/2004,10/18/2004,"SHARE19",,"..",
278,12/22/2004,"2004-05","2003-04","F",24,,,,2/20/2005,11/24/2004,12/22/2004,"SHARE19",,,
402,12/30/2004,"2004-05","2003-04","F",2.5,,,,2/28/2005,12/14/2004,12/30/2004,"SHARE19",,,
508,12/29/2004,"2004-05","2003-04","F",10,,,,2/27/2005,12/20/2004,12/29/2004,"SHARE19",,,
257,12/30/2004,"2004-05","2003-04","F",12.5,,,,2/28/2005,12/7/2004,12/30/2004,"SHARE19",,,
718,5/26/2005,"2004-05","2004","F",20,,,,7/25/2005,5/10/2005,5/10/2005,"SHARE27",,,
457,6/8/2005,"2004-05","2004","F",50,,,,8/7/2005,5/27/2005,6/8/2005,"SHARE27",,,
225,6/15/2005,"2004-05","2004","F",15,,,,8/14/2005,5/16/2005,5/16/2005,"SHARE27",,,
447,6/21/2005,"2004-05","2004","F",5,,,,8/20/2005,5/25/2005,6/21/2005,"SHARE27",,,
109,6/23/2005,"2004-05","2004","F",50,,,,8/22/2005,5/25/2005,6/23/2005,"SHARE27",,,
252,6/5/2005,"2004-05","2003-04","F",5,,,,8/4/2005,5/25/2005,6/5/2005,"SHARE27",,,
259,5/18/2005,"2004-05","2003-04","F",75,,,,7/17/2005,4/30/2005,4/30/2005,"SHARE27",,"..",
289,12/21/2006,"2006-07","2006","F",10,,,,2/19/2007,11/28/2006,12/21/2006,"SHARE18",,"..",
436,12/23/2006,"2006-07","2006","F",7,,,,2/21/2007,11/27/2006,12/23/2006,"SHARE18",,"..",
727,12/14/2006,"2006-07","2005-06","F",10,,,,2/12/2007,11/26/2006,11/26/2006,"SHARE18",,".",
217,12/26/2006,"2006-07","2005-06","F",60,,,,2/24/2007,11/26/2006,11/26/2006,"SHARE18",,"..",
474,11/23/2006,"2006-07","2005-06","F",17,,,,1/22/2007,11/3/2006,11/23/2006,"SHARE18",,"..",
206,12/14/2006,"2006-07","2005-06","F",30,,,,2/12/2007,11/23/2006,12/14/2006,"SHARE18",,"..",
607,12/13/2006,"2006-07","2005-06","F",15,,,,2/11/2007,11/23/2006,12/13/2006,"SHARE18",,"..",
647,12/12/2006,"2006-07","2005-06","F",13.5,,,,2/10/2007,11/13/2006,12/12/2006,"SHARE18",,"..",
629,12/21/2006,"2006-07","2005-06","F",5,,,,2/19/2007,11/26/2006,12/21/2006,"SHARE18",,"..",
640,12/20/2006,"2006-07","2005-06","F",7,,,,2/18/2007,11/28/2006,12/20/2006,"SHARE18",,"..",
416,12/14/2006,"2006-07","2005-06","F",5,,,,2/12/2007,11/28/2006,12/14/2006,"SHARE18",,"..",
428,12/24/2006,"2006-07","2005-06","F",7.5,,,,2/22/2007,11/28/2006,12/24/2006,"SHARE18",,"..",
212,12/21/2006,"2006-07","2005-06","F",3,,,,2/19/2007,11/26/2006,12/21/2006,"SHARE18",,"..",
442,12/24/2006,"2006-07","2005-06","F",5,,,,2/22/2007,11/25/2006,12/24/2006,"SHARE18",,"..",
441,12/21/2006,"2006-07","2005-06","F",8,,,,2/19/2007,11/22/2006,12/21/2006,"SHARE18",,"..",
278,12/21/2006,"2006-07","2005-06","F",26,,,,2/19/2007,11/22/2006,11/22/2006,"SHARE18",,"..",
151,10/18/2006,"2006-07","2006","F",12,,,,12/17/2006,10/7/2006,10/18/2006,"SHARE18",,"..",
483,9/21/2006,"2006-07","2005-06","F",5,,,,11/20/2006,9/1/2006,9/21/2006,"SHARE18",,"..",
413,10/8/2006,"2006-07","2006","F",5,,,,12/7/2006,9/19/2006,10/8/2006,"SHARE18",,"..",
560,10/19/2006,"2006-07","2006","F",10,,,,12/18/2006,10/3/2006,10/3/2006,"SHARE18",,"..",
181,11/9/2006,"2006-07","2005-06","F",7,,,,1/8/2007,10/19/2006,11/9/2006,"SHARE18",,"..",
143,7/19/2006,"2006-07","2005","C",156.75,100,15,,9/17/2006,6/29/2006,7/19/2006,"SHARE18",,"..",
355,12/24/2006,"2006-07","2005-06","F",20,,,,2/22/2007,12/11/2006,12/24/2006,"SHARE18",,"..",
143,7/26/2005,"2005-06","2004","B",,100,15,,9/24/2005,7/7/2005,7/26/2005,"SHARE01",,,
557,9/10/2006,"2006-07","2006","R",,1,1,,11/9/2006,8/22/2006,8/22/2006,"SHARE01",,,
120,12/24/2006,"2006-07","2005-06","F",10,,,,2/22/2007,12/10/2006,12/24/2006,"SHARE13",,"..",
462,12/24/2006,"2006-07","2005-06","F",25,,,,2/22/2007,12/14/2006,12/24/2006,"SHARE13",,"..",
555,6/24/2006,"2005-06","2005","B",,100,10,,8/23/2006,6/5/2006,6/5/2006,"SHARE01",,,
555,6/24/2006,"2005-06","2005","C",52.1,100,10,,8/23/2006,6/5/2006,6/5/2006,"INVEST",,,
144,7/30/2006,"2006-07","2005","B",,100,25,,9/28/2006,7/13/2006,7/13/2006,"SHARE01",,,
144,7/30/2006,"2006-07","2005","C",1155.62,100,25,,9/28/2006,7/13/2006,7/13/2006,"SHARE01",,,
126,9/28/2006,"2006-07","2005","B",,100,25,,11/27/2006,9/7/2006,9/7/2006,"SHARE01",,,
126,9/28/2006,"2006-07","2005","C",243.72,100,25,,11/27/2006,9/7/2006,9/7/2006,"SHARE01",,"..",
451,9/14/2006,"2006-07","2005","F",25,,,,11/13/2006,8/31/2006,8/31/2006,"SHARE18",,"..",
224,8/22/2006,"2006-07","2005","F",6,,,,10/21/2006,8/1/2006,8/1/2006,"SHARE18",,"..",
428,12/8/2005,"2005-06","2004-05","F",7.5,,,,2/6/2006,11/16/2005,12/8/2005,"SHARE27",,"..",
556,12/20/2005,"2005-06","2004-05","F",10,,,,2/18/2006,11/24/2005,12/20/2005,"SHARE27",,"..",
416,12/10/2005,"2005-06","2004-05","F",7.5,,,,2/8/2006,11/25/2005,12/10/2005,"SHARE27",,"..",
629,12/22/2005,"2005-06","2004-05","F",5,,,,2/20/2006,11/27/2005,12/22/2005,"SHARE27",,"..",
647,12/14/2005,"2005-06","2004-05","F",6.25,,,,2/12/2006,11/15/2005,12/14/2005,"SHARE27",,"..",
607,12/14/2005,"2005-06","2004-05","F",15,,,,2/12/2006,11/28/2005,12/14/2005,"SHARE27",,"..",
206,12/15/2005,"2005-06","2004-05","F",30,,,,2/13/2006,11/28/2005,12/15/2005,"SHARE27",,"..",
149,12/21/2005,"2005-06","2004-05","F",2,,,,2/19/2006,11/30/2005,12/21/2005,"SHARE27",,"..",
474,11/20/2005,"2005-06","2004-05","F",15,,,,1/19/2006,11/1/2005,11/20/2005,"SHARE27",,"..",
217,12/22/2005,"2005-06","2004-05","F",40,,,,2/20/2006,11/22/2005,11/22/2005,"SHARE27",,"..",
357,12/15/2005,"2005-06","2004-05","F",5,,,,2/13/2006,11/25/2005,12/15/2005,"SHARE27",,"..",
436,12/24/2005,"2005-06","2004-05","F",5,,,,2/22/2006,11/27/2005,12/24/2005,"SHARE27",,"..",
214,12/21/2005,"2005-06","2004-05","F",10,,,,2/19/2006,11/30/2005,12/21/2005,"SHARE27",,"..",
560,12/19/2005,"2005-06","2004-05","F",10,,,,2/17/2006,11/24/2005,11/24/2005,"SHARE27",,"..",
415,12/1/2005,"2005-06","2004-05","F",5,,,,1/30/2006,11/17/2005,12/1/2005,"SHARE27",,"..",
610,12/24/2005,"2005-06","2004-05","B",,100,30,,2/22/2006,12/18/2005,12/24/2005,"SHARE17",,,
455,6/22/2006,"2005-06","2004-05","F",45,,,,8/21/2006,5/22/2006,5/22/2006,"SHARE27",,"..",
259,6/21/2006,"2005-06","2004-05","F",30,,,,8/20/2006,5/15/2006,5/15/2006,"SHARE27",,"..",
203,5/29/2006,"2005-06","2004-05","F",27.5,,,,7/28/2006,5/14/2006,5/14/2006,"SHARE27",,"..",
603,6/22/2006,"2005-06","2004-05","F",20,,,,8/21/2006,5/17/2006,5/17/2006,"SHARE27",,"..",
141,7/27/2006,"2006-07","2005-06","F",12,,,,9/25/2006,5/18/2006,5/18/2006,"SHARE27",,"..",
111,5/21/2006,"2005-06","2004-05","F",40,,,,7/20/2006,5/2/2006,5/2/2006,"SHARE27",,"..",
465,6/17/2006,"2005-06","2004-05","F",21,,,,8/16/2006,5/19/2006,6/17/2006,"SHARE27",,"..",
123,5/28/2006,"2005-06","2004-05","F",5,,,,7/27/2006,5/7/2006,5/7/2006,"SHARE27",,"..",
116,6/3/2006,"2005-06","2004-05","F",20,,,,8/2/2006,5/17/2006,6/3/2006,"SHARE27",,"..",
116,5/30/2006,"2005-06","2004-05","F",10,,,,7/29/2006,5/7/2006,5/7/2006,"SHARE27",,"..",
262,6/3/2006,"2005-06","2004-05","F",20,,,,8/2/2006,5/17/2006,6/3/2006,"SHARE27",,"..",
721,6/27/2006,"2005-06","2004-05","F",15,,,,8/26/2006,5/28/2006,5/28/2006,"SHARE27",,"..",
733,5/30/2006,"2005-06","2004-05","F",5,,,,7/29/2006,5/10/2006,5/10/2006,"SHARE27",,"..",
457,6/10/2006,"2005-06","2004-05","F",50,,,,8/9/2006,5/24/2006,5/24/2006,"SHARE27",,"..",
225,6/14/2006,"2005-06","2004-05","F",16,,,,8/13/2006,5/22/2006,5/22/2006,"SHARE27",,"..",
146,5/27/2006,"2005-06","2004-05","F",10,,,,7/26/2006,5/14/2006,5/14/2006,"SHARE27",,"..",
449,6/7/2006,"2005-06","2004-05","F",30,,,,8/6/2006,5/10/2006,5/10/2006,"SHARE27",,"..",
733,5/30/2006,"2005-06","2005","C",100,100,10,,7/29/2006,5/10/2006,5/10/2006,"SHARE35",,,
109,5/25/2006,"2005-06","2005","B",,1,1,,7/24/2006,4/26/2006,5/25/2006,"SHARE01",,,
132,6/29/2006,"2005-06","2005","B",,100,40,,8/28/2006,6/15/2006,6/15/2006,"SHARE01",,,
132,6/29/2006,"2005-06","2005","C",405.6,100,40,,8/28/2006,6/15/2006,6/15/2006,"SHARE01",,,
218,5/31/2006,"2005-06","2005","B",,100,10,,7/30/2006,4/20/2006,4/20/2006,"SHARE01",,,
218,5/31/2006,"2005-06","2005","C",727.96,100,10,,7/30/2006,4/20/2006,4/20/2006,"SHARE18",,".",
126,9/28/2006,"2006-07","2005-06","F",1.5,,,,11/27/2006,9/7/2006,9/7/2006,"SHARE18",,"..",
634,12/24/2006,"2006-07","2005-06","F",10,,,,2/22/2007,12/10/2006,12/24/2006,"SHARE13",,"..",
448,12/31/2006,"2006-07","2005-06","F",10,,,,3/1/2007,12/10/2006,12/31/2006,"SHARE13",,"..",
149,12/20/2006,"2006-07","2005-06","C",217.71,100,10,,2/18/2007,11/30/2006,11/30/2006,"SHARE18",,".",
307,3/3/2007,"2006-07","2005-06","F",10,,,,5/2/2007,2/7/2007,2/7/2007,"SHARE15",,,
210,12/21/2006,"2006-07","2005-06","F",20,,,,2/19/2007,11/30/2006,11/30/2006,"SHARE18",,"..",
508,12/25/2006,"2006-07","2005-06","F",10,,,,2/23/2007,12/4/2006,12/25/2006,"SHARE18",,"..",
615,12/28/2006,"2006-07","2005-06","F",4,,,,2/26/2007,12/17/2006,12/28/2006,"SHARE18",,"..",
264,12/27/2006,"2006-07","2005-06","B",,100,3,,2/25/2007,12/12/2006,12/27/2006,"SHARE18",,,
480,12/22/2006,"2006-07","2005-06","F",20.5,,,,2/20/2007,12/4/2006,12/4/2006,"SHARE18",,"..",
415,12/21/2006,"2006-07","2005-06","F",5,,,,2/19/2007,12/7/2006,12/21/2006,"SHARE18",,"..",
427,12/31/2006,"2006-07","2005-06","F",10,,,,3/1/2007,12/17/2006,12/31/2006,"SHARE18",,"..",
257,12/30/2006,"2006-07","2005-06","F",13,,,,2/28/2007,12/7/2006,12/7/2006,"SHARE18",,"..",
418,12/30/2006,"2006-07","2005-06","F",5,,,,2/28/2007,12/7/2006,12/30/2006,"SHARE18",,"..",
605,1/17/2007,"2006-07","2005-06","F",10,,,,3/18/2007,1/11/2007,1/17/2007,"SHARE18",,"..",
433,9/21/2006,"2006-07","2005-06","C",100,1,4.5,,11/20/2006,9/20/2006,9/20/2006,"INVEST",,"BX DENIMS to BEXTEX",
423,12/30/2006,"2006-07","2005-06","F",6,,,,2/28/2007,12/7/2006,12/7/2006,"INVEST",,,
410,1/25/2007,"2006-07","2005-06","F",5,,,,3/26/2007,1/10/2007,1/25/2007,"SHARE18",,"..",
282,12/30/2006,"2006-07","2005-06","F",3,,,,2/28/2007,12/17/2006,12/30/2006,"SHARE18",,"..",
279,12/21/2006,"2006-07","2005-06","F",2,,,,2/19/2007,12/14/2006,12/21/2006,"SHARE18",,,
482,12/22/2006,"2006-07","2005-06","F",10,,,,2/20/2007,12/4/2006,12/22/2006,"SHARE18",,"..",
213,12/27/2006,"2006-07","2005-06","F",85,,,,2/25/2007,12/5/2006,12/7/2006,"SHARE18",,"..",
480,4/9/2007,"2006-07","2005-06","R",,5,1,5,6/8/2007,4/9/2007,4/9/2007,"MERCHAN1",,,
115,3/28/2007,"2006-07","2005-06","B",,100,20,,5/27/2007,3/7/2007,3/7/2007,"INVEST",,,
115,3/28/2007,"2006-07","2005-06","C",426,100,20,,5/27/2007,3/7/2007,3/7/2007,"SHARE01",,".",
113,3/29/2007,"2006-07","2005-06","B",,100,30,,5/28/2007,3/12/2007,3/12/2007,"SHARE18",,,
113,3/29/2007,"2006-07","2005-06","C",540,100,30,,5/28/2007,3/12/2007,3/12/2007,"MERCHAN1",,,
302,3/3/2007,"2006-07","2005-06","F",60,,,,5/2/2007,2/15/2007,2/15/2007,"SHARE18",,"..",
303,3/10/2007,"2006-07","2005-06","F",15,,,,5/9/2007,2/25/2007,3/10/2007,"SHARE18",,"..",
106,3/31/2007,"2006-07","2005-06","B",,100,75,,5/30/2007,3/7/2007,3/7/2007,"MERCHAN1",,,
106,3/31/2007,"2006-07","2005-06","C",956,100,75,,5/30/2007,3/7/2007,3/7/2007,"SHARE19",,".",
732,4/29/2007,"2006-07","2005-06","B",,100,10,,6/28/2007,4/12/2007,4/12/2007,"SHARE18",,,
632,4/29/2007,"2006-07","2005-06","C",400,100,10,,6/28/2007,4/12/2007,4/12/2007,"SHARE18",,,
732,4/29/2007,"2006-07","2005-06","C",353,100,10,,6/28/2007,4/12/2007,4/12/2007,"SHARE01",,,
213,12/27/2006,"2006-07","2005-06","B",,3,1,,2/25/2007,12/5/2006,12/27/2006,"SHARE18",,,
419,9/7/1997,"1997-98","1996-97","B",,100,20,,11/6/1997,8/27/1997,9/7/1997,"INVEST",,,
419,11/17/1994,"1994-95","1993-94","R",,20,7,250,1/16/1995,11/16/1994,11/17/1994,"INVEST",,,
114,4/22/2007,"2006-07","2005-06","B",,100,8,,6/21/2007,4/4/2007,4/4/2007,"MERCHAN1",,,
114,4/22/2007,"2006-07","2005-06","C",400,100,8,,6/21/2007,4/4/2007,4/4/2007,"MERCHAN1",,,
135,4/16/2007,"2006-07","2005-06","B",,3,1,,6/15/2007,3/22/2007,3/22/2007,"SHARE11",,,
135,4/16/2007,"2006-07","2005-06","C",855,3,1,,6/15/2007,3/22/2007,3/22/2007,"SHARE01",,".",
443,3/24/2007,"2006-07","2005-06","F",7.5,,,,5/23/2007,2/23/2007,3/24/2007,"SHARE18",,"..",
137,5/7/2007,"2006-07","2005-06","F",20,,,,7/6/2007,4/10/2007,4/10/2007,"SHARE18",,"..",
114,4/22/2007,"2006-07","2005-06","F",20,,,,6/21/2007,4/4/2007,4/4/2007,"SHARE21",,,
116,4/29/2007,"2006-07","2005-06","B",,100,12.5,,6/28/2007,4/5/2007,4/5/2007,"SHARE18",,,
116,4/29/2007,"2006-07","2005-06","C",346,100,12.5,,6/28/2007,4/5/2007,4/5/2007,"SHARE01",,".",
719,4/25/2007,"2006-07","2005-06","B",,100,20,,6/24/2007,4/8/2007,4/8/2007,"SHARE18",,,
719,4/25/2007,"2006-07","2005-06","C",543,100,20,,6/24/2007,4/8/2007,4/8/2007,"SHARE01",,".",
119,5/17/2007,"2006-07","2005-06","B",,100,5,,7/16/2007,4/12/2007,4/12/2007,"SHARE18",,,
119,5/17/2007,"2006-07","2005-06","C",436,100,5,,7/16/2007,4/12/2007,4/12/2007,"SHARE13",,"..",
124,6/21/2006,"2005-06","2004-05","B",,100,20,,8/20/2006,6/1/2006,6/21/2006,"MERCHAN1",,,
121,4/29/2007,"2006-07","2005-06","F",10,,,,6/28/2007,4/12/2007,4/12/2007,"SHARE01",,".",
117,5/22/2007,"2006-07","2005-06","R",,1,1,,7/21/2007,5/22/2007,5/22/2007,"SHARE18",,"..",
105,4/10/2007,"2006-07","2005-06","B",,2,1,,6/9/2007,3/19/2007,3/19/2007,"MERCHAN1",,,
105,4/10/2007,"2006-07","2005-06","C",700,2,1,,6/9/2007,3/19/2007,3/19/2007,"MERCHAN1",,,
125,6/3/2007,"2006-07","2005-06","B",,100,25,,8/2/2007,5/3/2007,5/3/2007,"SHARE13",,,
125,6/3/2007,"2006-07","2005-06","C",430.5,100,25,,8/2/2007,5/3/2007,5/3/2007,"SHARE13",,".",
719,4/25/2007,"2006-07","2005-06","F",10,,,,6/24/2007,4/8/2007,4/8/2007,"SHARE01",,".",
122,4/30/2007,"2006-07","2005-06","B",,100,25,,6/29/2007,3/29/2007,3/29/2007,"SHARE01",,,
122,4/30/2007,"2006-07","2005-06","C",376,100,25,,6/29/2007,3/29/2007,3/29/2007,"SHARE01",,"..",
223,3/28/2007,"2006-07","2005-06","F",2,,,,5/27/2007,3/12/2007,3/28/2007,"SHARE01",,"..",
121,4/29/2007,"2006-07","2005-06","B",,100,17,,6/28/2007,4/12/2007,4/12/2007,"SHARE01",,,
121,4/29/2007,"2006-07","2005-06","C",332,100,17,,6/28/2007,4/12/2007,4/12/2007,"SHARE01",,".",
145,9/27/2004,"2004-05","2003-04","B",,100,10,,11/26/2004,9/9/2004,9/27/2004,"INVEST",,"bb",
732,4/29/2007,"2006-07","2005-06","F",20,,,,6/28/2007,4/12/2007,4/12/2007,"SHARE01",,".",
102,6/4/2007,"2006-07","2005-06","B",,100,10,,8/3/2007,5/8/2007,5/8/2007,"SHARE01",,,
102,6/4/2007,"2006-07","2005-06","C",566.5,100,10,,8/3/2007,5/8/2007,5/8/2007,"SHARE01",,"..",
742,5/22/2007,"2006-07","2005-06","C",318,100,5,,7/21/2007,4/22/2007,4/22/2007,"SHARE01",,".",
449,6/7/2007,"2006-07","2005-06","B",,100,15,,8/6/2007,5/10/2007,5/10/2007,"MERCHAN1",,,
123,5/31/2007,"2006-07","2005-06","B",,100,25,,7/30/2007,5/7/2007,5/7/2007,"MERCHAN1",,,
123,5/31/2007,"2006-07","2005-06","C",387,100,25,,7/30/2007,5/7/2007,5/7/2007,"SHARE01",,".",
305,5/31/2007,"2006-07","2005-06","B",,100,20,,7/30/2007,5/13/2007,5/13/2007,"MERCHAN1",,,
305,5/31/2007,"2006-07","2005-06","C",400,100,20,,7/30/2007,5/13/2007,5/13/2007,"MERCHAN1",,".",
742,5/22/2007,"2006-07","2005-06","B",,100,5,,7/21/2007,4/22/2007,4/22/2007,"MERCHAN1",,,
449,6/7/2007,"2006-07","2005-06","C",110.8,100,15,,8/6/2007,5/10/2007,5/10/2007,"SHARE01",,".",
740,5/28/2007,"2006-07","2005-06","F",10,,,,7/27/2007,4/30/2007,4/30/2007,"SHARE01",,".",
119,5/17/2007,"2006-07","2005-06","F",20,,,,7/16/2007,4/12/2007,4/12/2007,"SHARE01",,,
621,4/26/2007,"2006-07","2005-06","F",25,,,,6/25/2007,4/3/2007,4/3/2007,"SHARE01",,"..",
135,4/16/2007,"2006-07","2005-06","F",5,,,,6/15/2007,3/22/2007,3/22/2007,"SHARE11",,,
741,5/21/2007,"2006-07","2005-06","F",15,,,,7/20/2007,5/2/2007,5/2/2007,"SHARE01",,"..",
120,4/29/2007,"2006-07","2005-06","B",,100,20,,6/28/2007,4/8/2007,4/8/2007,"SHARE01",,,
120,4/29/2007,"2006-07","2005-06","C",369,100,20,,6/28/2007,4/8/2007,4/8/2007,"MERCHAN1",,"..",
733,5/28/2007,"2006-07","2005-06","F",15,,,,7/27/2007,5/2/2007,5/2/2007,"SHARE01",,".",
259,6/6/2007,"2006-07","2005-06","F",30,,,,8/5/2007,5/10/2007,5/10/2007,"SHARE01",,,
209,5/14/2007,"2006-07","2005-06","F",35,,,,7/13/2007,4/19/2007,4/19/2007,"SHARE01",,,
301,5/10/2007,"2006-07","2005-06","F",70,,,,7/9/2007,4/10/2007,4/10/2007,"SHARE01",,,
718,6/14/2007,"2006-07","2005-06","F",15,,,,8/13/2007,5/24/2007,5/24/2007,"SHARE01",,".",
203,5/20/2007,"2006-07","2005-06","F",30,,,,7/19/2007,5/2/2007,5/2/2007,"SHARE01",,"..",
457,6/16/2007,"2006-07","2005-06","F",50,,,,8/15/2007,5/24/2007,5/24/2007,"SHARE01",,"..",
146,6/7/2007,"2006-07","2005-06","F",15,,,,8/6/2007,5/24/2007,5/24/2007,"SHARE01",,".",
454,5/24/2007,"2006-07","2005-06","F",10,,,,7/23/2007,4/24/2007,4/24/2007,"SHARE01",,"..",
484,5/28/2007,"2006-07","2005-06","F",110,,,,7/27/2007,4/19/2007,4/19/2007,"SHARE01",,".",
742,5/22/2007,"2006-07","2005-06","F",10,,,,7/21/2007,4/22/2007,4/22/2007,"SHARE01",,"..",
132,6/28/2007,"2006-07","2005-06","F",30,,,,8/27/2007,5/30/2007,5/30/2007,"SHARE01",,".",
109,4/30/2007,"2006-07","2005-06","B",,1,1,,6/29/2007,4/1/2007,4/30/2007,"SHARE01",,,
109,4/30/2007,"2006-07","2005-06","C",400,1,1,,6/29/2007,4/1/2007,4/30/2007,"SHARE01",,".",
457,6/16/2007,"2006-07","2005-06","B",,100,20,,8/15/2007,5/24/2007,5/24/2007,"SHARE01",,,
457,6/16/2007,"2006-07","2005-06","C",4848.5,100,20,,8/15/2007,5/24/2007,5/24/2007,"SHARE01",,"..",
133,5/10/2007,"2006-07","2005-06","B",,100,30,,7/9/2007,4/15/2007,4/15/2007,"SHARE01",,,
133,5/10/2007,"2006-07","2005-06","C",500,100,30,,7/9/2007,4/15/2007,4/15/2007,"SHARE01",,".",
112,5/13/2007,"2006-07","2005-06","B",,100,35,,7/12/2007,4/15/2007,4/15/2007,"SHARE01",,,
112,5/13/2007,"2006-07","2005-06","C",410,100,35,,7/12/2007,4/15/2007,4/15/2007,"SHARE01",,".",
127,6/18/2007,"2006-07","2005-06","B",,100,20,,8/17/2007,5/31/2007,5/31/2007,"MERCHAN1",,,
127,6/18/2007,"2006-07","2005-06","C",340,100,20,,8/17/2007,5/31/2007,5/31/2007,"SHARE01",,".",
480,12/22/2006,"2006-07","2005-06","B",,100,20,,2/20/2007,12/4/2006,12/4/2006,"SHARE01",,,
480,12/22/2006,"2006-07","2005-06","C",110,100,20,,2/20/2007,12/4/2006,12/4/2006,"SHARE01",,".",
218,6/7/2007,"2006-07","2005-06","B",,100,5,,8/6/2007,5/20/2007,5/20/2007,"SHARE01",,,
218,6/7/2007,"2006-07","2005-06","C",210,100,5,,8/6/2007,5/20/2007,5/20/2007,"SHARE01",,".",
449,6/7/2007,"2006-07","2005-06","F",30,,,,8/6/2007,5/10/2007,5/10/2007,"SHARE11",,".",
111,6/12/2007,"2006-07","2005-06","F",20,,,,8/11/2007,5/20/2007,5/20/2007,"SHARE01",,".",
472,6/6/2005,"2004-05","2003-04","C",100,100,10,,8/5/2005,5/19/2005,6/6/2005,"SHARE01",,,
112,7/25/2007,"2007-08","2006-07","B",,1,9,,9/23/2007,7/25/2007,7/25/2007,"MERCHAN1",,"1:10 Conversion Shares",
111,6/12/2007,"2006-07","2005-06","B",,100,25,,8/11/2007,5/20/2007,5/20/2007,"SHARE01",,,
111,6/12/2007,"2006-07","2005-06","C",100,100,25,,8/11/2007,5/20/2007,5/20/2007,"SHARE01",,,
118,4/30/2007,"2006-07","2005-06","F",25,,,,6/29/2007,4/15/2007,4/15/2007,"SHARE18",,".",
149,12/20/2006,"2006-07","2005-06","B",,100,10,,2/18/2007,11/30/2006,11/30/2006,"SHARE18",,,
433,9/21/2006,"2006-07","2005-06","B",,1,4.5,,11/20/2006,9/20/2006,9/20/2006,"TRANS12",,"BX DENIMS to BEXTEX Ltd.",
431,9/22/2006,"2006-07","2005-06","B",,1,3,,11/21/2006,9/20/2006,9/20/2006,"TRANS12",,"BX TEX Ltd.  to BEXTEX Ltd.",
421,9/23/2006,"2006-07","2005-06","B",,1,2,,11/22/2006,9/20/2006,9/20/2006,"TRANS12",,"BX KNIT to BEXTEX Ltd.",
464,12/27/2006,"2006-07","2005-06","F",16,,,,2/25/2007,12/12/2006,12/27/2006,"SHARE18",,"..",
476,12/27/2006,"2006-07","2005-06","F",10,,,,2/25/2007,11/26/2006,12/27/2006,"SHARE18",,"..",
610,12/29/2006,"2006-07","2005-06","F",50,,,,2/27/2007,12/20/2006,12/29/2006,"SHARE18",,"..",
482,4/9/2007,"2006-07","2005-06","R",,100,10,,6/8/2007,4/9/2007,4/9/2007,"SHARE18",,"..",
417,12/30/2006,"2006-07","2005-06","F",5,,,,2/28/2007,12/7/2006,12/7/2006,"SHARE19",,"..",
306,2/12/2007,"2006-07","2005-06","F",20,,,,4/13/2007,1/16/2007,1/16/2007,"SHARE19",,,
116,4/29/2007,"2006-07","2005-06","F",10,,,,6/28/2007,4/5/2007,4/5/2007,"SHARE18",,".",
229,3/17/2007,"2006-07","2005-06","F",15,,,,5/16/2007,2/20/2007,2/20/2007,"SHARE18",,,
459,4/4/2007,"2006-07","2005-06","F",200,,,,6/3/2007,3/14/2007,3/14/2007,"SHARE18",,"..",
553,3/15/2007,"2006-07","2005-06","F",10,,,,5/14/2007,3/1/2007,3/15/2007,"SHARE18",,,
109,4/30/2007,"2006-07","2005-06","F",20,,,,6/29/2007,4/1/2007,4/30/2007,"SHARE01",,,
145,9/7/2005,"2005-06","2004-05","B",,10,1,,11/6/2005,8/19/2005,9/7/2005,"SHARE11",,,
736,6/7/2007,"2006-07","2005-06","F",12.5,,,,8/6/2007,4/30/2007,4/30/2007,"SHARE01",,"..",
145,9/27/2004,"2004-05","2003-04","C",120,100,10,,11/26/2004,9/9/2004,9/27/2004,"SHARE11",,,
603,5/30/2007,"2006-07","2005-06","F",105,,,,7/29/2007,5/3/2007,5/3/2007,"SHARE01",,".",
141,5/24/2007,"2006-07","2005-06","F",10,,,,7/23/2007,4/25/2007,4/25/2007,"SHARE01",,".",
718,6/14/2007,"2006-07","2005-06","B",,100,15,,8/13/2007,5/24/2007,5/24/2007,"SHARE07",,,
718,6/14/2007,"2006-07","2005-06","C",100,100,15,,8/13/2007,5/24/2007,5/24/2007,"SHARE07",,,
120,8/2/2007,"2007-08","2006-07","R",,100,50,0,10/1/2007,8/2/2007,8/2/2007,"SHARE11",,,
649,6/26/2007,"2006-07","2005-06","F",15,,,,8/25/2007,6/8/2007,6/26/2007,"SHARE09",,".",
104,8/31/2007,"2007-08","2006-07","B",,100,10,,10/30/2007,7/31/2007,7/31/2007,"SHARE01",,,
131,6/25/2007,"2006-07","2005-06","F",8,,,,8/24/2007,5/30/2007,5/30/2007,"SHARE01",,".",
721,6/28/2007,"2006-07","2005-06","F",20,,,,8/27/2007,5/27/2007,5/27/2007,"SHARE01",,".",
729,6/23/2007,"2006-07","2005-06","B",,100,30,,8/22/2007,5/30/2007,5/30/2007,"SHARE01",,,
729,6/23/2007,"2006-07","2005-06","C",256,100,30,,8/22/2007,5/30/2007,5/30/2007,"SHARE19",,".",
140,6/27/2007,"2006-07","2005-06","B",,100,21,,8/26/2007,6/5/2007,6/5/2007,"SHARE02",,".",
140,6/27/2007,"2006-07","2005-06","C",363,100,21,,8/26/2007,6/5/2007,6/5/2007,"SHARE02",,".",
124,6/20/2007,"2006-07","2005-06","B",,100,20,,8/19/2007,6/1/2007,6/20/2007,"SHARE01",,,
142,6/28/2007,"2006-07","2005-06","B",,100,12,,8/27/2007,6/6/2007,6/6/2007,"SHARE01",,,
142,6/28/2007,"2006-07","2005-06","C",154,100,12,,8/27/2007,6/6/2007,6/6/2007,"SHARE09",,".",
455,6/26/2007,"2006-07","2005-06","F",60,,,,8/25/2007,5/24/2007,5/24/2007,"SHARE01",,".",
731,6/21/2007,"2006-07","2005-06","F",8,,,,8/20/2007,5/31/2007,5/31/2007,"SHARE11",,".",
140,6/27/2007,"2006-07","2005-06","F",10,,,,8/26/2007,6/5/2007,6/5/2007,"SHARE11",,".",
725,6/27/2007,"2006-07","2005-06","F",7,,,,8/26/2007,6/3/2007,6/3/2007,"SHARE07",,".",
724,6/28/2007,"2006-07","2005-06","F",10,,,,8/27/2007,6/3/2007,6/3/2007,"SHARE01",,".",
465,6/22/2007,"2006-07","2005-06","F",21,,,,8/21/2007,5/23/2007,5/23/2007,"SHARE01",,".",
225,6/20/2007,"2006-07","2005-06","F",16,,,,8/19/2007,5/21/2007,5/21/2007,"SHARE01",,".",
211,6/24/2007,"2006-07","2005-06","F",10,,,,8/23/2007,6/7/2007,6/24/2007,"SHARE01",,".",
606,6/28/2007,"2006-07","2005-06","F",25,,,,8/27/2007,6/10/2007,6/28/2007,"SHARE01",,".",
139,6/27/2007,"2006-07","2005-06","B",,100,30,,8/26/2007,6/10/2007,6/10/2007,"SHARE01",,,
139,6/27/2007,"2006-07","2005-06","C",100,100,30,,8/26/2007,6/10/2007,6/10/2007,"SHARE01",,,
262,6/10/2007,"2006-07","2005-06","F",20,,,,8/9/2007,5/19/2007,5/19/2007,"SHARE01",,,
131,6/25/2007,"2006-07","2005-06","B",,100,7,,8/24/2007,5/30/2007,5/30/2007,"SHARE01",,,
131,6/25/2007,"2006-07","2005-06","C",304,100,7,,8/24/2007,5/30/2007,5/30/2007,"SHARE01",,".",
447,6/21/2007,"2006-07","2005-06","F",4,,,,8/20/2007,5/27/2007,5/27/2007,"SHARE01",,".",
606,8/14/2007,"2007-08","2006-07","I",25,,,,10/13/2007,7/30/2007,8/14/2007,"SHARE01",,".",
557,6/28/2007,"2006-07","2005-06","B",,100,10,,8/27/2007,6/7/2007,6/7/2007,"SHARE01",,,
557,6/28/2007,"2006-07","2005-06","C",20,100,10,,8/27/2007,6/7/2007,6/7/2007,"SHARE01",,".",
144,8/22/2007,"2007-08","2006-07","B",,100,20,,10/21/2007,7/26/2007,7/26/2007,"SHARE01",,,
144,8/22/2007,"2007-08","2006-07","C",2390,100,20,,10/21/2007,7/26/2007,7/26/2007,"SHARE12",,".",
717,8/19/2007,"2007-08","2006-07","B",,100,20,,10/18/2007,7/30/2007,7/30/2007,"SHARE13",,,
717,8/19/2007,"2007-08","2006-07","C",825,100,20,,10/18/2007,7/30/2007,7/30/2007,"SHARE01",,".",
101,9/6/2007,"2007-08","2006-07","B",,100,30,,11/5/2007,8/1/2007,8/1/2007,"SHARE13",,,
101,9/6/2007,"2007-08","2006-07","C",300,100,30,,11/5/2007,8/1/2007,8/1/2007,"SHARE13",,".",
164,8/15/2007,"2007-08","2006-07","F",12,,,,10/14/2007,8/15/2007,8/15/2007,"SHARE01",,".",
126,9/9/2007,"2007-08","2006-07","C",100,7,1,,11/8/2007,8/9/2007,8/9/2007,"SHARE01",,,
162,8/15/2007,"2007-08","2006-07","F",20,,,,10/14/2007,8/15/2007,8/15/2007,"SHARE01",,"..",
126,9/9/2007,"2007-08","2006-07","B",,7,1,,11/8/2007,8/9/2007,8/9/2007,"SHARE01",,,
477,9/12/2007,"2007-08","2006-07","B",,2,1,,11/11/2007,8/15/2007,8/15/2007,"SHARE07",,,
477,9/12/2007,"2007-08","2006-07","F",50,,,,11/11/2007,8/15/2007,8/15/2007,"SHARE07",,,
477,9/12/2007,"2007-08","2006-07","C",2793.25,2,1,,11/11/2007,8/15/2007,8/15/2007,"MERCHAN1",,".",
728,9/8/2007,"2007-08","2006-07","B",,100,10,,11/7/2007,8/9/2007,8/9/2007,"SHARE01",,,
728,9/8/2007,"2007-08","2006-07","C",250,100,20,,11/7/2007,8/9/2007,8/9/2007,"SHARE01",,".",
143,7/25/2007,"2007-08","2006-07","B",,100,20,,9/23/2007,7/4/2007,7/25/2007,"SHARE01",,,
730,8/29/2007,"2007-08","2006-07","F",12,,,,10/28/2007,8/1/2007,8/1/2007,"SHARE01",,".",
117,10/18/2007,"2007-08","2006-07","B",,1,9,,12/17/2007,10/18/2007,10/18/2007,"MERCHAN1",,"Conversion of 1:10 shares",
154,8/30/2007,"2007-08","2006-07","F",56,,,,10/29/2007,8/15/2007,8/23/2007,"SHARE19",,".",
152,8/30/2007,"2007-08","2006-07","F",190,,,,10/29/2007,8/15/2007,8/23/2007,"SHARE19",,".",
153,8/30/2007,"2007-08","2006-07","F",62,,,,10/29/2007,8/15/2007,8/23/2007,"SHARE19",,".",
155,8/30/2007,"2007-08","2006-07","F",52,,,,10/29/2007,8/15/2007,8/23/2007,"SHARE19",,".",
156,8/30/2007,"2007-08","2006-07","F",33,,,,10/29/2007,8/15/2007,8/23/2007,"SHARE19",,".",
157,8/30/2007,"2007-08","2006-07","F",23,,,,10/29/2007,8/15/2007,8/23/2007,"SHARE19",,".",
158,8/30/2007,"2007-08","2006-07","F",22.5,,,,10/29/2007,8/15/2007,8/23/2007,"SHARE19",,".",
159,8/30/2007,"2007-08","2006-07","F",18,,,,10/29/2007,8/15/2007,8/23/2007,"SHARE19",,".",
152,8/30/2007,"2007-08","2006-07","B",,100,50,,10/29/2007,8/15/2007,8/23/2007,"SHARE01",,,
152,8/30/2007,"2007-08","2006-07","C",8452,100,50,,10/29/2007,8/15/2007,8/23/2007,"MERCHAN1",,".",
555,9/6/2007,"2007-08","2006-07","B",,100,20,,11/5/2007,8/1/2007,8/1/2007,"SHARE01",,,
555,9/6/2007,"2007-08","2006-07","C",50,100,20,,11/5/2007,8/1/2007,8/1/2007,"SHARE01",,".",
618,9/6/2007,"2007-08","2006-07","B",,100,15,,11/5/2007,8/1/2007,8/1/2007,"SHARE01",,,
618,9/6/2007,"2007-08","2006-07","C",134,100,15,,11/5/2007,8/1/2007,8/1/2007,"SHARE01",,".",
452,9/2/2007,"2007-08","2006-07","B",,100,10,,11/1/2007,8/1/2007,8/1/2007,"SHARE01",,,
452,9/2/2007,"2007-08","2006-07","C",521,100,10,,11/1/2007,8/1/2007,8/1/2007,"SHARE01",,".",
108,9/9/2007,"2007-08","2006-07","B",,100,30,,11/8/2007,8/16/2007,8/16/2007,"SHARE08",,".",
108,9/9/2007,"2007-08","2006-07","C",4721.5,100,30,,11/8/2007,8/16/2007,8/16/2007,"SHARE08",,".",
472,9/8/2007,"2007-08","2006-07","B",,100,15,,11/7/2007,8/1/2007,8/1/2007,"SHARE01",,,
472,9/8/2007,"2007-08","2006-07","C",852,100,15,,11/7/2007,8/1/2007,8/1/2007,"SHARE01",,".",
419,9/8/2007,"2007-08","2006-07","B",,100,10,,11/7/2007,8/1/2007,8/1/2007,"SHARE01",,,
254,12/22/2001,"2001-02","2000-01","F",10,,,,2/20/2002,11/28/2001,12/22/2001,"SHARE27",,,
420,12/22/2001,"2001-02","2000-01","F",15,,,,2/20/2002,11/28/2001,12/22/2001,"SHARE27",,,
467,12/19/2001,"2001-02","2000-01","F",10,,,,2/17/2002,11/30/2001,12/19/2001,"SHARE27",,,
627,12/20/2001,"2001-02","2000-01","F",5,,,,2/18/2002,11/30/2001,12/20/2001,"SHARE27",,,
603,12/5/2001,"2001-02","2001","I",50,,,,2/3/2002,11/27/2001,12/5/2001,"SHARE26",,,
638,12/12/2001,"2001-02","2000-01","F",16,,,,2/10/2002,11/27/2001,12/12/2001,"SHARE27",,,
214,12/24/2001,"2001-02","2000-01","F",12,,,,2/22/2002,11/30/2001,12/24/2001,"SHARE27",,,
437,12/12/2001,"2001-02","2000-01","F",5,,,,2/10/2002,11/28/2001,12/12/2001,"SHARE27",,,
413,12/12/2001,"2001-02","2000-01","F",7.5,,,,2/10/2002,11/20/2001,12/12/2001,"SHARE27",,,
114,8/8/2001,"2001-02","2000-01","D",260.46,10,1,,10/7/2001,7/19/2001,8/8/2001,"SHARE26",,,
112,12/22/2001,"2001-02","2000-01","F",12,,,,2/20/2002,12/3/2001,12/22/2001,"SHARE27",,,
401,12/30/2001,"2001-02","2000-01","F",10,,,,2/28/2002,12/24/2001,12/30/2001,"SHARE27",,,
441,12/30/2001,"2001-02","2000-01","F",5,,,,2/28/2002,12/1/2001,12/30/2001,"SHARE27",,,
402,12/27/2001,"2001-02","2000-01","F",5,,,,2/25/2002,12/13/2001,12/27/2001,"SHARE27",,,
213,12/27/2001,"2001-02","2000-01","F",125,,,,2/25/2002,12/6/2001,12/27/2001,"SHARE27",,,
288,12/24/2001,"2001-02","2000-01","F",8,,,,2/22/2002,12/8/2001,12/24/2001,"SHARE27",,,
624,12/24/2001,"2001-02","2000-01","F",30,,,,2/22/2002,12/1/2001,12/24/2001,"SHARE27",,,
640,12/24/2001,"2001-02","2000-01","F",20,,,,2/22/2002,12/2/2001,12/24/2001,"SHARE27",,,
289,12/24/2001,"2001-02","2000-01","F",10,,,,2/22/2002,12/2/2001,12/24/2001,"SHARE27",,,
282,12/30/2001,"2001-02","2000-01","F",10,,,,2/28/2002,12/15/2001,12/30/2001,"SHARE27",,,
629,12/27/2001,"2001-02","2000-01","F",10,,,,2/25/2002,12/2/2001,12/27/2001,"SHARE27",,,
475,12/26/2001,"2001-02","2000-01","F",12.5,,,,2/24/2002,12/17/2001,12/26/2001,"SHARE27",,,
276,12/26/2001,"2001-02","2000-01","F",12,,,,2/24/2002,12/12/2001,12/26/2001,"SHARE27",,,
647,12/30/2001,"2001-02","2000-01","F",10,,,,2/28/2002,12/1/2001,12/30/2001,"SHARE27",,,
615,12/12/2001,"2001-02","2000-01","F",5,,,,2/10/2002,12/3/2001,12/12/2001,"SHARE27",,,
607,12/26/2001,"2001-02","2000-01","F",20,,,,2/24/2002,12/12/2001,12/26/2001,"SHARE27",,,
206,12/27/2001,"2001-02","2000-01","F",50,,,,2/25/2002,12/12/2001,12/27/2001,"SHARE27",,,
436,1/10/2002,"2001-02","2000-01","F",10,,,,3/11/2002,12/21/2001,1/10/2002,"SHARE27",,,
554,12/27/2001,"2001-02","2000-01","F",12,,,,2/25/2002,12/20/2001,12/27/2001,"SHARE27",,,
643,12/27/2001,"2001-02","2000-01","F",7,,,,2/25/2002,12/6/2001,12/27/2001,"SHARE27",,,
609,12/31/2001,"2001-02","2000-01","F",12.5,,,,3/1/2002,12/18/2001,12/31/2001,"SHARE27",,,
610,12/28/2001,"2001-02","2000-01","F",50,,,,2/26/2002,12/9/2001,12/28/2001,"SHARE27",,,
631,12/26/2001,"2001-02","2000-01","F",5,,,,2/24/2002,12/5/2001,12/26/2001,"SHARE27",,,
601,12/24/2001,"2001-02","2000-01","F",12,,,,2/22/2002,12/2/2001,12/24/2001,"SHARE27",,,
630,12/24/2001,"2001-02","2000-01","F",0,,,,2/22/2002,12/10/2001,12/24/2001,"SHARE27",,,
142,9/24/2001,"2001-02","2000-01","F",15,,,,11/9/2001,8/20/2001,9/10/2001,"SHARE27",,,
181,11/25/2001,"2001-02","2000-01","F",7.5,,,,1/24/2002,11/15/2001,11/25/2001,"SHARE27",,,
259,11/26/2001,"2001-02","2001","B",,2,1,,1/25/2002,11/5/2001,11/26/2001,"SHARE26",,,
635,12/26/2001,"2001-02","2000-01","F",0,,,,2/24/2002,12/1/2001,12/26/2001,"SHARE26",,,
151,10/31/2001,"2001-02","2000-01","F",7,,,,12/30/2001,10/22/2001,10/31/2001,"SHARE26",,,
116,5/28/2001,"2000-01","1999-00","B",,10,1,,7/27/2001,5/15/2001,5/28/2001,"SHARE09",,,
410,3/7/2002,"2001-02","2000-01","F",10,,,,5/6/2002,2/21/2002,3/7/2002,"SHARE26",,,
301,1/31/2002,"2001-02","2000-01","F",44,,,,4/1/2002,1/3/2002,1/31/2002,"SHARE26",,,
303,2/14/2002,"2001-02","2000-01","F",20,,,,4/15/2002,2/8/2002,2/14/2002,"SHARE27",,,
270,12/15/2001,"2001-02","2000-01","F",0,,,,2/13/2002,12/1/2001,12/15/2001,"SHARE26",,,
632,12/19/2001,"2001-02","2000-01","F",0,,,,2/17/2002,11/30/2001,12/19/2001,"SHARE26",,,
226,12/11/2001,"2001-02","2000-01","F",0,,,,2/9/2002,11/29/2001,12/11/2001,"SHARE26",,,
639,12/31/2001,"2001-02","2000-01","F",0,,,,3/1/2002,12/15/2001,12/31/2001,"SHARE26",,,
478,12/20/2001,"2001-02","2000-01","F",0,,,,2/18/2002,12/11/2001,12/20/2001,"SHARE26",,,
284,12/24/2001,"2001-02","2000-01","F",0,,,,2/22/2002,12/15/2001,12/24/2001,"SHARE26",,,
416,12/27/2001,"2001-02","2000-01","F",0,,,,2/25/2002,12/21/2001,12/27/2001,"SHARE26",,,
277,12/24/2001,"2001-02","2000-01","F",0,,,,2/22/2002,12/15/2001,12/24/2001,"SHARE26",,,
279,12/24/2001,"2001-02","2000-01","F",0,,,,2/22/2002,12/10/2001,12/24/2001,"SHARE26",,,
252,3/13/2002,"2001-02","2000-01","F",30,,,,5/12/2002,2/27/2002,3/13/2002,"SHARE27",,,
302,3/4/2002,"2001-02","2000-01","F",50,,,,5/3/2002,2/26/2002,3/4/2002,"SHARE27",,,
553,3/14/2002,"2001-02","2000-01","F",10,,,,5/13/2002,2/28/2002,3/14/2002,"SHARE27",,,
118,3/28/2002,"2001-02","2000-01","F",17.5,,,,5/27/2002,3/8/2002,3/28/2002,"SHARE27",,,
223,3/30/2002,"2001-02","2000-01","F",10,,,,5/29/2002,3/24/2002,3/30/2002,"SHARE27",,,
465,3/23/2002,"2001-02","2000-01","F",27,,,,5/22/2002,3/13/2002,3/23/2002,"SHARE26",,"18%(FDIV) FY-2000-01 & 9%(IDIV) For The 01-JUL-01 to 31-DEC-01,i.e.FY-2001-02,One Warrent Received",
355,3/30/2002,"2001-02","2000-01","F",10,,,,5/29/2002,3/16/2002,3/30/2002,"SHARE27",,,
217,3/24/2002,"2001-02","2000-01","F",35,,,,5/23/2002,3/10/2002,3/24/2002,"SHARE27",,,
113,4/15/2002,"2001-02","2000-01","F",30,,,,6/14/2002,3/24/2002,4/15/2002,"SHARE27",,,
613,3/24/2002,"2001-02","2000-01","F",6,,,,5/23/2002,3/8/2002,3/24/2002,"SHARE27",,,
259,6/27/2002,"2001-02","2001","F",60,,,,8/26/2002,5/29/2002,6/27/2002,"SHARE26",,"Total Cash Dividend=120%",
218,5/26/2002,"2001-02","2000-01","F",30,,,,7/25/2002,5/18/2002,5/26/2002,"SHARE26",,,
625,5/22/2002,"2001-02","2001","F",25,,,,7/21/2002,5/16/2002,5/22/2002,"SHARE26",,,
449,6/13/2002,"2001-02","2000-01","F",30,,,,8/12/2002,5/17/2002,6/13/2002,"SHARE26",,,
139,5/20/2002,"2001-02","2001","F",23,,,,7/19/2002,4/30/2002,5/20/2002,"SHARE26",,,
644,4/25/2002,"2001-02","2000-01","F",15,,,,6/24/2002,4/5/2002,4/25/2002,"SHARE26",,,
137,5/12/2002,"2001-02","2000","F",40,,,,7/11/2002,4/15/2002,5/12/2002,"SHARE26",,,
719,5/19/2002,"2001-02","2000-01","F",25,,,,7/18/2002,4/29/2002,5/19/2002,"SHARE26",,,
116,5/7/2002,"2001-02","2000-01","F",30,,,,7/6/2002,4/18/2002,5/7/2002,"SHARE26",,"Bonus 5% i.e, 1B:20",
262,4/30/2002,"2001-02","2000-01","F",15,,,,6/29/2002,4/16/2002,4/30/2002,"SHARE26",,,
621,5/23/2002,"2001-02","2000-01","F",10,,,,7/22/2002,5/2/2002,5/23/2002,"SHARE27",,,
555,6/20/2002,"2001-02","2000-01","F",10,,,,8/19/2002,5/28/2002,6/20/2002,"SHARE27",,,
433,6/20/2002,"2001-02","2001","F",5,,,,8/19/2002,5/28/2002,6/20/2002,"SHARE26",,,
469,6/20/2002,"2001-02","2000-01","F",10,,,,8/19/2002,5/28/2002,6/20/2002,"SHARE27",,,
421,6/24/2002,"2001-02","2001","F",5,,,,8/23/2002,5/30/2002,6/24/2002,"SHARE26",,,
618,6/24/2002,"2001-02","2001","F",5,,,,8/23/2002,5/30/2002,6/24/2002,"SHARE26",,,
431,6/22/2002,"2001-02","2001","F",5,,,,8/21/2002,5/29/2002,6/22/2002,"SHARE26",,,
445,4/26/2002,"2001-02","2000-01","F",11,,,,6/25/2002,4/6/2002,4/26/2002,"SHARE27",,,
115,5/22/2002,"2001-02","2001","F",25,,,,7/21/2002,5/1/2002,5/22/2002,"SHARE26",,,
454,5/27/2002,"2001-02","2001","F",37.5,,,,7/26/2002,5/13/2002,5/27/2002,"SHARE26",,,
135,5/14/2002,"2001-02","2000-01","F",30,,,,7/13/2002,5/5/2002,5/14/2002,"SHARE27",,,
224,5/22/2002,"2001-02","2000-01","F",12,,,,7/21/2002,5/9/2002,5/22/2002,"SHARE27",,,
105,6/24/2002,"2001-02","2000-01","F",30,,,,8/23/2002,5/27/2002,6/24/2002,"SHARE27",,,
419,6/22/2002,"2001-02","2000-01","F",5,,,,8/21/2002,5/29/2002,6/22/2002,"SHARE27",,,
209,5/23/2002,"2001-02","2000-01","F",30,,,,7/22/2002,5/9/2002,5/23/2002,"SHARE27",,,
133,5/22/2002,"2001-02","2000-01","F",25,,,,7/21/2002,5/2/2002,5/22/2002,"SHARE27",,,
103,12/2/2001,"2001-02","1997","F",10,,,,1/31/2002,11/25/2001,12/2/2001,"SHARE26",,"AGM HELD ON -05-12-01",
106,5/14/2009,"2008-09","2007-08","C",399.5,100,30,,7/13/2009,4/9/2009,4/9/2009,"INVEST",,".",
103,12/3/2001,"2001-02","1998","F",10,,,,2/1/2002,11/25/2001,12/3/2001,"SHARE26",," AGM Held On -05-12-01",
103,12/4/2001,"2001-02","1999","F",10,,,,2/2/2002,11/25/2001,12/4/2001,"SHARE26",,"AGM Held On -05-12-01,BONUS-10%",
209,5/23/2002,"2001-02","2002","I",15,,,,7/22/2002,5/9/2002,5/23/2002,"SHARE26",,"1st Interim of FY-2002.",
455,6/27/2002,"2001-02","2000-01","F",37.5,,,,8/26/2002,6/11/2002,6/27/2002,"SHARE27",,,
203,6/24/2002,"2001-02","2000-01","F",20,,,,8/23/2002,6/10/2002,6/24/2002,"SHARE27",,,
603,6/20/2002,"2001-02","2001","F",50,,,,8/19/2002,6/2/2002,6/20/2002,"SHARE26",,,
271,6/26/2002,"2001-02","2000-01","F",5,,,,8/25/2002,6/3/2002,6/26/2002,"SHARE27",,,
452,6/29/2002,"2001-02","2001","F",15,,,,8/28/2002,6/5/2002,6/29/2002,"SHARE26",,,
472,6/26/2002,"2001-02","2000-01","F",5,,,,8/25/2002,6/3/2002,6/26/2002,"SHARE27",,,
211,6/20/2002,"2001-02","2000-01","F",14,,,,8/19/2002,6/9/2002,6/20/2002,"SHARE26",,"15th AGM",
140,6/26/2002,"2001-02","2000-01","F",15,,,,8/25/2002,6/6/2002,6/26/2002,"SHARE27",,,
606,6/26/2002,"2001-02","2001","F",45,,,,8/25/2002,6/3/2002,6/26/2002,"SHARE26",,,
132,6/23/2002,"2001-02","2000-01","F",35,,,,8/22/2002,6/9/2002,6/23/2002,"SHARE27",,,
645,6/21/2002,"2001-02","2000-01","F",10,,,,8/20/2002,6/13/2002,6/21/2002,"SHARE27",,,
104,6/20/2002,"2001-02","2001","F",25,,,,8/19/2002,6/2/2002,6/20/2002,"SHARE26",,,
439,6/29/2002,"2001-02","2000-01","F",5,,,,8/28/2002,6/16/2002,6/29/2002,"SHARE27",,,
464,6/21/2002,"2001-02","2000-01","F",15,,,,8/20/2002,6/8/2002,6/21/2002,"SHARE27",,,
207,6/30/2002,"2001-02","2000-01","F",25,,,,8/29/2002,6/19/2002,6/30/2002,"SHARE27",,,
718,6/20/2002,"2001-02","2001","F",30,,,,8/19/2002,6/6/2002,6/20/2002,"SHARE26",,"16th AGM",
285,6/22/2002,"2001-02","2000-01","F",10,,,,8/21/2002,6/14/2002,6/22/2002,"SHARE27",,,
146,6/15/2002,"2001-02","2000-01","F",30,,,,8/14/2002,6/1/2002,6/15/2002,"SHARE27",,,
468,6/20/2002,"2001-02","2000-01","F",13,,,,8/19/2002,6/2/2002,6/20/2002,"SHARE27",,,
101,6/29/2002,"2001-02","2001","F",25,,,,8/28/2002,6/8/2002,6/29/2002,"SHARE26",,,
201,6/29/2002,"2001-02","2000-01","F",10,,,,8/28/2002,6/17/2002,6/29/2002,"SHARE27",,,
447,6/24/2002,"2001-02","2000-01","F",8,,,,8/23/2002,6/3/2002,6/24/2002,"SHARE27",,,
103,10/5/2002,"2002-03","2001","F",25,,,,9/12/2002,6/20/2002,7/14/2002,"SHARE26",,,
457,6/30/2002,"2001-02","2000-01","F",40,,,,8/29/2002,6/19/2002,6/30/2002,"SHARE26",,,
459,6/27/2002,"2001-02","2001","F",33,,,,8/26/2002,6/14/2002,6/27/2002,"SHARE26",,,
259,6/27/2002,"2001-02","2002","I",40,,,,8/26/2002,5/29/2002,6/27/2002,"SHARE26",,"1st Interim",
108,11/8/1994,"1994-95","1993","B",,10,1,,1/7/1995,10/25/1994,11/8/1994,"SHARE26",,"Bonus Share FY-1993",
108,9/10/1996,"1996-97","1995","B",,100,15,,11/9/1996,8/21/1996,9/10/1996,"SHARE26",,"Bonus Share FY-1995",
113,4/15/2002,"2001-02","2000-01","D",,5,1,,6/14/2002,3/24/2002,4/15/2002,"SHARE26",,,
103,12/4/2001,"2001-02","1999","B",,100,10,,2/2/2002,11/25/2001,12/4/2001,"SHARE26",,,
103,12/2/2001,"2001-02","1997","B",,100,15,,1/31/2002,11/25/2001,12/2/2001,"SHARE26",,,
103,12/3/2001,"2001-02","1998","B",,100,15,,2/1/2002,11/25/2001,12/3/2001,"SHARE26",,,
103,12/4/2001,"2001-02","2000-01","C",226.78,100,10,,2/2/2002,11/25/2001,12/4/2001,"SHARE26",,"FY-1997,1998,1999",
621,4/15/1999,"1998-99","1997-98","F",500,,,,6/14/1999,4/1/1999,4/15/1999,"SHARE26",,"Per Folio Tk.-500/=",
144,7/18/2002,"2002-03","2001-02","F",35,,,,9/16/2002,7/1/2002,7/18/2002,"SHARE26",,,
114,8/5/2002,"2002-03","2001-02","F",30,,,,10/4/2002,7/17/2002,8/5/2002,"SHARE27",,,
112,7/25/2002,"2002-03","2001-02","F",7.5,,,,9/23/2002,7/11/2002,7/25/2002,"SHARE27",,,
258,7/15/2002,"2002-03","2001-02","F",25,,,,9/13/2002,7/1/2002,7/15/2002,"SHARE27",,,
131,8/29/2002,"2002-03","2001-02","F",18,,,,10/28/2002,7/31/2002,8/29/2002,"SHARE27",,,
426,9/28/2002,"2002-03","2001-02","F",10,,,,11/27/2002,6/22/2002,6/29/2002,"SHARE27",,,
647,12/29/2002,"2002-03","2001-02","F",10,,,,2/27/2003,11/30/2002,12/29/2002,"SHARE26",,,
425,12/10/2002,"2002-03","2001-02","F",5,,,,2/8/2003,11/26/2002,12/10/2002,"SHARE26",,,
423,12/12/2002,"2002-03","2001-02","F",10,,,,2/10/2003,12/5/2002,12/12/2002,"SHARE26",,,
648,12/26/2002,"2002-03","2001-02","F",10,,,,2/24/2003,12/13/2002,12/26/2002,"SHARE26",,,
615,12/31/2002,"2002-03","2001-02","F",5,,,,3/1/2003,12/17/2002,12/31/2002,"SHARE26",,,
607,12/19/2002,"2002-03","2001-02","F",15,,,,2/17/2003,12/1/2002,12/19/2002,"SHARE26",,,
217,12/29/2002,"2002-03","2001-02","F",25,,,,2/27/2003,12/11/2002,12/29/2002,"SHARE26",,,
114,8/5/2002,"2002-03","2001-02","D",216.07,100,10,,10/4/2002,7/17/2002,8/5/2002,"SHARE26",,,
106,10/31/2002,"2002-03","2001-02","F",0,,,,12/30/2002,10/17/2002,10/31/2002,"SHARE26",,"Only Stock Dividend, No Cash Dividend, Ratio 1B:4",
106,11/10/2001,"2001-02","2000-01","D",349.37,4,1,,1/9/2002,11/2/2001,11/10/2001,"SHARE26",,,
453,12/30/2002,"2002-03","2001-02","F",3,,,,2/28/2003,12/28/2002,12/30/2002,"SHARE26",,,
301,1/30/2003,"2002-03","2001-02","F",100,,,,4/1/2003,1/2/2003,1/30/2003,"SHARE26",,,
356,2/6/2003,"2002-03","2001-02","I",3,,,,4/7/2003,1/30/2003,2/6/2003,"SHARE26",,,
613,1/4/2003,"2002-03","2001-02","F",5,,,,3/5/2003,12/18/2002,1/4/2003,"SHARE26",,,
116,5/7/2002,"2001-02","2000-01","B",,100,12,,7/6/2002,4/18/2002,5/7/2002,"SHARE18",,,
610,12/20/2002,"2002-03","2001-02","F",50,,,,2/18/2003,11/30/2002,12/20/2002,"SHARE26",,"FY-2001-02",
138,1/8/2003,"2002-03","2001-02","I",10,,,,3/9/2003,1/2/2003,1/8/2003,"SHARE26",,"FY-2002",
212,2/6/2003,"2002-03","2001-02","I",2,,,,4/7/2003,1/22/2003,2/6/2003,"SHARE26",,,
639,12/24/2002,"2002-03","2001-02","F",5,,,,2/22/2003,12/10/2002,12/24/2002,"SHARE26",,"FY- JUNE-2002",
638,12/24/2002,"2002-03","2001-02","F",5,,,,2/22/2003,12/10/2002,12/24/2002,"SHARE26",,,
264,12/30/2002,"2002-03","JUNE-02","F",5,,,,2/28/2003,12/15/2002,12/30/2002,"SHARE26",,,
291,12/31/2002,"2002-03","2001-02","F",5,,,,3/1/2003,12/22/2002,12/31/2002,"SHARE26",,,
643,12/29/2002,"2002-03","2001-02","F",7,,,,2/27/2003,12/9/2002,12/29/2002,"SHARE26",,,
631,12/24/2002,"2002-03","2001-02","F",10,,,,2/22/2003,12/3/2002,12/24/2002,"SHARE26",,,
413,12/24/2002,"2002-03","2001-02","F",5,,,,2/22/2003,11/27/2002,12/24/2002,"SHARE26",,,
277,12/24/2002,"2002-03","2001-02","F",3,,,,2/22/2003,12/10/2002,12/24/2002,"SHARE26",,,
214,12/19/2002,"2002-03","2001-02","F",10,,,,2/17/2003,11/22/2002,12/19/2002,"SHARE26",,,
436,12/28/2002,"2002-03","2001-02","F",6,,,,2/26/2003,12/3/2002,12/28/2002,"SHARE26",,"FY-2001-02",
252,3/4/2003,"2002-03","2001-02","F",25,,,,5/3/2003,2/19/2003,3/4/2003,"SHARE26",,,
223,3/23/2003,"2002-03","2001-02","F",7,,,,5/22/2003,3/16/2003,3/23/2003,"SHARE26",,,
118,3/27/2003,"2002-03","2001-02","F",20,,,,5/26/2003,3/7/2003,3/27/2003,"SHARE26",,"FY-2002",
265,3/19/2003,"2002-03","2001-02","I",10,,,,5/18/2003,3/13/2003,3/19/2003,"SHARE26",,,
443,3/23/2003,"2002-03","2001-02","F",5,,,,5/22/2003,3/2/2003,3/23/2003,"SHARE26",,,
224,3/27/2003,"2002-03","2001-02","F",15,,,,5/26/2003,3/18/2003,3/27/2003,"SHARE26",,,
464,3/21/2003,"2002-03","2001-02","F",15,,,,5/20/2003,3/10/2003,3/21/2003,"SHARE26",,,
410,3/20/2003,"2002-03","2001-02","F",5,,,,5/19/2003,3/6/2003,3/20/2003,"SHARE26",,,
553,3/20/2003,"2002-03","2001-02","F",10,,,,5/19/2003,3/6/2003,3/20/2003,"SHARE26",,,
609,3/20/2003,"2002-03","2001-02","F",20,,,,5/19/2003,3/12/2003,3/20/2003,"SHARE26",,,
113,3/29/2003,"2002-03","2001-02","F",20,,,,5/28/2003,3/15/2003,3/29/2003,"SHARE26",,"FY-2002, 1 Bonus Share For 6 Existing Shares",
418,12/26/2002,"2002-03","30-6-02","F",5,,,,2/24/2003,12/22/2002,12/26/2002,"SHARE26",,"18th & 19th AGM Held on 26-12-2002 & 5% Dividend For The Year-2002.",
137,4/24/2003,"2002-03","2002","F",50,,,,6/23/2003,3/28/2003,4/24/2003,"SHARE26",,,
462,12/23/2002,"2002-03","2002","F",5,,,,2/21/2003,12/19/2002,12/23/2002,"SHARE26",,,
555,6/30/2003,"2002-03","2002","F",15,,,,8/29/2003,6/5/2003,6/30/2003,"SHARE26",,,
213,12/26/2002,"2002-03","2001-02","B",,2,1,,2/24/2003,12/8/2002,12/26/2002,"SHARE15",,,
106,11/10/2001,"2001-02","2000-01","F",0,,,,1/9/2002,11/2/2001,11/10/2001,"SHARE26",,"Only Stock Dividend, Ratio 1B:4",
469,7/14/2005,"2005-06","2004-05","B",,1,4.5,,9/12/2005,7/11/2005,7/11/2005,"INVEST",,,
469,7/14/2005,"2005-06","2004-05","C",70,1,4.5,,9/12/2005,7/11/2005,7/11/2005,"INVEST",,,
152,8/28/2005,"2005-06","2004-05","F",210,,,,10/27/2005,8/15/2005,8/28/2005,"SHARE27",,,
153,8/28/2005,"2005-06","2004-05","F",55,,,,10/27/2005,8/15/2005,8/28/2005,"SHARE27",,,
154,8/28/2005,"2005-06","2004-05","F",52,,,,10/27/2005,8/15/2005,8/28/2005,"SHARE27",,,
155,8/28/2005,"2005-06","2004-05","F",48,,,,10/27/2005,8/15/2005,8/28/2005,"SHARE27",,,
156,8/28/2005,"2005-06","2004-05","F",27,,,,10/27/2005,8/15/2005,8/28/2005,"SHARE27",,,
157,8/28/2005,"2005-06","2004-05","F",18.5,,,,10/27/2005,8/15/2005,8/28/2005,"SHARE27",,,
158,8/28/2005,"2005-06","2004-05","F",16,,,,10/27/2005,8/15/2005,8/28/2005,"SHARE27",,,
159,8/28/2005,"2005-06","2004-05","F",15,,,,10/27/2005,8/15/2005,8/28/2005,"SHARE27",,,
602,8/27/2005,"2005-06","2004-05","F",35,,,,10/26/2005,8/7/2005,8/27/2005,"SHARE27",,,
220,8/25/2005,"2005-06","2004-05","F",5,,,,10/24/2005,8/5/2005,8/25/2005,"SHARE27",,,
147,9/14/2005,"2005-06","2004-05","F",10,,,,11/13/2005,8/31/2005,9/14/2005,"SHARE27",,,
162,8/31/2005,"2005-06","2004-05","F",16,,,,10/30/2005,8/17/2005,8/31/2005,"SHARE27",,,
164,8/16/2005,"2005-06","2004-05","F",5,,,,10/15/2005,8/16/2005,8/16/2005,"SHARE27",,,
477,9/21/2005,"2005-06","2004-05","F",77,,,,11/20/2005,8/20/2005,8/20/2005,"SHARE27",,,
114,9/1/2005,"2005-06","2004","B",,100,30,,10/31/2005,7/31/2005,7/31/2005,"SHARE01",,,
114,9/1/2005,"2005-06","2004","C",543,100,30,,10/31/2005,7/31/2005,7/31/2005,"SHARE01",,,
102,7/14/2005,"2005-06","2004-05","B",,100,50,,9/12/2005,6/23/2005,6/23/2005,"SHARE01",,,
102,7/14/2005,"2005-06","2004","C",714.75,100,50,,9/12/2005,6/23/2005,6/23/2005,"SHARE01",,,
144,7/17/2005,"2005-06","2004","B",,100,15,,9/15/2005,6/30/2005,6/30/2005,"SHARE01",,,
144,7/17/2005,"2005-06","2004","C",1242,100,15,,9/15/2005,6/30/2005,6/30/2005,"SHARE01",,,
146,7/9/2005,"2005-06","2004","C",260,3,1,,9/7/2005,6/20/2005,6/20/2005,"SHARE01",,,
161,9/17/2005,"2005-06","2004-05","F",18,,,,11/16/2005,9/17/2005,9/17/2005,"SHARE27",,"..",
254,9/22/2005,"2005-06","2004-05","F",15,,,,11/21/2005,9/1/2005,9/22/2005,"SHARE27",,"..",
420,9/22/2005,"2005-06","2004-05","F",18,,,,11/21/2005,9/1/2005,9/22/2005,"SHARE27",,"..",
601,10/16/2005,"2005-06","2004-05","F",13,,,,12/15/2005,9/17/2005,10/16/2005,"SHARE27",,"..",
646,9/29/2005,"2005-06","2004-05","F",5,,,,11/28/2005,9/7/2005,9/29/2005,"SHARE27",,,
408,9/22/2005,"2005-06","2004-05","F",25,,,,11/21/2005,9/2/2005,9/22/2005,"SHARE27",,"..",
181,10/15/2005,"2005-06","2004-05","F",7,,,,12/14/2005,9/28/2005,10/15/2005,"SHARE27",,"..",
105,9/7/2005,"2005-06","2004","B",,100,20,,11/6/2005,8/17/2005,8/17/2005,"MERCHAN1",,,
105,9/7/2005,"2005-06","2004","C",596.55,100,20,,11/6/2005,8/17/2005,8/17/2005,"SHARE01",,,
218,5/5/2004,"2003-04","2003","C",1113.22,100,15,,7/4/2004,4/6/2004,5/5/2004,"SHARE27",,"..",
140,3/30/2005,"2004-05","2004","R",,2,1,100,5/29/2005,3/24/2005,3/30/2005,"INVEST",,,
210,8/18/2005,"2005-06","2004-05","R",,1,2,200,10/17/2005,8/4/2005,8/18/2005,"SHARE01",,,
717,9/14/2005,"2005-06","2004-05","B",,100,16,,11/13/2005,8/25/2005,8/25/2005,"SHARE01",,,
717,9/14/2005,"2005-06","2004-05","C",418.95,100,16,,11/13/2005,8/25/2005,8/25/2005,"SHARE01",,,
209,10/31/2005,"2005-06","2004-05","I",20,,,,12/30/2005,10/31/2005,10/31/2005,"SHARE01",,,
104,9/16/2005,"2005-06","2004","B",,100,20,,11/15/2005,8/15/2005,8/15/2005,"SHARE01",,,
104,9/16/2005,"2005-06","2004","C",4324.5,100,20,,11/15/2005,8/15/2005,8/15/2005,"SHARE01",,"test",
477,9/21/2005,"2005-06","2004-05","B",,100,15,,11/20/2005,8/20/2005,8/20/2005,"SHARE01",,,
477,9/21/2005,"2005-06","2004-05","C",2222.31,100,15,,11/20/2005,8/20/2005,8/20/2005,"INVEST",,"test",
477,9/21/2004,"2004-05","2003-04","C",2256.5,100,20,,11/20/2004,9/5/2004,9/5/2004,"INVEST",,"abc",
116,5/23/2005,"2004-05","2003-04","R",,2,1,,7/22/2005,4/27/2005,4/27/2005,"SHARE01",,,
210,12/21/2005,"2005-06","2004-05","F",20,,,,2/19/2006,11/30/2005,11/30/2005,"SHARE27",,"..",
441,12/22/2005,"2005-06","2004-05","F",7.5,,,,2/20/2006,11/23/2005,12/22/2005,"SHARE27",,"..",
442,12/27/2005,"2005-06","2004-05","F",5,,,,2/25/2006,11/28/2005,12/27/2005,"SHARE27",,"..",
202,12/29/2002,"2002-03","2001-02","F",10,,,,2/27/2003,12/23/2002,12/29/2002,"SHARE27",,,
718,6/20/2002,"2001-02","2001","B",,10,3,,8/19/2002,6/6/2002,6/20/2002,"SHARE26",,"16th AGM",
256,12/29/2002,"2002-03","2001-02","F",5,,,,2/27/2003,12/23/2002,12/29/2002,"SHARE27",,"..",
133,5/7/2003,"2002-03","2001-02","F",25,,,,7/6/2003,4/17/2003,5/7/2003,"SHARE27",,,
139,4/29/2003,"2002-03","2002","F",20,,,,6/28/2003,4/10/2003,4/29/2003,"SHARE26",,,
112,4/17/2003,"2002-03","2001-02","F",20,,,,6/16/2003,4/6/2003,4/17/2003,"SHARE27",,,
621,4/17/2003,"2002-03","2001-02","F",10,,,,6/16/2003,3/24/2003,4/17/2003,"SHARE27",,"..",
113,3/29/2003,"2002-03","2001-02","D",233.75,6,1,,5/28/2003,3/15/2003,3/29/2003,"INVEST",,,
262,4/28/2003,"2002-03","2001-02","F",15,,,,6/27/2003,4/10/2003,4/28/2003,"SHARE27",,"..",
146,5/31/2003,"2002-03","2001-02","F",30,,,,7/30/2003,5/17/2003,5/31/2003,"SHARE27",,"..",
135,5/27/2003,"2002-03","2001-02","F",30,,,,7/26/2003,5/17/2003,5/27/2003,"SHARE27",,,
478,12/29/2002,"2002-03","2001-02","F",3,,,,2/27/2003,12/20/2002,12/29/2002,"SHARE27",,,
209,5/5/2003,"2002-03","2002","F",15,,,,7/4/2003,4/22/2003,5/5/2003,"SHARE26",,,
209,5/5/2003,"2002-03","2003","I",15,,,,7/4/2003,4/22/2003,5/5/2003,"SHARE26",,,
112,4/17/2003,"2002-03","2001-02","R",,1,1,,6/16/2003,4/6/2003,4/17/2003,"INVEST",,,
644,4/24/2003,"2002-03","2001-02","F",10,,,,6/23/2003,4/1/2003,4/24/2003,"SHARE27",,,
719,5/18/2003,"2002-03","2001-02","F",25,,,,7/17/2003,4/29/2003,5/18/2003,"SHARE27",,,
449,5/25/2003,"2002-03","2001-02","F",32,,,,7/24/2003,4/26/2003,5/25/2003,"SHARE27",,,
603,6/26/2003,"2002-03","2002","F",75,,,,8/25/2003,6/2/2003,6/26/2003,"SHARE26",,,
259,6/30/2003,"2002-03","2002","F",60,,,,8/29/2003,6/1/2003,6/30/2003,"SHARE26",,"Total Dividend = 110%",
131,6/12/2003,"2002-03","2001-02","F",20,,,,8/11/2003,5/14/2003,6/12/2003,"SHARE27",,,
203,6/28/2003,"2002-03","2001-02","F",20,,,,8/27/2003,6/15/2003,6/28/2003,"SHARE27",,,
618,6/26/2003,"2002-03","2002","F",7.5,,,,8/25/2003,6/3/2003,6/26/2003,"SHARE26",,,
271,6/26/2003,"2002-03","2002","F",5,,,,8/25/2003,6/3/2003,6/26/2003,"SHARE26",,,
452,6/24/2003,"2002-03","2002","F",5,,,,8/23/2003,6/2/2003,6/24/2003,"SHARE26",,,
472,6/30/2003,"2002-03","2002","F",5,,,,8/29/2003,6/5/2003,6/30/2003,"SHARE26",,,
218,6/24/2003,"2002-03","2001-02","F",5,,,,8/23/2003,6/10/2003,6/24/2003,"SHARE27",,,
303,6/5/2003,"2002-03","2001-02","F",25,,,,8/4/2003,5/29/2003,6/5/2003,"SHARE27",,,
140,6/25/2003,"2002-03","2001-02","F",16,,,,8/24/2003,6/5/2003,6/25/2003,"SHARE27",,,
606,6/24/2003,"2002-03","2002","F",48,,,,8/23/2003,6/5/2003,6/24/2003,"SHARE26",,,
132,6/5/2003,"2002-03","2001-02","F",35,,,,8/4/2003,5/21/2003,6/5/2003,"SHARE27",,,
465,6/13/2003,"2002-03","2001-02","F",20,,,,8/12/2003,6/4/2003,6/13/2003,"SHARE27",,,
557,6/26/2003,"2002-03","2001-02","F",10,,,,8/25/2003,6/7/2003,6/26/2003,"SHARE27",,,
625,6/5/2003,"2002-03","2002","F",25,,,,8/4/2003,5/24/2003,6/5/2003,"SHARE26",,,
439,6/25/2003,"2002-03","2001-02","F",5,,,,8/24/2003,6/16/2003,6/25/2003,"SHARE27",,,
207,6/26/2003,"2002-03","2001-02","F",20,,,,8/25/2003,6/16/2003,6/26/2003,"SHARE27",,,
419,6/30/2003,"2002-03","2002","F",5,,,,8/29/2003,6/5/2003,6/30/2003,"SHARE26",,,
505,6/30/2003,"2002-03","2002","F",3,,,,8/29/2003,6/10/2003,6/30/2003,"SHARE26",,,
134,6/26/2003,"2002-03","2001-02","F",27,,,,8/25/2003,6/6/2003,6/26/2003,"SHARE27",,,
721,6/30/2003,"2002-03","2001-02","F",15,,,,8/29/2003,6/11/2003,6/30/2003,"SHARE27",,,
718,6/19/2003,"2002-03","2002","F",20,,,,8/18/2003,6/5/2003,6/19/2003,"SHARE26",,"17th AGM",
457,6/29/2003,"2002-03","2001-02","F",50,,,,8/28/2003,6/19/2003,6/29/2003,"SHARE27",,,
225,6/26/2003,"2002-03","2001-02","F",16,,,,8/25/2003,5/29/2003,6/26/2003,"SHARE27",,,
459,6/26/2003,"2002-03","2002","F",15,,,,8/25/2003,6/12/2003,6/26/2003,"SHARE26",,,
468,6/19/2003,"2002-03","2001-02","F",13,,,,8/18/2003,6/4/2003,6/19/2003,"SHARE27",,,
447,6/30/2003,"2002-03","2001-02","F",5,,,,8/29/2003,6/10/2003,6/30/2003,"SHARE27",,,
455,7/8/2003,"2003-04","2002-03","F",37.5,,,,9/6/2003,6/15/2003,7/8/2003,"SHARE27",,,
136,7/2/2003,"2003-04","2002-03","F",18,,,,8/31/2003,6/16/2003,7/2/2003,"SHARE27",,,
144,7/8/2003,"2003-04","2002-03","F",20,,,,9/6/2003,6/21/2003,7/8/2003,"SHARE27",,,
115,5/27/2003,"2002-03","2002","F",20,,,,7/26/2003,5/12/2003,5/27/2003,"SHARE26",,,
105,6/18/2003,"2002-03","2001-02","F",20,,,,8/17/2003,5/20/2003,6/18/2003,"SHARE27",,,
426,8/29/2002,"2002-03","2001-02","F",10,,,,10/28/2002,8/22/2002,8/29/2002,"SHARE27",,,
554,12/29/2002,"2002-03","2001-02","F",10,,,,2/27/2003,12/10/2002,12/29/2002,"SHARE27",,,
417,12/12/2002,"2002-03","2001-02","F",5,,,,2/10/2003,12/5/2002,12/12/2002,"SHARE27",,,
294,4/6/2003,"2002-03","2001-02","F",15,,,,6/5/2003,3/31/2003,4/6/2003,"SHARE27",,,
630,12/28/2004,"2004-05","2003-04","F",5,,,,2/26/2005,12/14/2004,12/28/2004,"SHARE19",,,
301,12/15/2004,"2004-05","2003-04","F",50,,,,2/13/2005,12/15/2004,12/15/2004,"SHARE19",,,
286,12/30/2004,"2004-05","2003-04","F",10,,,,2/28/2005,12/24/2004,12/30/2004,"SHARE19",,,
427,12/26/2004,"2004-05","2003-04","F",10,,,,2/24/2005,12/12/2004,12/26/2004,"SHARE19",,,
415,12/23/2004,"2004-05","2003-04","F",5,,,,2/21/2005,12/11/2004,12/23/2004,"SHARE19",,,
116,7/25/2004,"2004-05","2003-04","C",340.01,100,10,,9/23/2004,7/11/2004,7/25/2004,"SHARE01",,"..",
419,9/8/2007,"2007-08","2006-07","C",741,100,10,,11/7/2007,8/1/2007,8/1/2007,"SHARE01",,".",
141,5/24/2007,"2006-07","2005-06","B",,100,10,,7/23/2007,4/25/2007,4/25/2007,"SHARE01",,,
141,5/24/2007,"2006-07","2005-06","C",127,100,10,,7/23/2007,4/25/2007,4/25/2007,"SHARE21",,"..",
472,6/26/2006,"2005-06","2004-05","B",,100,10,,8/25/2006,6/6/2006,6/26/2006,"SHARE01",,,
218,6/7/2007,"2006-07","2005-06","F",16,,,,8/6/2007,5/20/2007,5/20/2007,"SHARE01",,,
624,6/17/2007,"2006-07","2005-06","F",15,,,,8/16/2007,6/3/2007,6/17/2007,"SHARE01",,".",
439,6/20/2007,"2006-07","2005-06","F",6,,,,8/19/2007,5/31/2007,6/20/2007,"SHARE01",,".",
207,6/21/2007,"2006-07","2005-06","F",25,,,,8/20/2007,5/31/2007,6/21/2007,"SHARE01",,".",
162,9/10/2007,"2007-08","2006-07","F",20,,,,11/9/2007,8/15/2007,8/15/2007,"SHARE18",,,
144,8/22/2007,"2007-08","2006-07","F",20,,,,10/21/2007,7/26/2007,7/26/2007,"SHARE01",,".",
644,7/19/2007,"2007-08","2006-07","F",5,,,,9/17/2007,6/27/2007,6/27/2007,"SHARE01",,".",
726,7/26/2007,"2007-08","2006-07","F",5,,,,9/24/2007,7/4/2007,7/26/2007,"SHARE01",,".",
602,7/19/2007,"2007-08","2006-07","F",37,,,,9/17/2007,6/29/2007,7/19/2007,"SHARE01",,".",
430,7/19/2007,"2007-08","2006-07","F",10,,,,9/17/2007,7/6/2007,7/6/2007,"SHARE01",,".",
104,8/31/2007,"2007-08","2006-07","C",5860.5,100,10,,10/30/2007,7/31/2007,7/31/2007,"SHARE01",,".",
181,9/23/2007,"2007-08","2006-07","F",10.5,,,,11/22/2007,9/14/2007,9/23/2007,"SHARE01",,".",
738,9/13/2007,"2007-08","2006-07","F",12,,,,11/12/2007,8/21/2007,8/21/2007,"SHARE01",,".",
147,8/19/2007,"2007-08","2006-07","F",10,,,,10/18/2007,8/5/2007,8/19/2007,"SHARE01",,".",
104,8/31/2007,"2007-08","2006-07","F",15,,,,10/30/2007,7/31/2007,7/31/2007,"SHARE01",,".",
728,9/8/2007,"2007-08","2006-07","F",30,,,,11/7/2007,8/9/2007,8/9/2007,"SHARE01",,".",
452,9/2/2007,"2007-08","2006-07","F",5,,,,11/1/2007,8/1/2007,8/1/2007,"SHARE01",,".",
408,9/6/2007,"2007-08","2006-07","F",25,,,,11/5/2007,8/17/2007,9/6/2007,"SHARE01",,".",
166,10/25/2007,"2007-08","2006-07","F",29,,,,12/24/2007,10/4/2007,10/4/2007,"SHARE01",,".",
161,10/29/2007,"2007-08","2006-07","F",10,,,,12/28/2007,10/9/2007,10/9/2007,"SHARE13",,".",
161,10/29/2007,"2007-08","2006-07","B",,100,20,,12/28/2007,10/9/2007,10/9/2007,"SHARE01",,,
161,10/29/2007,"2007-08","2006-07","C",531,100,20,,12/28/2007,10/9/2007,10/9/2007,"SHARE01",,".",
145,9/2/2007,"2007-08","2006-07","C",199,100,12,,11/1/2007,8/14/2007,9/2/2007,"SHARE01",,".",
451,9/13/2007,"2007-08","2006-07","F",25,,,,11/12/2007,8/26/2007,8/26/2007,"SHARE01",,".",
145,9/2/2007,"2007-08","2006-07","B",,100,12,,11/1/2007,8/14/2007,9/2/2007,"MERCHAN1",,,
224,9/1/2007,"2007-08","2006-07","F",5,,,,10/31/2007,8/12/2007,8/12/2007,"SHARE08",,".",
601,9/20/2007,"2007-08","2006-07","F",17,,,,11/19/2007,8/29/2007,8/29/2007,"SHARE01",,".",
483,9/6/2007,"2007-08","2006-07","F",5,,,,11/5/2007,8/22/2007,8/22/2007,"SHARE01",,".",
625,9/27/2007,"2007-08","2006-07","F",25,,,,11/26/2007,9/12/2007,9/12/2007,"SHARE09",,".",
420,9/27/2007,"2007-08","2006-07","F",20,,,,11/26/2007,8/29/2007,9/27/2007,"SHARE09",,".",
254,9/27/2007,"2007-08","2006-07","F",18,,,,11/26/2007,9/2/2007,9/27/2007,"SHARE01",,".",
136,7/5/2007,"2007-08","2006-07","B",,100,20,,9/3/2007,6/7/2007,7/5/2007,"SHARE01",,,
136,8/7/2006,"2006-07","2005-06","B",,100,20,,10/6/2006,7/17/2006,8/7/2006,"MERCHAN1",,,
151,10/30/2007,"2007-08","2006-07","F",14,,,,12/29/2007,10/16/2007,10/30/2007,"SHARE09",,".",
226,9/23/2007,"2007-08","2006-07","F",5,,,,11/22/2007,9/3/2007,9/23/2007,"SHARE01",,".",
560,11/29/2007,"2007-08","2006-07","B",,100,12,,1/28/2008,11/8/2007,11/29/2007,"SHARE01",,,
560,11/29/2007,"2007-08","2006-07","C",200,100,12,,1/28/2008,11/8/2007,11/29/2007,"SHARE01",,".",
727,10/25/2007,"2007-08","2006-07","F",12,,,,12/24/2007,10/4/2007,10/4/2007,"SHARE01",,".",
735,10/25/2007,"2007-08","2006-07","F",7,,,,12/24/2007,9/26/2007,9/26/2007,"SHARE01",,".",
734,10/27/2007,"2007-08","2006-07","F",10,,,,12/26/2007,9/27/2007,10/27/2007,"SHARE01",,".",
103,10/25/2007,"2007-08","2006-07","B",,100,65,,12/24/2007,9/26/2007,10/25/2007,"MERCHAN1",,,
603,1/3/2008,"2007-08","2006-07","I",145,,,,3/3/2008,12/3/2007,12/3/2007,"SHARE01",,".",
103,10/25/2007,"2007-08","2006-07","C",100,100,65,,12/24/2007,9/26/2007,10/25/2007,"MERCHAN1",,"test",
210,12/17/2007,"2007-08","2006-07","B",,100,10,,2/15/2008,11/25/2007,11/25/2007,"SHARE01",,,
210,12/17/2007,"2007-08","2006-07","C",276.5,100,10,,2/15/2008,11/25/2007,11/25/2007,"SHARE01",,".",
217,11/6/2007,"2007-08","2006-07","B",,100,30,,1/5/2008,10/8/2007,10/8/2007,"SHARE01",,,
217,11/6/2007,"2007-08","2006-07","C",321,100,30,,1/5/2008,10/8/2007,10/8/2007,"SHARE01",,,
217,11/19/2007,"2007-08","2006-07","F",10,,,,1/18/2008,10/8/2007,10/8/2007,"SHARE01",,".",
453,12/2/2007,"2007-08","2006-07","F",6,,,,1/31/2008,11/28/2007,12/2/2007,"SHARE01",,".",
217,11/19/2007,"2007-08","2006-07","B",,100,30,,1/18/2008,10/8/2007,10/8/2007,"SHARE01",,,
217,11/19/2007,"2007-08","2006-07","C",1888,100,30,,1/18/2008,10/8/2007,10/8/2007,"SHARE01",,".",
556,12/10/2007,"2007-08","2006-07","B",,100,12,,2/8/2008,11/20/2007,11/20/2007,"SHARE01",,,
556,12/10/2007,"2007-08","2006-07","C",321,100,12,,2/8/2008,11/20/2007,11/20/2007,"SHARE01",,".",
622,12/12/2007,"2007-08","2006-07","F",15,,,,2/10/2008,11/25/2007,11/25/2007,"SHARE01",,".",
647,12/12/2007,"2007-08","2006-07","F",5,,,,2/10/2008,11/13/2007,12/12/2007,"SHARE01",,".",
647,12/12/2007,"2007-08","2006-07","B",,100,10,,2/10/2008,11/13/2007,12/12/2007,"SHARE01",,,
647,12/12/2007,"2007-08","2006-07","C",951,100,10,,2/10/2008,11/13/2007,12/12/2007,"SHARE01",,".",
474,12/6/2007,"2007-08","2006-07","F",18,,,,2/4/2008,11/21/2007,12/6/2007,"SHARE01",,".",
149,12/13/2007,"2007-08","2006-07","B",,100,10,,2/11/2008,11/19/2007,11/19/2007,"SHARE01",,,
149,12/13/2007,"2007-08","2006-07","C",315,100,10,,2/11/2008,11/19/2007,11/19/2007,"SHARE01",,".",
213,12/13/2007,"2007-08","2006-07","B",,100,25,,2/11/2008,11/25/2007,12/13/2007,"SHARE01",,".",
213,12/13/2007,"2007-08","2006-07","C",348.5,100,25,,2/11/2008,11/25/2007,12/13/2007,"SHARE13",,".",
264,12/27/2006,"2006-07","2005-06","C",456,100,3,,2/25/2007,12/12/2006,12/27/2006,"SHARE01",,".",
264,12/19/2007,"2007-08","2006-07","B",,100,3,,2/17/2008,12/4/2007,12/4/2007,"SHARE01",,,
264,12/19/2007,"2007-08","2006-07","C",654,100,3,,2/17/2008,12/4/2007,12/4/2007,"SHARE01",,".",
355,12/26/2007,"2007-08","2006-07","F",20,,,,2/24/2008,12/12/2007,12/26/2007,"SHARE01",,".",
410,12/18/2007,"2007-08","2006-07","F",10,,,,2/16/2008,12/4/2007,12/18/2007,"SHARE01",,".",
428,12/11/2007,"2007-08","2006-07","F",10,,,,2/9/2008,11/16/2007,12/11/2007,"SHARE17",,".",
212,12/30/2007,"2007-08","2006-07","F",3,,,,2/28/2008,12/9/2007,12/30/2007,"SHARE02",,".",
261,12/12/2007,"2007-08","2006-07","F",25,,,,2/10/2008,11/27/2007,11/27/2007,"SHARE01",,".",
607,12/23/2007,"2007-08","2006-07","F",10,,,,2/21/2008,12/3/2007,12/3/2007,"SHARE01",,".",
561,12/31/2007,"2007-08","2006-07","B",,100,10,,2/29/2008,12/10/2007,12/10/2007,"SHARE01",,,
561,12/31/2007,"2007-08","2006-07","C",852,100,10,,2/29/2008,12/10/2007,12/10/2007,"SHARE01",,".",
206,12/24/2007,"2007-08","2006-07","F",15,,,,2/22/2008,12/3/2007,12/24/2007,"SHARE01",,".",
210,12/17/2007,"2007-08","2006-07","F",6,,,,2/15/2008,11/25/2007,11/25/2007,"SHARE01",,".",
416,12/15/2007,"2007-08","2006-07","F",5,,,,2/13/2008,11/25/2007,12/15/2007,"SHARE01",,".",
511,12/13/2007,"2007-08","2006-07","F",8,,,,2/11/2008,11/18/2007,12/13/2007,"SHARE01",,".",
289,12/17/2007,"2007-08","2006-07","F",5,,,,2/15/2008,11/28/2007,12/17/2007,"SHARE01",,".",
305,9/29/2007,"2007-08","2006-07","R",,5,4,45,4/19/2008,2/19/2008,2/19/2008,"INVEST",,,
452,9/3/2007,"2007-08","2006-07","F",5,,,,11/2/2007,8/1/2007,8/1/2007,"MERCHAN1",,"For Non CDS",
464,12/28/2007,"2007-08","2006-07","F",18,,,,2/26/2008,12/10/2007,12/10/2007,"SHARE19",,".",
615,12/26/2007,"2007-08","2006-07","F",4,,,,2/24/2008,12/15/2007,12/26/2007,"SHARE01",,".",
472,9/9/2007,"2007-08","2006-07","B",,100,15,,11/8/2007,8/1/2007,8/1/2007,"MERCHAN1",,,
605,1/31/2008,"2007-08","2006-07","F",10,,,,3/31/2008,1/24/2008,1/31/2008,"SHARE13",,".",
413,12/26/2007,"2007-08","2006-07","F",10,,,,2/24/2008,11/30/2007,12/26/2007,"SHARE01",,".",
149,12/13/2007,"2007-08","2006-07","F",5,,,,2/11/2008,11/19/2007,11/19/2007,"SHARE01",,".",
448,12/29/2007,"2007-08","2006-07","F",12,,,,2/27/2008,12/8/2007,12/29/2007,"SHARE01",,".",
302,1/26/2008,"2007-08","2006-07","F",60,,,,3/26/2008,1/10/2008,1/10/2008,"SHARE26",,".",
508,12/25/2007,"2007-08","2006-07","F",15,,,,2/23/2008,12/4/2007,12/25/2007,"SHARE01",,".",
634,12/27/2007,"2007-08","2006-07","F",10,,,,2/25/2008,12/13/2007,12/27/2007,"SHARE01",,".",
610,12/28/2007,"2007-08","2006-07","F",60,,,,2/26/2008,11/28/2007,11/28/2007,"SHARE13",,".",
119,5/15/2005,"2004-05","2004","B",,100,20,,7/14/2005,3/31/2005,3/31/2005,"MERCHAN1",,,
123,5/14/2005,"2004-05","2004","B",,100,25,,7/13/2005,4/24/2005,4/24/2005,"SHARE01",,,
123,5/14/2005,"2004-05","2003-04","C",414.4,100,25,,7/13/2005,4/24/2005,4/24/2005,"INVEST",,,
618,4/28/2005,"2004-05","2004","B",,100,10,,6/27/2005,4/6/2005,4/6/2005,"SHARE01",,,
454,5/19/2005,"2004-05","2003-04","F",50,,,,7/18/2005,4/21/2005,4/21/2005,"SHARE27",,"..",
101,11/10/2004,"2004-05","2003","C",294,100,5,,1/9/2005,8/22/2004,9/11/2004,"SHARE27",,"..",
131,4/30/2005,"2004-05","2003-04","C",278.5,100,20,,6/29/2005,4/13/2005,4/13/2005,"SHARE01",,,
449,3/30/2004,"2003-04","2002-03","C",80.5,100,10,,5/29/2004,3/11/2004,3/30/2004,"SHARE27",,,
469,6/2/2005,"2004-05","2004","B",,100,15,,8/1/2005,5/17/2005,5/17/2005,"SHARE01",,,
610,12/28/2004,"2004-05","2003-04","B",,4,1,,2/26/2005,12/7/2004,12/13/2004,"SHARE08",,,
621,7/19/2005,"2004-05","2004","F",20,,,,9/17/2005,6/23/2005,7/19/2005,"SHARE01",,,
605,6/15/2005,"2004-05","2003-04","F",5,,,,8/14/2005,6/8/2005,6/15/2005,"SHARE01",,,
270,6/22/2005,"2003-04","2002-03","F",5,,,,8/21/2005,6/12/2005,6/22/2005,"SHARE01",,,
624,7/6/2005,"2005-06","2004","F",5,,,,9/4/2005,6/23/2005,7/6/2005,"SHARE01",,,
606,6/30/2005,"2004-05","2004","F",25,,,,8/29/2005,6/13/2005,6/30/2005,"SHARE01",,,
132,6/30/2005,"2004-05","2004","F",10,,,,8/29/2005,6/5/2005,6/5/2005,"SHARE01",,,
649,6/22/2005,"2004-05","2004","F",12,,,,8/21/2005,6/8/2005,6/22/2005,"SHARE01",,,
625,6/23/2005,"2004-05","2004","F",25,,,,8/22/2005,6/15/2005,6/23/2005,"SHARE01",,,
724,6/28/2005,"2004-05","2004","F",10,,,,8/27/2005,6/2/2005,6/2/2005,"SHARE01",,,
439,6/27/2005,"2004-05","2004","F",5,,,,8/26/2005,6/9/2005,6/27/2005,"SHARE01",,,
644,7/14/2005,"2005-06","2003-04","F",5,,,,9/12/2005,6/24/2005,7/14/2005,"SHARE01",,,
207,6/28/2005,"2004-05","2004","F",25,,,,8/27/2005,6/9/2005,6/28/2005,"SHARE01",,,
144,7/17/2005,"2005-06","2004","F",20,,,,9/15/2005,6/30/2005,6/30/2005,"SHARE01",,,
452,6/2/2005,"2004-05","2004","B",,100,25,,8/1/2005,5/17/2005,5/17/2005,"SHARE18",,,
452,6/2/2005,"2004-05","2004","C",74.47,100,25,,8/1/2005,5/17/2005,5/17/2005,"INVEST",,"test",
116,5/23/2005,"2004-05","2004","B",,100,30,,7/22/2005,4/27/2005,4/27/2005,"SHARE01",,,
116,5/23/2005,"2004-05","2003-04","C",353.51,100,30,,7/22/2005,4/27/2005,4/27/2005,"SHARE01",,"test",
120,5/16/2005,"2004-05","2004","B",,100,20,,7/15/2005,4/30/2005,4/30/2005,"SHARE01",,,
120,5/16/2005,"2004-05","2004","C",328,100,20,,7/15/2005,4/30/2005,4/30/2005,"SHARE01",,,
132,6/30/2005,"2004-05","2004","B",,100,30,,8/29/2005,6/5/2005,6/5/2005,"SHARE01",,,
555,6/4/2005,"2004-05","2004","B",,100,25,,8/3/2005,5/18/2005,5/18/2005,"SHARE01",,,
555,6/4/2005,"2004-05","2004","C",40,100,25,,8/3/2005,5/18/2005,5/18/2005,"MERCHAN1",,,
146,7/9/2005,"2005-06","2004","F",10,,,,9/7/2005,6/20/2005,6/20/2005,"SHARE01",,,
228,6/23/2005,"2004-05","2004","F",5,,,,8/22/2005,6/13/2005,6/23/2005,"SHARE01",,,
213,12/22/2004,"2004-05","2003-04","B",,3,1,,2/20/2005,12/4/2004,12/22/2004,"SHARE01",,,
719,5/18/2005,"2004-05","2004","B",,100,10,,7/17/2005,4/30/2005,4/30/2005,"INVEST",,,
139,5/9/2005,"2004-05","2004","B",,100,25,,7/8/2005,4/20/2005,4/20/2005,"SHARE27",,,
139,5/9/2005,"2004-05","2004","C",248.7,100,25,,7/8/2005,4/20/2005,4/20/2005,"SHARE01",,,
618,4/28/2005,"2004-05","2004","C",40,100,10,,6/27/2005,4/6/2005,4/6/2005,"SHARE01",,,
472,6/6/2005,"2004-05","2004","B",,100,10,,8/5/2005,5/19/2005,6/6/2005,"SHARE21",,,
419,6/8/2005,"2004-05","2004","B",,100,25,,8/7/2005,5/19/2005,6/8/2005,"SHARE21",,,
457,6/8/2005,"2004-05","2004","B",,100,20,,8/7/2005,5/27/2005,6/8/2005,"SHARE21",,,
557,6/23/2005,"2004-05","2004","B",,100,15,,8/22/2005,6/5/2005,6/5/2005,"SHARE21",,,
142,6/27/2005,"2004-05","2004","B",,100,12,,8/26/2005,6/6/2005,6/27/2005,"SHARE21",,,
136,6/29/2005,"2004-05","2004","B",,100,25,,8/28/2005,6/7/2005,6/29/2005,"SHARE21",,,
134,6/30/2005,"2004-05","2004","B",,100,25,,8/29/2005,6/10/2005,6/30/2005,"SHARE21",,,
146,7/9/2005,"2005-06","2004","B",,3,1,,9/7/2005,6/20/2005,6/20/2005,"SHARE21",,,
112,5/25/2005,"2004-05","2004","B",,100,15.5,,7/24/2005,5/6/2005,5/25/2005,"SHARE27",,,
122,5/11/2005,"2004-05","2004","B",,100,25,,7/10/2005,4/17/2005,5/11/2005,"MERCHAN1",,,
718,5/26/2005,"2004-05","2004","B",,100,25,,7/25/2005,5/10/2005,5/10/2005,"MERCHAN1",,,
218,6/22/2005,"2004-05","2004","C",640.3,100,17,,8/21/2005,6/5/2005,6/5/2005,"INVEST",,,
131,1/31/2005,"2004-05","2004","R",,2,1,100,4/1/2005,1/9/2005,1/9/2005,"SHARE01",,,
209,5/9/2005,"2004-05","2003-04","F",40,,,,7/8/2005,4/10/2005,4/10/2005,"SHARE27",,,
557,6/23/2005,"2004-05","2004","C",10,100,15,,8/22/2005,6/5/2005,6/5/2005,"SHARE01",,,
161,5/31/2005,"2004-05","2003-04","R",,1,1,,7/30/2005,6/30/2005,7/7/2005,"SHARE16",,,
718,5/26/2005,"2004-05","2004","C",417,100,25,,7/25/2005,5/10/2005,5/10/2005,"SHARE01",,,
719,5/18/2005,"2004-05","2004","C",708.21,100,10,,7/17/2005,4/30/2005,4/30/2005,"SHARE27",,,
430,7/16/2005,"2005-06","2004-05","F",10,,,,9/14/2005,7/7/2005,7/16/2005,"SHARE27",,,
111,7/19/2005,"2005-06","2004-05","F",43,,,,9/17/2005,7/2/2005,7/2/2005,"SHARE27",,,
148,7/27/2005,"2005-06","2004-05","F",30,,,,9/25/2005,7/21/2005,7/27/2005,"SHARE27",,,
141,7/23/2005,"2005-06","2004-05","F",10,,,,9/21/2005,7/10/2005,7/23/2005,"SHARE27",,,
451,8/4/2005,"2005-06","2004-05","F",25,,,,10/3/2005,7/24/2005,7/24/2005,"SHARE27",,,
618,4/28/2005,"2004-05","2003-04","F",10,,,,6/27/2005,4/6/2005,4/6/2005,"MERCHAN1",,".",
218,6/22/2005,"2004","2003-04","B",,100,17,,8/21/2005,6/5/2005,6/5/2005,"SHARE01",,,
125,8/14/2005,"2005-06","2004","B",,100,40,,10/13/2005,7/24/2005,7/24/2005,"SHARE01",,,
125,8/14/2005,"2005-06","2004","C",400,100,40,,10/13/2005,7/24/2005,7/24/2005,"SHARE01",,,
113,3/30/2005,"2004-05","2003-04","C",672.18,100,40,,5/29/2005,3/15/2005,3/15/2005,"INVEST",,"test",
449,4/7/2005,"2004-05","2003-04","C",80.4,100,10,,6/6/2005,3/17/2005,3/17/2005,"INVEST",,"abc",
134,6/30/2005,"2004-05","2004","C",200,100,25,,8/29/2005,6/10/2005,6/30/2005,"SHARE01",,,
124,5/10/2004,"2003-04","2002-03","B",,100,10,,7/9/2004,4/22/2004,5/10/2004,"INVEST",,,
213,12/27/2005,"2005-06","2004-05","F",100,,,,2/25/2006,12/5/2005,12/27/2005,"SHARE27",,,
449,6/7/2006,"2005-06","2005","B",,8,1,,8/6/2006,5/10/2006,5/10/2006,"SHARE01",,,
449,6/7/2006,"2005-06","2005","C",77.35,8,1,,8/6/2006,5/10/2006,5/10/2006,"SHARE01",,,
125,7/9/2006,"2006-07","2005","B",,100,30,,9/7/2006,6/8/2006,6/8/2006,"SHARE01",,,
125,7/9/2006,"2006-07","2005","C",100,100,30,,9/7/2006,6/8/2006,6/8/2006,"SHARE01",,,
419,7/22/2006,"2006-07","2005","F",5,,,,9/20/2006,6/8/2006,6/8/2006,"SHARE18",,"..",
483,9/22/2005,"2005-06","2004-05","F",2,,,,11/21/2005,9/1/2005,9/22/2005,"SHARE27",,"..",
112,5/25/2005,"2004-05","2004","C",2230,100,15.5,,7/24/2005,5/6/2005,5/25/2005,"INVEST",,,
622,12/18/2005,"2005-06","2004-05","F",10,,,,2/16/2006,12/5/2005,12/5/2005,"SHARE27",,,
295,12/26/2005,"2005-06","2004-05","F",5,,,,2/24/2006,12/11/2005,12/26/2005,"SHARE35",,,
115,3/28/2006,"2005-06","5005","C",359.2,100,5,,5/27/2006,3/8/2006,3/8/2006,"SHARE01",,,
736,5/18/2006,"2005-06","2005","B",,100,5,,7/17/2006,4/25/2006,4/25/2006,"SHARE35",,,
736,5/18/2006,"2005-06","2005","C",168.7,100,5,,7/17/2006,4/25/2006,4/25/2006,"SHARE01",,,
257,12/27/2005,"2005-06","2004-05","F",12.5,,,,2/25/2006,12/12/2005,12/27/2005,"SHARE27",,"..",
105,6/19/2006,"2005-06","2004-05","C",751.6,100,30,,8/18/2006,5/25/2006,5/25/2006,"SHARE01",,,
725,6/29/2006,"2005-06","2004-05","F",5,,,,8/28/2006,6/1/2006,6/1/2006,"SHARE27",,"..",
618,6/24/2006,"2005-06","2004-05","F",5,,,,8/23/2006,6/5/2006,6/5/2006,"SHARE27",,"..",
555,6/24/2006,"2005-06","2004-05","F",10,,,,8/23/2006,6/5/2006,6/5/2006,"SHARE27",,"..",
294,6/22/2006,"2005-06","2004-05","F",5,,,,8/21/2006,6/13/2006,6/22/2006,"SHARE27",,"..",
452,6/22/2006,"2005-06","2004-05","F",15,,,,8/21/2006,6/1/2006,6/1/2006,"SHARE27",,"..",
472,6/26/2006,"2005-06","2004-05","F",5,,,,8/25/2006,6/6/2006,6/6/2006,"SHARE27",,"..",
624,6/28/2006,"2005-06","2004-05","F",5,,,,8/27/2006,6/15/2006,6/28/2006,"SHARE27",,"..",
211,6/29/2006,"2005-06","2004-05","F",10,,,,8/28/2006,6/14/2006,6/29/2006,"SHARE27",,"..",
140,6/29/2006,"2005-06","2004-05","F",10,,,,8/28/2006,6/7/2006,6/7/2006,"SHARE27",,"..",
606,6/21/2006,"2005-06","2004-05","F",30,,,,8/20/2006,6/1/2006,6/21/2006,"SHARE27",,"..",
726,7/8/2006,"2006-07","2005-06","F",10,,,,9/6/2006,6/18/2006,6/18/2006,"SHARE27",,"..",
278,12/27/2007,"2007-08","2006-07","F",26,,,,2/25/2008,11/28/2007,11/28/2007,"SHARE01",,".",
462,12/30/2007,"2007-08","2006-07","F",25,,,,2/28/2008,12/17/2007,12/30/2007,"SHARE01",,".",
640,12/18/2007,"2007-08","2006-07","F",5,,,,2/16/2008,11/28/2007,12/18/2007,"SHARE01",,".",
629,12/13/2007,"2007-08","2006-07","F",10,,,,2/11/2008,11/25/2007,12/13/2007,"SHARE01",,".",
436,12/29/2007,"2007-08","2006-07","F",10,,,,2/27/2008,12/2/2007,12/29/2007,"SHARE01",,".",
115,3/28/2007,"2006-07","2005-06","F",10,,,,5/27/2007,3/7/2007,3/7/2007,"SHARE18",,,
143,7/19/2006,"2006-07","2005-06","B",,100,15,,9/17/2006,6/29/2006,7/19/2006,"SHARE19",,,
475,12/27/2007,"2007-08","2006-07","F",17.5,,,,2/25/2008,12/20/2007,12/27/2007,"SHARE01",,".",
740,5/19/2008,"2007-08","2006-07","B",,100,10,,7/18/2008,4/21/2008,4/21/2008,"SHARE13",,,
740,5/19/2008,"2007-08","2006-07","C",123,100,10,,7/18/2008,4/21/2008,4/21/2008,"SHARE13",,".",
215,12/14/2007,"2007-08","2006-07","F",6,,,,2/12/2008,12/11/2007,12/11/2007,"SHARE08",,".",
123,3/30/2008,"2007-08","2006-07","B",,100,20,,5/29/2008,3/11/2008,3/11/2008,"SHARE01",,,
123,3/30/2008,"2007-08","2006-07","C",318,100,20,,5/29/2008,3/11/2008,3/11/2008,"SHARE01",,".",
135,3/30/2008,"2007-08","2006-07","B",,100,25,,5/29/2008,3/6/2008,3/6/2008,"SHARE13",,,
135,3/30/2008,"2007-08","2006-07","C",2430,100,25,,5/29/2008,3/6/2008,3/6/2008,"SHARE01",,".",
127,4/24/2008,"2007-08","2006-07","B",,100,10,,6/23/2008,2/12/2008,2/12/2008,"SHARE13",,,
127,4/24/2008,"2007-08","2006-07","C",321,100,10,,6/23/2008,2/12/2008,2/12/2008,"SHARE13",,".",
115,4/21/2008,"2007-08","2006-07","B",,100,25,,6/20/2008,3/31/2008,3/31/2008,"SHARE19",,,
115,4/21/2008,"2007-08","2006-07","C",438,100,25,,6/20/2008,3/31/2008,3/31/2008,"SHARE01",,".",
741,5/14/2008,"2007-08","2006-07","B",,100,10,,7/13/2008,4/24/2008,4/24/2008,"SHARE13",,,
128,5/4/2008,"2007-08","2006-07","B",,100,20,,7/3/2008,4/3/2008,4/3/2008,"SHARE01",,,
128,5/4/2008,"2007-08","2006-07","C",741,100,20,,7/3/2008,4/3/2008,4/3/2008,"SHARE01",,".",
741,5/14/2008,"2007-08","2006-07","C",159,100,10,,7/13/2008,4/24/2008,4/24/2008,"SHARE13",,".",
744,4/20/2008,"2007-08","2006-07","B",,100,10,,6/19/2008,3/25/2008,3/25/2008,"SHARE13",,,
744,4/20/2008,"2007-08","2006-07","C",147,100,10,,6/19/2008,3/25/2008,3/25/2008,"SHARE13",,".",
109,5/15/2008,"2007-08","2006-07","B",,100,100,,7/14/2008,4/16/2008,4/16/2008,"SHARE13",,,
109,5/15/2008,"2007-08","2006-07","C",147,100,100,,7/14/2008,4/16/2008,4/16/2008,"SHARE13",,".",
746,4/24/2008,"2007-08","2006-07","B",,100,10,,6/23/2008,3/20/2008,3/20/2008,"SHARE01",,,
746,4/24/2008,"2007-08","2006-07","C",312,100,10,,6/23/2008,3/20/2008,3/20/2008,"SHARE01",,".",
229,3/29/2008,"2007-08","2006-07","F",15,,,,5/28/2008,3/6/2008,3/6/2008,"SHARE13",,".",
733,4/30/2008,"2007-08","2006-07","B",,100,12.5,,6/29/2008,4/10/2008,4/10/2008,"SHARE01",,,
733,4/30/2008,"2007-08","2006-07","C",284,100,12.5,,6/29/2008,4/10/2008,4/10/2008,"SHARE01",,".",
111,5/25/2008,"2007-08","2006-07","B",,100,34,,7/24/2008,4/20/2008,4/20/2008,"SHARE01",,,
111,5/25/2008,"2007-08","2006-07","C",899.5,100,34,,7/24/2008,4/20/2008,4/20/2008,"SHARE01",,".",
103,5/28/2008,"2007-08","2006-07","B",,100,100,,7/27/2008,5/12/2008,5/12/2008,"SHARE13",,,
103,5/28/2008,"2007-08","2006-07","C",321,100,100,,7/27/2008,5/12/2008,5/12/2008,"SHARE13",,".",
747,6/6/2008,"2007-08","2006-07","B",,100,10,,8/5/2008,4/15/2008,4/15/2008,"SHARE13",,,
747,6/6/2008,"2007-08","2006-07","C",159,100,10,,8/5/2008,4/15/2008,4/15/2008,"SHARE01",,".",
127,4/24/2008,"2007-08","2006-07","R",,100,20,400,6/23/2008,6/25/2008,6/25/2008,"SHARE01",,,
472,9/9/2007,"2007-08","2006-07","C",100,100,15,,11/8/2007,8/1/2007,8/1/2007,"MERCHAN1",,,
141,6/29/2008,"2007-08","2006-07","B",,100,10,,8/28/2008,5/29/2008,5/29/2008,"SHARE01",,,
141,6/29/2008,"2007-08","2006-07","C",385,100,10,,8/28/2008,5/29/2008,5/29/2008,"SHARE01",,".",
133,5/8/2008,"2007-08","2006-07","B",,1000,282,,7/7/2008,4/10/2008,4/10/2008,"MERCHAN1",,,
133,5/8/2008,"2007-08","2006-07","C",1209,1000,282,,7/7/2008,4/10/2008,4/10/2008,"SHARE01",,".",
121,6/24/2008,"2007-08","2006-07","B",,100,25,,8/23/2008,6/2/2008,6/2/2008,"SHARE01",,,
121,6/24/2008,"2007-08","2006-07","C",407,100,25,,8/23/2008,6/2/2008,6/2/2008,"SHARE01",,".",
449,6/16/2008,"2007-08","2006-07","B",,100,20,,8/15/2008,5/15/2008,5/15/2008,"SHARE01",,,
449,6/16/2008,"2007-08","2006-07","C",125,100,20,,8/15/2008,5/15/2008,5/15/2008,"SHARE13",,".",
744,4/20/2008,"2007-08","2006-07","F",5,,,,6/19/2008,3/25/2008,3/25/2008,"SHARE01",,".",
301,5/8/2008,"2007-08","2006-07","F",70,,,,7/7/2008,4/3/2008,4/3/2008,"SHARE01",,".",
140,5/27/2008,"2007-08","2006-07","B",,100,25,,7/26/2008,5/5/2008,5/5/2008,"SHARE01",,,
140,5/27/2008,"2007-08","2006-07","C",912,100,25,,7/26/2008,5/5/2008,5/5/2008,"SHARE01",,".",
101,7/6/2008,"2008-09","2007-08","B",,100,200,,9/4/2008,6/1/2008,6/1/2008,"SHARE01",,,
101,7/6/2008,"2008-09","2007-08","C",900,100,200,,9/4/2008,6/1/2008,6/1/2008,"SHARE01",,".",
122,6/1/2008,"2007-08","2006-07","B",,100,25,,7/31/2008,4/30/2008,4/30/2008,"SHARE01",,,
122,6/1/2008,"2007-08","2006-07","C",380,100,25,,7/31/2008,4/30/2008,4/30/2008,"SHARE01",,".",
112,7/13/2008,"2008-09","2007-08","B",,100,20,,9/11/2008,6/12/2008,6/12/2008,"SHARE13",,,
112,7/13/2008,"2008-09","2007-08","C",562,100,20,,9/11/2008,6/12/2008,6/12/2008,"SHARE13",,".",
142,6/30/2008,"2007-08","2006-07","B",,100,14,,8/29/2008,6/8/2008,6/8/2008,"SHARE13",,,
142,6/30/2008,"2007-08","2006-07","C",475,100,14,,8/29/2008,6/8/2008,6/8/2008,"SHARE24",,".",
140,5/27/2008,"2007-08","2006-07","F",10,,,,7/26/2008,5/5/2008,5/5/2008,"SHARE01",,".",
465,6/21/2008,"2007-08","2006-07","F",23,,,,8/20/2008,5/22/2008,6/21/2008,"SHARE01",,".",
455,6/23/2008,"2007-08","2006-07","F",85,,,,8/22/2008,5/22/2008,5/22/2008,"SHARE01",,".",
602,6/26/2008,"2007-08","2006-07","F",45,,,,8/25/2008,6/9/2008,6/9/2008,"SHARE01",,".",
641,6/26/2008,"2007-08","2006-07","F",7.5,,,,8/25/2008,6/9/2008,6/26/2008,"SHARE01",,".",
132,6/26/2008,"2007-08","2006-07","F",15,,,,8/25/2008,5/28/2008,5/28/2008,"SHARE01",,".",
225,6/26/2008,"2007-08","2006-07","F",16,,,,8/25/2008,5/28/2008,5/28/2008,"SHARE01",,".",
134,6/26/2008,"2007-08","2006-07","F",10,,,,8/25/2008,6/2/2008,6/2/2008,"SHARE01",,".",
447,6/26/2008,"2007-08","2006-07","F",4,,,,8/25/2008,6/2/2008,6/26/2008,"SHARE01",,".",
439,6/25/2008,"2007-08","2006-07","F",5,,,,8/24/2008,6/5/2008,6/25/2008,"SHARE01",,".",
218,6/25/2008,"2007-08","2006-07","F",25,,,,8/24/2008,5/22/2008,5/22/2008,"SHARE01",,".",
125,8/26/2008,"2008-09","2007-08","B",,100,25,,10/25/2008,6/17/2008,6/17/2008,"SHARE13",,,
125,8/26/2008,"2008-09","2007-08","C",328,100,25,,10/25/2008,6/17/2008,6/17/2008,"SHARE01",,".",
211,6/19/2008,"2007-08","2006-07","F",10,,,,8/18/2008,6/5/2008,6/19/2008,"SHARE13",,".",
144,8/18/2008,"2008-09","2007-08","B",,100,20,,10/17/2008,7/10/2008,7/10/2008,"SHARE01",,,
144,8/18/2008,"2008-09","2007-08","C",3910,100,20,,10/17/2008,7/10/2008,7/10/2008,"SHARE01",,".",
120,7/28/2008,"2008-09","2007-08","B",,100,12,,9/26/2008,7/6/2008,7/6/2008,"SHARE01",,,
120,7/28/2008,"2008-09","2007-08","C",199,100,12,,9/26/2008,7/6/2008,7/6/2008,"SHARE01",,".",
143,7/16/2008,"2008-09","2007-08","B",,100,20,,9/14/2008,6/25/2008,7/16/2008,"SHARE01",,,
143,7/16/2008,"2008-09","2007-08","C",258,100,20,,9/14/2008,6/25/2008,7/16/2008,"SHARE01",,".",
150,7/30/2008,"2008-09","2007-08","F",20,,,,9/28/2008,6/30/2008,6/30/2008,"SHARE01",,".",
724,6/29/2008,"2007-08","2006-07","F",10,,,,8/28/2008,6/4/2008,6/4/2008,"SHARE01",,".",
104,8/29/2008,"2008-09","2007-08","B",,100,25,,10/28/2008,7/29/2008,7/29/2008,"SHARE01",,,
104,8/29/2008,"2008-09","2007-08","C",6927.75,100,25,,10/28/2008,7/29/2008,7/29/2008,"MERCHAN1",,".",
145,8/27/2008,"2008-09","2007-08","B",,100,12,,10/26/2008,8/7/2008,8/7/2008,"SHARE01",,,
145,8/27/2008,"2008-09","2007-08","C",222,100,12,,10/26/2008,8/7/2008,8/7/2008,"SHARE01",,".",
730,8/28/2008,"2008-09","2007-08","B",,100,25,,10/27/2008,8/3/2008,8/3/2008,"SHARE01",,,
730,8/28/2008,"2008-09","2007-08","C",1710,100,25,,10/27/2008,8/3/2008,8/3/2008,"SHARE01",,".",
644,7/30/2008,"2008-09","2007-08","F",5,,,,9/28/2008,7/1/2008,7/30/2008,"SHARE01",,".",
725,7/16/2008,"2008-09","2007-08","F",7,,,,9/14/2008,6/25/2008,6/25/2008,"SHARE01",,".",
301,8/15/2008,"2008-09","2007-08","I",100,,,,10/14/2008,7/31/2008,7/31/2008,"SHARE01",,".",
950,8/29/2008,"2008-09","2007-08","F",1.28,,,,10/28/2008,7/29/2008,7/29/2008,"MERCHAN1",,"Dividend for 37 day on 12.64%",
452,8/21/2008,"2008-09","2007-08","F",5,,,,10/20/2008,7/2/2008,7/2/2008,"SHARE01",,".",
137,3/25/2008,"2007-08","2006-07","F",20,,,,5/24/2008,2/28/2008,2/28/2008,"SHARE13",,".",
118,4/17/2008,"2007-08","2006-07","B",,100,394,,6/16/2008,3/23/2008,3/23/2008,"SHARE17",,,
118,4/17/2008,"2007-08","2006-07","C",3670,1000,7.19,,6/16/2008,3/23/2008,3/23/2008,"SHARE01",,".",
113,3/30/2008,"2007-08","2006-07","F",10,,,,5/29/2008,3/12/2008,3/30/2008,"SHARE01",,".",
457,5/31/2008,"2007-08","2006-07","B",,100,20,,7/30/2008,5/15/2008,5/15/2008,"SHARE01",,,
457,5/31/2008,"2007-08","2006-07","C",7475,100,20,,7/30/2008,5/15/2008,5/15/2008,"SHARE01",,".",
746,4/24/2008,"2007-08","2006-07","F",20,,,,6/23/2008,3/20/2008,3/20/2008,"SHARE01",,".",
259,6/16/2008,"2007-08","2006-07","F",70,,,,8/15/2008,5/8/2008,5/8/2008,"SHARE01",,".",
729,6/26/2008,"2007-08","2006-07","B",,100,35,,8/25/2008,5/28/2008,5/28/2008,"SHARE01",,,
729,6/26/2008,"2007-08","2006-07","C",325,100,35,,8/25/2008,5/28/2008,5/28/2008,"SHARE01",,".",
557,6/29/2008,"2007-08","2006-07","B",,100,10,,8/28/2008,6/5/2008,6/5/2008,"SHARE01",,,
557,6/29/2008,"2007-08","2006-07","C",21,100,10,,8/28/2008,6/5/2008,6/5/2008,"SHARE01",,".",
305,8/7/2008,"2008-09","2007-08","B",,100,20,,10/6/2008,6/12/2008,6/12/2008,"SHARE01",,,
305,8/7/2008,"2008-09","2007-08","C",587,100,20,,10/6/2008,6/12/2008,6/12/2008,"SHARE01",,".",
126,8/25/2008,"2008-09","2007-08","B",,14,1,,10/24/2008,7/24/2008,7/24/2008,"SHARE01",,,
126,8/25/2008,"2008-09","2007-08","C",238,14,1,,10/24/2008,7/24/2008,7/24/2008,"SHARE01",,".",
621,5/26/2008,"2007-08","2006-07","F",25,,,,7/25/2008,4/30/2008,4/30/2008,"SHARE01",,".",
625,6/15/2008,"2007-08","2006-07","F",30,,,,8/14/2008,5/22/2008,5/22/2008,"SHARE01",,".",
603,6/12/2008,"2007-08","2006-07","F",105,,,,8/11/2008,5/8/2008,5/8/2008,"SHARE01",,".",
736,6/16/2008,"2007-08","2006-07","F",15,,,,8/15/2008,5/12/2008,5/12/2008,"SHARE01",,".",
459,6/26/2008,"2007-08","2006-07","F",220,,,,8/25/2008,4/15/2008,4/15/2008,"SHARE01",,".",
624,6/15/2008,"2007-08","2006-07","F",15,,,,8/14/2008,5/28/2008,5/28/2008,"SHARE01",,".",
309,6/21/2008,"2007-08","2006-07","F",20,,,,8/20/2008,6/1/2008,6/1/2008,"SHARE14",,".",
606,6/25/2008,"2007-08","2006-07","F",35,,,,8/24/2008,6/8/2008,6/25/2008,"SHARE14",,".",
262,6/15/2008,"2007-08","2006-07","F",15,,,,8/14/2008,5/27/2008,6/15/2008,"SHARE01",,".",
102,9/25/2008,"2008-09","2007-08","B",,100,15,,11/24/2008,7/10/2008,7/10/2008,"SHARE27",,,
102,9/25/2008,"2008-09","2007-08","C",423,100,15,,11/24/2008,7/10/2008,7/10/2008,"MERCHAN1",,".",
114,4/28/2008,"2007-08","2006-07","F",15,,,,6/27/2008,4/3/2008,4/3/2008,"SHARE01",,".",
144,8/18/2008,"2008-09","2007-08","F",20,,,,10/17/2008,7/10/2008,7/10/2008,"SHARE01",,".",
104,11/27/2008,"2008-09","2007-08","B",,1,9,,1/26/2009,11/27/2008,11/27/2008,"MERCHAN1",,,
138,9/16/2008,"2008-09","2007-08","B",,100,10,,11/15/2008,8/28/2008,9/16/2008,"SHARE01",,,
138,9/16/2008,"2008-09","2007-08","C",147,100,10,,11/15/2008,8/28/2008,9/16/2008,"SHARE01",,".",
483,8/28/2008,"2008-09","2007-08","F",5,,,,10/27/2008,7/28/2008,7/28/2008,"SHARE26",,".",
474,8/31/2008,"2008-09","2007-08","F",18,,,,10/30/2008,8/21/2008,8/21/2008,"SHARE26",,".",
646,9/22/2008,"2008-09","2007-08","F",5,,,,11/21/2008,9/2/2008,9/22/2008,"SHARE26",,".",
752,12/2/2008,"2008-09","2007-08","B",,100,30,,1/31/2009,10/12/2008,10/12/2008,"SHARE01",,,
752,12/2/2008,"2008-09","2007-08","C",1478,100,30,,1/31/2009,10/12/2008,10/12/2008,"SHARE01",,".",
149,11/10/2008,"2008-09","2007-08","B",,100,12.5,,1/9/2009,10/20/2008,10/20/2008,"SHARE01",,,
149,11/10/2008,"2008-09","2007-08","C",325,100,12.5,,1/9/2009,10/20/2008,10/20/2008,"SHARE01",,".",
136,6/24/2008,"2007-08","2006-07","B",,100,20,,8/23/2008,5/28/2008,6/24/2008,"SHARE26",,,
136,6/24/2008,"2007-08","2006-07","C",159,100,20,,8/23/2008,5/28/2008,6/24/2008,"SHARE26",,".",
151,10/28/2008,"2008-09","2007-08","F",10,,,,12/27/2008,10/14/2008,10/28/2008,"SHARE01",,".",
474,7/14/2008,"2008-09","2007-08","R",,1,2,250,2/23/2009,12/15/2008,12/15/2008,"MERCHAN1",,,
111,12/25/2008,"2008-09","2007-08","R",,100,50,0,2/23/2009,12/15/2008,12/15/2008,"SHARE01",,,
484,12/17/2008,"2008-09","2007-08","I",50,,,,2/15/2009,11/17/2008,11/17/2008,"SHARE01",,".",
728,12/1/2008,"2008-09","2007-08","B",,100,40,,1/30/2009,7/24/2008,7/24/2008,"SHARE01",,,
728,12/1/2008,"2008-09","2007-08","C",2405,100,40,,1/30/2009,7/24/2008,7/24/2008,"SHARE01",,".",
226,10/29/2008,"2008-09","2007-08","F",5,,,,12/28/2008,10/9/2008,10/29/2008,"SHARE01",,".",
556,11/27/2008,"2008-09","2007-08","B",,100,10,,1/26/2009,11/9/2008,11/9/2008,"SHARE01",,,
556,11/27/2008,"2008-09","2007-08","C",35,100,10,,1/26/2009,11/9/2008,11/9/2008,"SHARE01",,".",
261,12/4/2008,"2008-09","2007-08","F",23,,,,2/2/2009,11/18/2008,12/4/2008,"SHARE01",,".",
448,12/27/2008,"2008-09","2007-08","B",,100,15,,2/25/2009,11/27/2008,11/27/2008,"SHARE01",,,
448,12/27/2008,"2008-09","2007-08","C",36,100,15,,2/25/2009,11/27/2008,11/27/2008,"SHARE01",,".",
149,11/10/2008,"2008-09","2007-08","F",5,,,,1/9/2009,10/20/2008,10/20/2008,"SHARE01",,".",
413,11/25/2008,"2008-09","2007-08","F",10,,,,1/24/2009,11/4/2008,11/25/2008,"SHARE01",,".",
215,12/5/2008,"2008-09","2007-08","F",10,,,,2/3/2009,11/30/2008,12/5/2008,"SHARE01",,".",
622,12/4/2008,"2008-09","2007-08","F",15,,,,2/2/2009,11/12/2008,11/12/2008,"SHARE01",,".",
217,12/24/2008,"2008-09","2007-08","B",,100,50,,2/22/2009,11/20/2008,11/20/2008,"SHARE01",,,
217,12/24/2008,"2008-09","2007-08","C",1675,100,50,,2/22/2009,11/20/2008,11/20/2008,"SHARE13",,".",
462,12/30/2008,"2008-09","2007-08","F",30,,,,2/28/2009,12/21/2008,12/30/2008,"SHARE01",,".",
151,10/28/2008,"2008-09","2007-08","B",,100,100,,12/27/2008,10/14/2008,10/28/2008,"SHARE01",,,
151,10/28/2008,"2008-09","2007-08","C",2500,100,100,,12/27/2008,10/14/2008,10/14/2008,"MERCHAN1",,".",
295,12/21/2008,"2008-09","2007-08","B",,100,5,,2/19/2009,12/1/2008,12/21/2008,"SHARE01",,,
295,12/21/2008,"2008-09","2007-08","C",20,100,5,,2/19/2009,12/1/2008,12/21/2008,"SHARE01",,".",
561,12/29/2008,"2008-09","2007-08","B",,100,6,,2/27/2009,12/1/2008,12/1/2008,"SHARE01",,,
561,12/29/2008,"2008-09","2007-08","C",30,100,6,,2/27/2009,12/1/2008,12/1/2008,"SHARE01",,".",
629,12/21/2008,"2008-09","2007-08","F",8,,,,2/19/2009,11/27/2008,12/21/2008,"SHARE01",,".",
212,12/21/2008,"2008-09","2007-08","F",3,,,,2/19/2009,12/1/2008,12/21/2008,"SHARE01",,".",
464,12/25/2008,"2008-09","2007-08","F",30,,,,2/23/2009,12/5/2008,12/5/2008,"SHARE01",,".",
306,2/10/2009,"2008-09","2007-08","B",,100,5,,4/11/2009,11/27/2008,11/27/2008,"SHARE01",,,
306,2/10/2009,"2008-09","2007-08","C",1110,100,5,,4/11/2009,11/27/2008,11/27/2008,"SHARE24",,".",
279,12/28/2008,"2008-09","2007-08","F",2,,,,2/26/2009,12/21/2008,12/28/2008,"SHARE01",,".",
257,12/30/2008,"2008-09","2007-08","F",15,,,,2/28/2009,12/4/2008,12/4/2008,"SHARE01",,".",
423,12/30/2008,"2008-09","2007-08","F",10,,,,2/28/2009,12/4/2008,12/4/2008,"SHARE01",,".",
278,12/24/2008,"2008-09","2007-08","F",28,,,,2/22/2009,11/26/2008,11/26/2008,"SHARE01",,".",
453,12/30/2008,"2008-09","2007-08","F",6,,,,2/28/2009,12/26/2008,12/30/2008,"SHARE01",,".",
310,12/31/2008,"2008-09","2007-08","F",25,,,,3/1/2009,12/15/2008,12/15/2008,"SHARE01",,".",
640,12/30/2008,"2008-09","2007-08","F",5,,,,2/28/2009,11/12/2008,11/12/2008,"SHARE01",,".",
302,1/31/2009,"2008-09","2007-08","B",,100,100,,4/1/2009,1/18/2009,1/18/2009,"SHARE01",,,
306,2/10/2009,"2008-09","2007-08","F",25,,,,4/11/2009,11/27/2008,11/27/2008,"SHARE01",,".",
302,1/31/2009,"2008-09","2007-08","F",50,,,,4/1/2009,1/18/2009,1/18/2009,"SHARE01",,".",
303,2/7/2009,"2008-09","2007-08","F",25,,,,4/8/2009,1/25/2009,2/7/2009,"SHARE01",,".",
115,3/31/2009,"2008-09","2007-08","B",,100,10,,5/30/2009,3/11/2009,3/11/2009,"SHARE01",,,
115,3/31/2009,"2008-09","2007-08","C",306.15,100,10,,5/30/2009,3/11/2009,3/11/2009,"INVEST",,".",
436,12/27/2008,"2008-09","2007-08","F",10,,,,2/25/2009,11/30/2008,12/27/2008,"SHARE01",,".",
644,2/24/2009,"2008-09","2007-08","F",10,,,,4/25/2009,2/10/2009,2/24/2009,"SHARE01",,".",
135,3/30/2009,"2008-09","2007-08","B",,100,20,,5/29/2009,3/11/2009,3/11/2009,"SHARE01",,,
135,3/30/2009,"2008-09","2007-08","C",2151.1,100,20,,5/29/2009,3/11/2009,3/11/2009,"INVEST",,".",
256,6/15/2008,"2008-09","2007-08","B",,5.79,1,,9/12/2008,7/14/2008,7/14/2008,"MERCHAN1",,,
256,6/15/2008,"2008-09","2007-08","C",60.82,5.79,1,,9/12/2008,7/14/2008,7/14/2008,"MERCHAN1",,,
105,4/23/2009,"2008-09","2007-08","B",,100,52,,6/22/2009,3/23/2009,3/23/2009,"SHARE13",,,
105,4/23/2009,"2008-09","2007-08","C",511.78,100,52,,6/22/2009,3/23/2009,3/23/2009,"INVEST",,".",
732,4/29/2009,"2008-09","2007-08","B",,100,40,,6/28/2009,4/5/2009,4/5/2009,"SHARE01",,,
307,1/31/2008,"2007-08","2006-07","F",25,,,,3/31/2008,1/1/2008,1/1/2008,"SHARE01",,".",
427,12/27/2008,"2008-09","2007-08","F",10,,,,2/25/2009,12/13/2007,12/27/2007,"SHARE01",,".",
427,12/27/2007,"2007-08","2006-07","F",10,,,,2/25/2008,12/13/2007,12/27/2007,"SHARE01",,".",
482,12/28/2007,"2007-08","2006-07","F",21,,,,2/26/2008,12/6/2007,12/6/2007,"SHARE01",,".",
480,12/28/2007,"2007-08","2006-07","F",30,,,,2/26/2008,12/6/2007,12/6/2007,"SHARE01",,".",
213,12/13/2007,"2007-08","2006-07","F",125,,,,2/11/2008,11/25/2007,12/13/2007,"SHARE01",,".",
257,12/27/2007,"2007-08","2006-07","F",15,,,,2/25/2008,12/6/2007,12/6/2007,"SHARE01",,".",
423,12/27/2007,"2007-08","2006-07","F",10,,,,2/25/2008,12/6/2007,12/6/2007,"SHARE01",,".",
137,3/25/2008,"2007-08","2006-07","B",,100,10,,5/24/2008,2/28/2008,2/28/2008,"SHARE01",,,
137,3/25/2008,"2007-08","2006-07","C",159,100,10,,5/24/2008,2/28/2008,2/28/2008,"SHARE01",,".",
113,3/30/2008,"2007-08","2006-07","B",,100,25,,5/29/2008,3/12/2008,3/30/2008,"SHARE02",,,
113,3/30/2008,"2007-08","2006-07","C",627,100,25,,5/29/2008,3/12/2008,3/30/2008,"SHARE01",,".",
732,4/30/2008,"2007-08","2006-07","C",973,100,40,,6/29/2008,4/15/2008,4/15/2008,"SHARE01",,".",
152,8/31/2007,"2007-08","2006-07","B",,100,50,,10/30/2007,8/15/2007,8/23/2007,"MERCHAN1",,,
732,4/30/2008,"2007-08","2006-07","B",,100,40,,6/29/2008,4/15/2008,4/15/2008,"SHARE01",,,
116,4/29/2008,"2007-08","2006-07","B",,100,30,,6/28/2008,4/3/2008,4/3/2008,"SHARE01",,,
116,4/29/2008,"2007-08","2006-07","C",445,100,30,,6/28/2008,4/3/2008,4/3/2008,"SHARE01",,".",
209,4/28/2008,"2007-08","2006-07","B",,100,35,,6/27/2008,3/25/2008,3/25/2008,"SHARE01",,,
209,4/28/2008,"2007-08","2006-07","C",1625,100,35,,6/27/2008,3/25/2008,3/25/2008,"SHARE01",,".",
443,3/23/2008,"2007-08","2006-07","F",8.5,,,,5/22/2008,2/22/2008,3/23/2008,"SHARE01",,".",
553,3/20/2008,"2007-08","2006-07","F",10,,,,5/19/2008,3/6/2008,3/20/2008,"SHARE01",,".",
135,3/30/2008,"2007-08","2006-07","F",15,,,,5/29/2008,3/6/2008,3/6/2008,"SHARE01",,".",
131,6/29/2008,"2007-08","2006-07","B",,100,17.5,,8/28/2008,5/21/2008,5/21/2008,"SHARE01",,,
131,6/29/2008,"2007-08","2006-07","C",642,100,17.5,,8/28/2008,5/21/2008,5/21/2008,"SHARE01",,".",
720,7/17/2008,"2008-09","2007-08","B",,100,10,,9/15/2008,6/26/2008,6/26/2008,"SHARE01",,,
720,7/17/2008,"2008-09","2007-08","C",321,100,10,,9/15/2008,6/26/2008,6/26/2008,"SHARE01",,".",
484,6/8/2008,"2007-08","2006-07","F",110,,,,8/7/2008,4/23/2008,4/23/2008,"SHARE01",,".",
124,4/6/2008,"2007-08","2006-07","B",,100,20,,6/5/2008,3/16/2008,4/6/2008,"SHARE01",,,
124,4/6/2008,"2007-08","2006-07","C",321,100,20,,6/5/2008,3/16/2008,4/6/2008,"SHARE01",,".",
721,6/30/2008,"2007-08","2006-07","F",20,,,,8/29/2008,5/29/2008,5/29/2008,"SHARE01",,".",
740,5/19/2008,"2007-08","2006-07","F",15,,,,7/18/2008,4/21/2008,4/21/2008,"SHARE01",,".",
230,6/30/2008,"2007-08","2006-07","F",10,,,,8/29/2008,6/16/2008,6/16/2008,"SHARE13",,".",
743,9/20/2008,"2008-09","2007-08","B",,100,20,,11/19/2008,7/22/2008,7/22/2008,"SHARE26",,,
743,9/20/2008,"2008-09","2007-08","C",357,100,20,,11/19/2008,7/22/2008,7/22/2008,"SHARE26",,".",
106,9/25/2008,"2008-09","2007-08","B",,100,40,,11/24/2008,8/25/2008,8/25/2008,"SHARE26",,,
106,9/25/2008,"2008-09","2007-08","C",480,100,40,,11/24/2008,8/25/2008,8/25/2008,"SHARE01",,".",
734,8/14/2008,"2008-09","2007-08","F",10,,,,10/13/2008,7/27/2008,7/27/2008,"SHARE01",,".",
430,7/17/2008,"2008-09","2007-08","F",10,,,,9/15/2008,7/3/2008,7/17/2008,"SHARE13",,".",
420,10/16/2008,"2008-09","2007-08","F",20,,,,12/15/2008,9/17/2008,10/16/2008,"SHARE01",,".",
751,10/12/2008,"2008-09","2007-08","F",7.5,,,,12/11/2008,9/9/2008,9/9/2008,"SHARE01",,".",
117,12/25/2008,"2008-09","2007-08","R",,100,100,0,2/23/2009,12/15/2008,12/15/2008,"SHARE01",,,
289,10/25/2008,"2008-09","2007-08","F",6,,,,12/24/2008,10/9/2008,10/25/2008,"SHARE01",,".",
165,1/26/2009,"2008-09","2007-08","F",9,,,,3/27/2009,1/1/2009,1/1/2009,"SHARE01",,".",
511,12/21/2008,"2008-09","2007-08","F",8,,,,2/19/2009,12/5/2008,12/21/2008,"SHARE01",,".",
441,12/15/2008,"2008-09","2007-08","F",2.5,,,,2/13/2009,11/12/2008,12/15/2008,"SHARE01",,".",
206,12/22/2008,"2008-09","2007-08","F",10,,,,2/20/2009,12/1/2008,12/22/2008,"SHARE01",,".",
615,12/24/2008,"2008-09","2007-08","F",4,,,,2/22/2009,12/17/2008,12/24/2008,"SHARE01",,".",
415,12/21/2008,"2008-09","2007-08","F",5,,,,2/19/2009,11/24/2008,12/21/2008,"SHARE01",,".",
480,12/25/2008,"2008-09","2007-08","F",30,,,,2/23/2009,11/6/2008,11/6/2008,"SHARE01",,".",
482,12/25/2008,"2008-09","2007-08","F",21,,,,2/23/2009,11/6/2008,11/6/2008,"SHARE01",,".",
475,12/21/2008,"2008-09","2007-08","F",17.5,,,,2/19/2009,12/14/2008,12/21/2008,"SHARE01",,".",
442,12/22/2008,"2008-09","2007-08","F",5,,,,2/20/2009,11/25/2008,12/22/2008,"SHARE01",,".",
607,12/21/2008,"2008-09","2007-08","F",10,,,,2/19/2009,12/1/2008,12/21/2008,"SHARE01",,".",
264,12/22/2008,"2008-09","2007-08","F",3,,,,2/20/2009,12/7/2008,12/22/2008,"SHARE01",,".",
163,7/31/2008,"2008-09","2007-08","F",17,,,,9/29/2008,6/30/2008,6/30/2008,"MERCHAN1",,,
610,12/20/2008,"2008-09","2007-08","F",60,,,,2/18/2009,11/30/2008,11/30/2008,"SHARE01",,".",
450,2/15/2009,"2008-09","2007-08","B",,100,15,,4/16/2009,1/29/2009,1/29/2009,"SHARE01",,,
450,2/15/2009,"2008-09","2007-08","C",20,100,15,,4/16/2009,1/29/2009,1/29/2009,"SHARE01",,".",
141,4/5/2009,"2008-09","2007-08","R",,100,20,0,6/4/2009,3/29/2009,3/29/2009,"SHARE01",,,
123,3/31/2009,"2008-09","2007-08","B",,100,20,,5/30/2009,3/16/2009,3/16/2009,"SHARE01",,,
123,3/31/2009,"2008-09","2007-08","C",294.3,100,20,,5/30/2009,3/16/2009,3/16/2009,"INVEST",,".",
137,4/2/2009,"2008-09","2007-08","B",,7,1,,6/1/2009,3/17/2009,3/17/2009,"SHARE01",,,
137,4/2/2009,"2008-09","2007-08","C",750,7,1,,6/1/2009,3/17/2009,3/17/2009,"SHARE01",,".",
732,4/29/2009,"2008-09","2007-08","C",1655.9,100,40,,6/28/2009,4/5/2009,4/5/2009,"INVEST",,".",
137,4/2/2009,"2008-09","2007-08","F",20,,,,6/1/2009,3/17/2009,3/17/2009,"SHARE01",,".",
111,4/28/2009,"2008-09","2007-08","B",,100,20,,6/27/2009,3/30/2009,3/30/2009,"SHARE01",,,
111,4/28/2009,"2008-09","2007-08","C",411.3,100,20,,6/27/2009,3/30/2009,3/30/2009,"INVEST",,".",
120,4/23/2009,"2008-09","2007-08","B",,100,20,,6/22/2009,3/30/2009,3/30/2009,"SHARE01",,,
120,4/23/2009,"2008-09","2007-08","C",226.03,100,20,,6/22/2009,3/30/2009,3/30/2009,"INVEST",,".",
130,5/5/2009,"2008-09","2007-08","B",,100,20,,7/4/2009,4/9/2009,4/9/2009,"SHARE01",,,
130,5/5/2009,"2008-09","2007-08","C",123,100,20,,7/4/2009,4/9/2009,4/9/2009,"SHARE01",,".",
229,3/30/2009,"2008-09","2007-08","F",17,,,,5/29/2009,3/10/2009,3/10/2009,"SHARE01",,".",
443,3/23/2009,"2008-09","2007-08","F",8.5,,,,5/22/2009,2/20/2009,3/23/2009,"SHARE01",,".",
135,3/30/2009,"2008-09","2007-08","F",15,,,,5/29/2009,3/11/2009,3/11/2009,"SHARE01",,".",
476,12/28/2008,"2008-09","2007-08","F",10,,,,2/26/2009,12/22/2008,12/28/2008,"SHARE01",,".",
550,4/27/2009,"2008-09","2007-08","B",,100,20,,6/26/2009,4/5/2009,4/5/2009,"SHARE13",,,
550,4/27/2009,"2008-09","2007-08","C",258,100,20,,6/26/2009,4/5/2009,4/5/2009,"SHARE13",,".",
133,5/7/2009,"2008-09","2007-08","B",,100,150,,7/6/2009,4/6/2009,4/6/2009,"SHARE13",,,
133,5/7/2009,"2008-09","2007-08","C",1043.85,100,150,,7/6/2009,4/6/2009,4/6/2009,"INVEST",,".",
114,4/26/2009,"2008-09","2007-08","B",,100,20,,6/25/2009,3/30/2009,3/30/2009,"SHARE13",,,
114,4/26/2009,"2008-09","2007-08","C",265.65,100,20,,6/25/2009,3/30/2009,3/30/2009,"INVEST",,".",
116,5/12/2009,"2008-09","2007-08","B",,100,30,,7/11/2009,4/6/2009,4/6/2009,"SHARE13",,,
116,5/12/2009,"2008-09","2007-08","C",305,100,30,,7/11/2009,4/6/2009,4/6/2009,"SHARE01",,".",
741,5/20/2009,"2008-09","2007-08","B",,100,12,,7/19/2009,5/5/2009,5/5/2009,"SHARE01",,,
741,5/20/2009,"2008-09","2007-08","C",406.54,100,12,,7/19/2009,5/5/2009,5/5/2009,"INVEST",,".",
746,5/20/2009,"2008-09","2007-08","B",,100,15,,7/19/2009,4/22/2009,4/22/2009,"SHARE01",,,
746,5/20/2009,"2008-09","2007-08","C",258,100,15,,7/19/2009,4/22/2009,4/22/2009,"SHARE01",,".",
106,5/14/2009,"2008-09","2007-08","B",,100,30,,7/13/2009,4/9/2009,4/9/2009,"SHARE01",,,
133,4/22/2010,"2009-10","2008-09","F",10,,,,6/21/2010,3/7/2010,3/7/2010,"SHARE01",,".",
113,3/25/2010,"2009-10","2008-09","F",10,,,,5/24/2010,3/10/2010,3/10/2010,"SHARE01",,".",
129,4/21/2009,"2008-09","2007-08","B",,100,24,,6/20/2009,3/25/2009,3/25/2009,"SHARE01",,,
129,4/21/2009,"2008-09","2007-08","C",235.31,100,24,,6/20/2009,3/25/2009,3/25/2009,"INVEST",,".",
740,5/5/2009,"2008-09","2007-08","B",,100,15,,7/4/2009,4/6/2009,4/6/2009,"SHARE26",,,
740,5/5/2009,"2008-09","2007-08","C",240,100,15,,7/4/2009,4/6/2009,4/6/2009,"SHARE01",,".",
213,12/28/2008,"2008-09","2007-08","F",100,,,,2/26/2009,11/30/2008,11/30/2008,"SHARE01",,".",
228,6/26/2006,"2005-06","2004-05","F",6,,,,8/25/2006,6/1/2006,6/26/2006,"SHARE27",,"..",
724,6/29/2006,"2005-06","2004-05","F",10,,,,8/28/2006,6/4/2006,6/29/2006,"SHARE27",,"..",
625,6/22/2006,"2005-06","2004-05","F",25,,,,8/21/2006,6/4/2006,6/4/2006,"SHARE27",,"..",
439,6/21/2006,"2005-06","2004-05","F",6,,,,8/20/2006,6/1/2006,6/21/2006,"SHARE27",,"..",
207,6/22/2006,"2005-06","2004-05","F",30,,,,8/21/2006,6/1/2006,6/22/2006,"SHARE27",,"..",
731,6/22/2006,"2005-06","2004-05","F",10,,,,8/21/2006,6/1/2006,6/1/2006,"SHARE27",,"..",
121,6/29/2006,"2005-06","2004-05","F",15,,,,8/28/2006,6/22/2006,6/22/2006,"SHARE27",,"..",
419,6/28/2006,"2005-06","2004-05","F",5,,,,8/27/2006,6/8/2006,6/8/2006,"SHARE27",,"..",
718,6/28/2006,"2005-06","2004-05","F",15,,,,8/27/2006,6/8/2006,6/8/2006,"SHARE27",,"..",
447,6/28/2006,"2005-06","2004-05","F",4,,,,8/27/2006,6/1/2006,6/28/2006,"SHARE27",,"..",
644,7/20/2006,"2006-07","2005-06","F",7,,,,9/18/2006,6/30/2006,7/20/2006,"SHARE27",,"..",
430,7/13/2006,"2006-07","2005-06","F",10,,,,9/11/2006,6/29/2006,7/13/2006,"SHARE27",,"..",
305,6/25/2006,"2005-06","2004-05","F",10,,,,8/24/2006,6/1/2006,6/1/2006,"SHARE27",,"..",
647,12/14/2005,"2005-06","2004-05","B",,100,6.25,,2/12/2006,11/15/2005,12/14/2005,"SHARE08",,,
139,8/2/2006,"2006-07","2005","B",,100,25,,10/1/2006,7/17/2006,7/17/2006,"INVEST",,,
139,8/2/2006,"2006-07","2005","C",174.4,100,25,,10/1/2006,7/17/2006,7/17/2006,"SHARE01",,,
602,8/24/2006,"2006-07","2005","F",37,,,,10/23/2006,8/4/2006,8/24/2006,"SHARE18",,"..",
149,12/20/2006,"2006-07","2005-06","F",2,,,,2/18/2007,11/30/2006,11/30/2006,"SHARE18",,"..",
279,12/24/2006,"2006-07","2005-06","F",2,,,,2/22/2007,12/14/2006,12/21/2006,"SHARE18",,"..",
623,12/18/2006,"2006-07","2006","F",12,,,,2/16/2007,12/5/2006,12/5/2006,"SHARE18",,"..",
622,12/18/2006,"2006-07","2005-06","F",12,,,,2/16/2007,12/5/2006,12/5/2006,"SHARE18",,"..",
105,6/19/2006,"2005-06","2004-05","B",,100,30,,8/18/2006,5/25/2006,5/25/2006,"MERCHAN1",,,
610,12/24/2005,"2005-06","2004-05","F",70,,,,2/22/2006,12/18/2005,12/24/2005,"SHARE27",,,
264,12/26/2005,"2005-06","2004-05","F",4,,,,2/24/2006,12/11/2005,12/26/2005,"SHARE27",,,
462,12/29/2005,"2005-06","2004-05","F",20,,,,2/27/2006,12/20/2005,12/29/2005,"SHARE27",,,
613,12/29/2005,"2005-06","2004-05","F",5,,,,2/27/2006,12/15/2005,12/29/2005,"SHARE27",,,
630,12/29/2005,"2005-06","2004-05","F",5,,,,2/27/2006,12/15/2005,12/29/2005,"SHARE27",,,
278,12/21/2005,"2005-06","2004-05","F",26,,,,2/19/2006,12/21/2005,12/21/2005,"SHARE27",,,
301,1/31/2006,"2005-06","2004-05","F",50,,,,4/1/2006,12/20/2005,12/20/2005,"SHARE27",,,
257,12/17/2005,"2005-06","2004-05","F",12.5,,,,2/15/2006,12/12/2005,12/17/2005,"SHARE27",,,
603,1/4/2006,"2005-06","2004-05","I",100,,,,3/5/2006,1/4/2006,1/4/2006,"SHARE27",,,
302,1/5/2006,"2005-06","2004-05","F",50,,,,3/6/2006,1/5/2006,1/5/2006,"SHARE27",,,
147,12/21/2005,"2005-06","2004-05","B",,100,10,,2/19/2006,11/30/2005,11/30/2005,"SHARE01",,,
149,12/21/2005,"2005-06","2004-05","B",,100,10,,2/19/2006,11/30/2005,11/30/2005,"SHARE01",,,
149,12/21/2005,"2005-06","2004-05","C",198.75,100,10,,2/19/2006,11/30/2005,11/30/2005,"SHARE35",,,
560,12/19/2005,"2005-06","2004-05","B",,100,10,,2/17/2006,11/27/2005,11/27/2005,"SHARE01",,,
560,12/19/2005,"2005-06","2004-05","C",20,100,10,,2/17/2006,11/27/2005,11/27/2005,"SHARE01",,,
719,3/28/2006,"2005-06","2005","F",25,,,,5/27/2006,3/8/2006,3/8/2006,"SHARE01",,,
217,12/22/2005,"2005-06","2005","B",,3,1,,2/20/2006,11/22/2005,11/22/2005,"SHARE01",,,
217,12/22/2005,"2005-06","2005","C",1002.3,3,1,,2/20/2006,11/22/2005,11/22/2005,"SHARE01",,,
101,6/11/2006,"2005-06","2005","B",,100,10,,8/10/2006,5/28/2006,5/28/2006,"SHARE01",,,
101,6/11/2006,"2005-06","2005","C",867.49,100,10,,8/10/2006,5/28/2006,5/28/2006,"SHARE18",,".",
146,5/27/2006,"2005-06","2005","B",,100,25,,7/26/2006,5/14/2006,5/14/2006,"SHARE01",,,
146,5/27/2006,"2005-06","2005","C",261.5,100,25,,7/26/2006,5/14/2006,5/14/2006,"SHARE01",,,
305,6/25/2006,"2005-06","2005","B",,100,10,,8/24/2006,6/1/2006,6/1/2006,"SHARE01",,,
557,6/29/2006,"2005-06","2005","B",,100,15,,8/28/2006,6/8/2006,6/8/2006,"SHARE01",,,
557,6/29/2006,"2005-06","2005","C",11.98,100,15,,8/28/2006,6/8/2006,6/8/2006,"SHARE01",,,
162,8/28/2006,"2006-07","2005-06","F",16,,,,10/27/2006,8/15/2006,8/28/2006,"SHARE27",,"..",
153,8/24/2006,"2006-07","2005-06","F",55,,,,10/23/2006,8/15/2006,8/24/2006,"SHARE18",,"..",
152,8/24/2006,"2006-07","2005-06","F",210,,,,10/23/2006,8/15/2006,8/24/2006,"SHARE18",,"..",
154,8/24/2006,"2006-07","2005-06","F",52,,,,10/23/2006,8/15/2006,8/24/2006,"SHARE18",,"..",
159,8/24/2006,"2006-07","2005-06","F",15,,,,10/23/2006,8/15/2006,8/24/2006,"SHARE18",,".",
157,8/24/2006,"2006-07","2005-06","F",18.5,,,,10/23/2006,8/15/2006,8/24/2006,"SHARE18",,"..",
475,12/18/2006,"2006-07","2005-06","F",17.5,,,,2/16/2007,12/12/2006,12/18/2006,"SHARE18",,"..",
457,6/17/1998,"1997-98","1996-97","B",,100,10,,8/16/1998,6/4/1998,6/17/1998,"SHARE18",,,
264,12/26/2005,"2005-06","2004-05","B",,100,4,,2/24/2006,12/11/2005,12/26/2005,"SHARE27",,,
119,5/23/2006,"2005-06","2004-05","F",14,,,,7/22/2006,4/16/2006,4/16/2006,"SHARE27",,"..",
209,5/8/2006,"2005-06","2004-05","F",10,,,,7/7/2006,4/10/2006,4/10/2006,"SHARE27",,"..",
133,5/15/2006,"2005-06","2004-05","F",26,,,,7/14/2006,4/23/2006,5/15/2006,"SHARE27",,"..",
109,5/25/2006,"2005-06","2004-05","F",20,,,,7/24/2006,4/26/2006,5/25/2006,"SHARE27",,"..",
511,12/24/2006,"2006-07","2006","F",8,,,,2/22/2007,12/3/2006,12/24/2006,"SHARE18",,"..",
459,5/18/2006,"2005-06","2004-05","F",42,,,,7/17/2006,4/26/2006,4/26/2006,"SHARE27",,"..",
417,12/27/2005,"2005-06","2004-05","F",5,,,,2/25/2006,12/12/2005,12/27/2005,"SHARE27",,"..",
156,8/24/2006,"2006-07","2005-06","F",27,,,,10/23/2006,8/15/2006,8/24/2006,"SHARE18",,"..",
730,9/20/2006,"2006-07","2005-06","F",10,,,,11/19/2006,9/3/2006,9/3/2006,"SHARE18",,"..",
202,12/24/2006,"2006-07","2005-06","F",13,,,,2/22/2007,12/20/2006,12/20/2006,"SHARE18",,"..",
124,4/21/2005,"2004-05","2004","B",,100,10,,6/20/2005,4/1/2005,4/21/2005,"SHARE01",,,
605,12/27/2005,"2005-06","2004-05","F",10,,,,2/25/2006,12/21/2005,12/27/2005,"SHARE27",,,
212,12/27/2005,"2005-06","2004-05","F",3,,,,2/25/2006,12/3/2005,12/27/2005,"SHARE27",,,
270,12/29/2005,"2005-06","2004-05","F",6,,,,2/27/2006,12/15/2005,12/29/2005,"SHARE27",,,
427,12/29/2005,"2005-06","2004-05","F",12,,,,2/27/2006,12/15/2005,12/29/2005,"SHARE27",,,
561,12/22/2005,"2005-06","2004-05","F",12,,,,2/20/2006,12/22/2005,12/22/2005,"SHARE27",,,
622,12/5/2005,"2005-06","2004-05","F",10,,,,2/3/2006,12/5/2005,12/5/2005,"SHARE27",,,
558,12/22/2005,"2005-06","2004-05","F",5,,,,2/20/2006,12/5/2005,12/22/2005,"SHARE27",,,
640,12/26/2005,"2005-06","2004-05","F",6,,,,2/24/2006,12/1/2005,12/26/2005,"SHARE27",,,
261,12/11/2005,"2005-06","2004-05","F",25,,,,2/9/2006,12/4/2005,12/11/2005,"SHARE27",,,
511,12/18/2005,"2005-06","2004-05","I",5,,,,2/16/2006,12/5/2005,12/18/2005,"SHARE27",,,
355,12/29/2005,"2005-06","2004-05","F",17.5,,,,2/27/2006,12/11/2005,12/29/2005,"SHARE27",,,
464,12/31/2005,"2005-06","2004-05","F",18,,,,3/1/2006,12/10/2005,12/31/2005,"SHARE27",,,
475,12/18/2005,"2005-06","2004-05","F",17.5,,,,2/16/2006,12/12/2005,12/18/2005,"SHARE18",,"..",
448,12/31/2005,"2005-06","2004-05","F",12,,,,3/1/2006,12/10/2005,12/31/2005,"SHARE27",,,
425,12/29/2005,"2005-06","2004-05","F",3,,,,2/27/2006,12/24/2005,12/29/2005,"SHARE27",,,
423,12/12/2005,"2005-06","2004-05","F",5,,,,2/10/2006,12/12/2005,12/12/2005,"SHARE27",,,
615,12/29/2005,"2005-06","2004-05","F",4,,,,2/27/2006,12/16/2005,12/29/2005,"SHARE27",,,
638,12/21/2005,"2005-06","2004-05","F",5,,,,2/19/2006,12/1/2005,12/21/2005,"SHARE27",,,
202,12/15/2005,"2005-06","2004-05","F",11,,,,2/13/2006,12/15/2005,12/15/2005,"SHARE27",,,
476,12/31/2005,"2005-06","2004-05","F",10,,,,3/1/2006,12/18/2005,12/31/2005,"SHARE27",,,
410,1/9/2006,"2005-06","2004-05","F",5,,,,3/10/2006,12/26/2005,1/9/2006,"SHARE27",,,
215,12/24/2005,"2005-06","2004-05","F",6,,,,2/22/2006,12/14/2005,12/24/2005,"SHARE27",,,
413,12/29/2005,"2005-06","2004-05","F",7,,,,2/27/2006,12/5/2005,12/29/2005,"SHARE27",,,
437,12/22/2005,"2005-06","2004-05","F",2.5,,,,2/20/2006,12/8/2005,12/22/2005,"SHARE27",,,
634,12/28/2005,"2005-06","2004-05","F",7.5,,,,2/26/2006,12/15/2005,12/28/2005,"SHARE27",,,
142,7/28/2004,"2004-05","2004","B",,100,16,,9/26/2004,7/24/2004,7/28/2004,"SHARE17",,,
303,2/25/2006,"2005-06","2004-05","F",15,,,,4/26/2006,2/17/2006,2/25/2006,"SHARE01",,,
114,6/15/2006,"2005-06","2005","B",,100,20,,8/14/2006,5/22/2006,5/22/2006,"SHARE35",,,
114,6/15/2006,"2005-06","2005","C",287.28,100,20,,8/14/2006,5/22/2006,5/22/2006,"SHARE21",,".",
131,6/27/2006,"2005-06","2005","B",,100,15,,8/26/2006,5/29/2006,5/29/2006,"SHARE01",,,
131,6/27/2006,"2005-06","2005","C",184.7,100,15,,8/26/2006,5/29/2006,5/29/2006,"SHARE01",,,
618,6/24/2006,"2005-06","2005","B",,100,10,,8/23/2006,6/5/2006,6/5/2006,"SHARE35",,,
618,6/24/2006,"2005-06","2005","C",38.12,100,10,,8/23/2006,6/5/2006,6/5/2006,"SHARE01",,,
114,6/15/2006,"2006-07","2005-06","R",,1,1,100,11/27/2006,9/28/2006,9/28/2006,"SHARE01",,,
147,8/20/2006,"2006-07","2005","F",10,,,,10/19/2006,8/6/2006,8/20/2006,"SHARE18",,".",
158,8/24/2006,"2006-07","2005-06","F",16,,,,10/23/2006,8/15/2006,8/24/2006,"SHARE18",,"..",
453,12/27/2005,"2005-06","2004-05","F",6,,,,2/25/2006,12/25/2005,12/27/2005,"SHARE01",,,
115,3/28/2006,"2005-06","2005","B",,100,5,,5/27/2006,3/8/2006,3/8/2006,"SHARE01",,,
729,5/29/2006,"2005-06","2005","B",,100,45,,7/28/2006,5/7/2006,5/7/2006,"SHARE35",,,
729,5/29/2006,"2005-06","2005","C",229.5,100,45,,7/28/2006,5/7/2006,5/7/2006,"SHARE01",,,
116,5/30/2006,"2005-06","2005","B",,100,10,,7/29/2006,5/7/2006,5/7/2006,"SHARE01",,,
116,5/30/2006,"2005-06","2005","C",217.43,100,10,,7/29/2006,5/7/2006,5/7/2006,"SHARE01",,,
140,6/29/2006,"2005-06","2005","B",,100,20,,8/28/2006,6/7/2006,6/7/2006,"SHARE01",,,
140,6/29/2006,"2005-06","2005","C",100,100,20,,8/28/2006,6/7/2006,6/7/2006,"SHARE01",,,
728,7/26/2006,"2006-07","2005","B",,100,20,,9/24/2006,7/12/2006,7/12/2006,"SHARE35",,,
728,7/26/2006,"2006-07","2005","C",200,100,20,,9/24/2006,7/12/2006,7/12/2006,"SHARE35",,,
142,6/29/2006,"2005-06","2005","B",,100,12,,8/28/2006,6/7/2006,6/7/2006,"SHARE01",,,
142,6/29/2006,"2005-06","2005","C",116.87,100,12,,8/28/2006,6/7/2006,6/7/2006,"SHARE01",,,
419,6/28/2006,"2005-06","2005","B",,100,10,,8/27/2006,6/8/2006,6/8/2006,"SHARE01",,,
419,6/28/2006,"2005-06","2005","C",23.39,100,10,,8/27/2006,6/8/2006,6/8/2006,"SHARE01",,,
477,9/21/2006,"2006-07","2005","C",2480.45,100,20,,11/20/2006,8/24/2006,8/24/2006,"SHARE18",,,
134,8/1/2006,"2006-07","2005","B",,100,100,,9/30/2006,7/4/2006,7/4/2006,"SHARE01",,,
134,8/1/2006,"2006-07","2005","C",100,100,100,,9/30/2006,7/4/2006,7/4/2006,"SHARE01",,,
104,9/1/2006,"2006-07","2005","B",,100,25,,10/31/2006,8/2/2006,8/2/2006,"SHARE18",,,
104,9/1/2006,"2006-07","2005","C",3574.02,100,25,,10/31/2006,8/2/2006,8/2/2006,"SHARE18",,".",
125,10/31/2006,"2006-07","2005-06","R",,2,1,,12/30/2006,10/31/2006,10/31/2006,"SHARE01",,,
155,8/24/2006,"2006-07","2005-06","F",48,,,,10/23/2006,8/15/2006,8/24/2006,"SHARE18",,"..",
603,11/20/2006,"2006-07","2005-06","I",130,,,,1/19/2007,12/5/2006,12/5/2006,"SHARE18",,,
261,12/17/2006,"2006-07","2005-06","F",25,,,,2/15/2007,12/10/2006,12/17/2006,"SHARE18",,"..",
719,3/28/2006,"2005-06","2004-05","R",,1,1,200,5/27/2006,3/8/2006,3/8/2006,"SHARE01",,,
120,5/4/2006,"2005-06","2005","B",,100,20,,7/3/2006,4/18/2006,4/18/2006,"SHARE01",,,
120,5/4/2006,"2005-06","2005","C",213.7,100,20,,7/3/2006,4/18/2006,4/18/2006,"SHARE01",,,
123,5/28/2006,"2005-06","2005","B",,100,20,,7/27/2006,5/7/2006,5/7/2006,"SHARE01",,,
123,5/28/2006,"2005-06","2005","C",280.4,100,20,,7/27/2006,5/7/2006,5/7/2006,"SHARE01",,,
137,5/8/2006,"2005-06","2005","B",,100,50,,7/7/2006,3/23/2006,3/23/2006,"SHARE01",,,
137,5/8/2006,"2005-06","2005","C",100,100,50,,7/7/2006,3/23/2006,3/23/2006,"SHARE01",,,
477,9/21/2006,"2006-07","2005","B",,100,20,,11/20/2006,8/24/2006,8/24/2006,"SHARE01",,,
477,9/21/2006,"2006-07","2006","F",75,,,,11/20/2006,8/24/2006,8/24/2006,"SHARE18",,,
735,9/21/2006,"2006-07","2005","F",10,,,,11/20/2006,8/31/2006,9/21/2006,"SHARE18",,"..",
144,7/30/2006,"2006-07","2005","F",15,,,,9/28/2006,7/13/2006,7/30/2006,"SHARE18",,"..",
610,12/28/2004,"2004-05","2003-04","C",1503.27,4,1,,2/26/2005,12/7/2004,12/13/2004,"SHARE27",,"..",
151,10/27/2005,"2005-06","2004-05","F",12,,,,12/26/2005,10/12/2005,10/27/2005,"SHARE27",,"..",
508,12/12/2005,"2005-06","2004-05","F",10,,,,2/10/2006,12/1/2005,12/12/2005,"SHARE27",,,
122,5/11/2005,"2004-05","2003-04","C",450.45,100,25,,7/10/2005,4/17/2005,5/11/2005,"SHARE27",,,
457,6/8/2005,"2004-05","2003-04","C",3030,100,20,,8/7/2005,5/27/2005,6/8/2005,"SHARE27",,,
142,6/27/2005,"2004-05","2003-04","C",158.88,100,12,,8/26/2005,6/5/2005,6/5/2005,"SHARE27",,,
101,11/30/2005,"2005-06","2004-05","B",,100,5,,1/29/2006,11/10/2005,11/30/2005,"SHARE01",,,
480,12/29/2005,"2005-06","2005","B",,100,50,,2/27/2006,12/9/2005,12/29/2005,"SHARE01",,,
443,3/20/2006,"2005-06","2005","F",7.5,,,,5/19/2006,2/24/2006,3/20/2006,"SHARE35",,,
223,3/29/2006,"2005-06","2005","F",5,,,,5/28/2006,3/16/2006,3/29/2006,"SHARE01",,,
115,3/28/2006,"2005-06","2005","F",20,,,,5/27/2006,3/8/2006,3/8/2006,"SHARE01",,,
553,3/16/2006,"2005-06","2004-05","F",5,,,,5/15/2006,3/2/2006,3/16/2006,"SHARE01",,,
137,5/8/2006,"2005-06","2005","F",32,,,,7/7/2006,3/23/2006,3/23/2006,"SHARE01",,,
113,3/30/2006,"2005-06","2005","B",,100,25,,5/29/2006,3/14/2006,3/14/2006,"SHARE01",,,
113,3/30/2006,"2005-06","2005","C",393.5,100,25,,5/29/2006,3/14/2006,3/14/2006,"SHARE01",,,
732,4/12/2006,"2005-06","2005","B",,100,30,,6/11/2006,3/27/2006,3/27/2006,"SHARE01",,,
732,4/12/2006,"2005-06","2005","C",200,100,30,,6/11/2006,3/27/2006,3/27/2006,"SHARE01",,,
621,5/4/2006,"2005-06","2004-05","F",22,,,,7/3/2006,4/6/2006,4/6/2006,"SHARE27",,"..",
122,4/24/2006,"2005-06","2004-05","F",10,,,,6/23/2006,4/4/2006,4/4/2006,"SHARE27",,"..",
484,5/2/2006,"2005-06","2004-05","F",100,,,,7/1/2006,4/2/2006,4/2/2006,"SHARE27",,"..",
118,4/30/2006,"2005-06","2004-05","F",25,,,,6/29/2006,4/13/2006,4/13/2006,"SHARE27",,"..",
265,5/9/2006,"2005-06","2004-05","F",25,,,,7/8/2006,4/16/2006,5/9/2006,"SHARE27",,"..",
454,5/25/2006,"2005-06","2004-05","F",30,,,,7/24/2006,4/27/2006,4/27/2006,"SHARE27",,"..",
736,5/18/2006,"2005-06","2004-05","F",10,,,,7/17/2006,4/25/2006,4/25/2006,"SHARE27",,"..",
135,4/26/2006,"2005-06","2004-05","F",37.5,,,,6/25/2006,4/6/2006,4/6/2006,"SHARE27",,"..",
213,12/27/2005,"2005-06","2004-05","B",,2,1,,2/25/2006,12/5/2005,12/27/2005,"SHARE15",,,
141,7/23/2005,"2005-06","2004","R",,2,1,0,9/21/2005,7/9/2005,7/23/2005,"SHARE01",,,
106,3/30/2006,"2005-06","2005","B",,1,2,,5/29/2006,3/9/2006,3/30/2006,"SHARE01",,,
106,3/30/2006,"2005-06","2005","C",400,1,2,,5/29/2006,3/9/2006,3/30/2006,"SHARE01",,,
122,4/24/2006,"2005-06","2005","B",,100,20,,6/23/2006,4/4/2006,4/4/2006,"SHARE01",,,
122,4/24/2006,"2005-06","2005","C",312.5,100,20,,6/23/2006,4/4/2006,4/4/2006,"SHARE01",,,
119,5/23/2006,"2005-06","2005","B",,100,10,,7/22/2006,4/16/2006,4/16/2006,"SHARE01",,,
119,5/23/2006,"2005-06","2005","C",274.4,100,10,,7/22/2006,4/16/2006,4/16/2006,"SHARE01",,,
733,5/30/2006,"2005-06","2005","B",,100,10,,7/29/2006,5/10/2006,5/10/2006,"SHARE35",,,
289,12/22/2005,"2005-06","2005","B",,100,15,,2/20/2006,12/1/2005,12/22/2005,"SHARE15",,,
112,5/17/2006,"2005-06","2004-05","C",2291,100,26,,7/16/2006,4/18/2006,4/18/2006,"SHARE01",,,
112,5/17/2006,"2005-06","2004-05","B",,100,26,,7/16/2006,4/18/2006,4/18/2006,"SHARE01",,,
482,12/29/2005,"2005-06","2004-05","B",,100,20,,2/27/2006,12/9/2005,12/29/2005,"SHARE01",,,
457,6/10/2006,"2005-06","2005","B",,100,20,,8/9/2006,5/24/2006,5/24/2006,"SHARE01",,,
457,6/10/2006,"2005-06","2005","C",2795,100,20,,8/9/2006,5/24/2006,5/24/2006,"SHARE01",,,
482,12/29/2005,"2005-06","2004-05","C",10,100,20,,2/27/2006,12/9/2005,12/29/2005,"SHARE01",,,
718,6/28/2006,"2005-06","2005","B",,100,15,,8/27/2006,6/8/2006,6/8/2006,"SHARE35",,,
718,6/28/2006,"2005-06","2005","C",100,100,15,,8/27/2006,6/8/2006,6/8/2006,"SHARE35",,,
121,6/29/2006,"2005-06","2005","B",,100,10,,8/28/2006,6/22/2006,6/22/2006,"SHARE01",,,
121,6/29/2006,"2005-06","2005","C",299.32,100,10,,8/28/2006,6/22/2006,6/22/2006,"INVEST",,,
102,7/10/2006,"2006-07","2005","B",,100,50,,9/8/2006,6/21/2006,6/21/2006,"SHARE01",,,
102,7/10/2006,"2006-07","2005","C",668.95,100,50,,9/8/2006,6/21/2006,6/21/2006,"SHARE01",,,
728,7/26/2006,"2006-07","2005-06","F",10,,,,9/24/2006,7/12/2006,7/12/2006,"SHARE27",,"..",
218,5/31/2006,"2005-06","2004-05","F",8,,,,7/30/2006,4/20/2006,4/20/2006,"MERCHAN5",,,
164,8/28/2006,"2006-07","2005-06","F",6,,,,10/27/2006,8/15/2006,8/28/2006,"SHARE27",,"..",
717,8/20/2006,"2006-07","2005","B",,100,20,,10/19/2006,7/31/2006,7/31/2006,"SHARE01",,,
717,8/20/2006,"2006-07","2005","C",284.55,100,20,,10/19/2006,7/31/2006,7/31/2006,"SHARE18",,"..",
254,9/21/2006,"2006-07","2005-06","F",16,,,,11/20/2006,9/3/2006,9/21/2006,"SHARE19",,"..",
420,9/21/2006,"2006-07","2005-06","I",18,,,,11/20/2006,8/30/2006,9/21/2006,"SHARE19",,"..",
420,9/21/2006,"2006-07","2005-06","F",18,,,,11/20/2006,8/30/2006,9/21/2006,"SHARE19",,"..",
601,9/20/2006,"2006-07","2006","F",15,,,,11/19/2006,8/31/2006,8/31/2006,"SHARE19",,"..",
408,9/21/2006,"2006-07","2005-06","F",25,,,,11/20/2006,8/25/2006,9/21/2006,"SHARE18",,"..",
162,4/4/2010,"2009-10","2008-09","F",25,,,,6/3/2010,3/4/2010,3/4/2010,"SHARE24",,".",
162,4/5/2010,"2009-10","2008-09","F",35,,,,6/4/2010,3/4/2010,3/4/2010,"SHARE24",,".",
164,4/4/2010,"2009-10","2008-09","F",16,,,,6/3/2010,3/4/2010,3/4/2010,"SHARE24",,".",
164,4/5/2010,"2009-10","2008-09","F",25,,,,6/4/2010,3/4/2010,3/4/2010,"SHARE24",,".",
167,4/4/2010,"2009-10","2008-09","F",15.5,,,,6/3/2010,3/4/2010,3/4/2010,"SHARE24",,".",
167,4/5/2010,"2009-10","2008-09","F",24,,,,6/4/2010,3/4/2010,3/4/2010,"SHARE24",,".",
169,4/5/2010,"2009-10","2008-09","F",12.5,,,,6/4/2010,3/4/2010,3/4/2010,"SHARE24",,".",
170,4/4/2010,"2009-10","2008-09","F",12.5,,,,6/3/2010,3/4/2010,3/4/2010,"SHARE24",,".",
622,12/7/2009,"2009-10","2008-09","F",15,,,,2/5/2010,11/15/2009,11/15/2009,"SHARE14",,".",
610,12/18/2009,"2009-10","2008-09","F",40,,,,2/16/2010,11/17/2009,11/17/2009,"SHARE14",,".",
355,12/19/2009,"2009-10","2008-09","F",20,,,,2/17/2010,11/15/2009,11/30/2009,"SHARE14",,".",
615,12/24/2009,"2009-10","2008-09","F",4,,,,2/22/2010,11/15/2009,11/30/2009,"SHARE14",,".",
485,1/19/2010,"2009-10","2008-09","F",25,,,,3/20/2010,12/13/2009,12/13/2009,"SHARE24",,".",
427,12/20/2009,"2009-10","2008-09","F",10,,,,2/18/2010,11/12/2009,11/12/2009,"SHARE24",,".",
206,12/24/2009,"2009-10","2008-09","F",10,,,,2/22/2010,11/18/2009,12/17/2009,"SHARE01",,".",
607,12/23/2009,"2009-10","2008-09","F",10,,,,2/21/2010,11/18/2009,12/17/2009,"SHARE14",,".",
415,12/27/2009,"2009-10","2008-09","F",4,,,,2/25/2010,11/15/2009,12/14/2009,"SHARE01",,".",
613,1/14/2010,"2009-10","2008-09","F",5,,,,3/15/2010,11/18/2009,12/10/2009,"SHARE14",,".",
289,11/15/2009,"2009-10","2008-09","B",,100,10,,1/14/2010,10/18/2009,11/15/2009,"SHARE01",,,
289,11/15/2009,"2009-10","2008-09","C",123,100,10,,1/14/2010,10/18/2009,11/15/2009,"SHARE01",,".",
105,3/25/2010,"2009-10","2008-09","B",,100,55,,5/24/2010,3/4/2010,3/4/2010,"SHARE14",,,
105,3/25/2010,"2009-10","2008-09","C",123,100,55,,5/24/2010,3/4/2010,3/4/2010,"SHARE14",,".",
129,3/23/2010,"2009-10","2008-09","B",,100,30,,5/22/2010,3/1/2010,3/1/2010,"SHARE01",,,
129,3/23/2010,"2009-10","2008-09","C",123,100,30,,5/22/2010,3/1/2010,3/1/2010,"SHARE01",,".",
210,12/6/2009,"2009-10","2008-09","F",10,,,,2/4/2010,11/2/2009,11/2/2009,"SHARE24",,".",
307,1/25/2010,"2009-10","2008-09","F",27,,,,3/26/2010,11/24/2009,11/24/2009,"SHARE01",,".",
202,12/17/2009,"2009-10","2008-09","F",10,,,,2/15/2010,11/19/2009,11/19/2009,"SHARE01",,".",
220,3/11/2010,"2009-10","2008-09","R",,1,1,0,5/10/2010,2/11/2010,2/11/2010,"SHARE01",,,
116,4/16/2010,"2009-10","2008-09","R",,2,1,0,6/15/2010,3/16/2010,3/16/2010,"SHARE01",,,
115,3/28/2010,"2009-10","2008-09","B",,100,25,,5/27/2010,3/3/2010,3/3/2010,"SHARE01",,,
115,3/28/2010,"2009-10","2008-09","C",49,100,25,,5/27/2010,3/3/2010,3/3/2010,"INVEST",,".",
118,3/25/2010,"2009-10","2008-09","B",,3,1,,5/24/2010,3/7/2010,3/7/2010,"SHARE01",,,
118,3/25/2010,"2009-10","2008-09","C",123,3,1,,5/24/2010,3/7/2010,3/7/2010,"SHARE01",,".",
443,3/22/2010,"2009-10","2008-09","F",10,,,,5/21/2010,2/19/2010,3/22/2010,"SHARE01",,".",
294,3/30/2010,"2009-10","2008-09","B",,100,12,,5/29/2010,3/4/2010,3/4/2010,"SHARE01",,,
294,3/30/2010,"2009-10","2008-09","C",123,100,12,,5/29/2010,3/4/2010,3/4/2010,"SHARE01",,,
127,3/25/2010,"2009-10","2008-09","B",,100,30,,5/24/2010,2/25/2010,2/25/2010,"SHARE01",,,
127,3/25/2010,"2009-10","2008-09","C",123,100,30,,5/24/2010,2/25/2010,2/25/2010,"SHARE01",,".",
111,3/30/2010,"2009-10","2008-09","B",,100,17,,5/29/2010,3/1/2010,3/1/2010,"SHARE01",,,
111,3/30/2010,"2009-10","2008-09","C",123,100,17,,5/29/2010,3/1/2010,3/1/2010,"SHARE01",,".",
740,3/30/2010,"2009-10","2008-09","B",,100,20,,5/29/2010,3/4/2010,3/4/2010,"SHARE01",,,
740,3/30/2010,"2009-10","2008-09","C",123,100,20,,5/29/2010,3/4/2010,3/4/2010,"SHARE01",,".",
123,3/29/2010,"2009-10","2008-09","B",,100,22,,5/28/2010,3/7/2010,3/7/2010,"SHARE01",,,
123,3/29/2010,"2009-10","2008-09","C",348,100,22,,5/28/2010,3/7/2010,3/7/2010,"INVEST",,".",
147,7/30/2009,"2009-10","2008-09","B",,100,10,,9/28/2009,7/16/2009,7/30/2009,"SHARE24",,,
147,7/30/2009,"2009-10","2008-09","C",123,100,10,,9/28/2009,7/16/2009,7/30/2009,"SHARE24",,".",
137,3/25/2010,"2009-10","2008-09","F",7.5,,,,5/24/2010,3/7/2010,3/7/2010,"SHARE14",,".",
119,3/30/2010,"2009-10","2008-09","B",,100,20,,5/29/2010,3/4/2010,3/4/2010,"SHARE01",,,
119,3/30/2010,"2009-10","2008-09","C",123,100,20,,5/29/2010,3/4/2010,3/4/2010,"SHARE01",,".",
113,3/25/2010,"2009-10","2008-09","B",,100,30,,5/24/2010,3/10/2010,3/10/2010,"SHARE01",,,
113,3/25/2010,"2009-10","2008-09","C",50,100,30,,5/24/2010,3/10/2010,3/10/2010,"INVEST",,".",
114,3/29/2010,"2009-10","2008-09","B",,100,35,,5/28/2010,3/11/2010,3/11/2010,"SHARE24",,,
114,3/29/2010,"2009-10","2008-09","C",123,100,35,,5/28/2010,3/11/2010,3/11/2010,"SHARE24",,".",
137,3/25/2010,"2009-10","2008-09","B",,1,1,,5/24/2010,3/3/2010,3/3/2010,"SHARE24",,,
152,4/4/2010,"2009-10","2007-08","F",265,,,,6/3/2010,3/4/2010,3/4/2010,"SHARE24",,".",
152,4/5/2010,"2009-10","2008-09","F",310,,,,6/4/2010,3/4/2010,3/4/2010,"SHARE24",,".",
153,4/4/2010,"2009-10","2007-08","F",75,,,,6/3/2010,3/4/2010,3/4/2010,"SHARE24",,".",
153,4/5/2010,"2009-10","2008-09","F",95,,,,6/4/2010,3/4/2010,3/4/2010,"SHARE24",,".",
154,4/4/2010,"2008-09","2007-08","F",65,,,,6/3/2010,3/4/2010,3/4/2010,"SHARE24",,".",
154,4/5/2010,"2009-10","2008-09","F",85,,,,6/4/2010,3/4/2010,3/4/2010,"SHARE01",,".",
155,4/4/2010,"2008-09","2007-08","F",60,,,,6/3/2010,3/4/2010,3/4/2010,"SHARE01",,".",
155,4/5/2010,"2009-10","2008-09","F",80,,,,6/4/2010,3/4/2010,3/4/2010,"SHARE01",,".",
156,4/4/2010,"2008-09","2007-08","F",45,,,,6/3/2010,3/4/2010,3/4/2010,"SHARE01",,".",
156,4/5/2010,"2009-10","2008-09","F",56,,,,6/4/2010,3/4/2010,3/4/2010,"SHARE01",,".",
157,4/4/2010,"2008-09","2007-08","F",30,,,,6/3/2010,3/4/2010,3/4/2010,"SHARE14",,".",
157,4/5/2010,"2008-09","2009-10","F",37,,,,6/4/2010,3/4/2010,3/4/2010,"SHARE14",,".",
158,4/4/2010,"2008-09","2007-08","F",30,,,,6/3/2010,3/4/2010,3/4/2010,"SHARE14",,".",
158,4/5/2010,"2009-10","2008-09","F",35,,,,6/4/2010,3/4/2010,3/4/2010,"SHARE14",,".",
259,4/15/2010,"2009-10","2008-09","F",300,,,,6/14/2010,3/28/2010,3/28/2010,"SHARE14",,".",
159,4/4/2010,"2008-09","2007-08","F",25,,,,6/3/2010,3/4/2010,3/4/2010,"SHARE01",,".",
159,4/5/2010,"2009-10","2008-09","F",32,,,,6/4/2010,3/4/2010,3/4/2010,"SHARE01",,".",
306,1/6/2010,"2009-10","2008-09","F",25,,,,3/7/2010,11/5/2009,11/5/2009,"SHARE14",,".",
310,12/26/2009,"2009-10","2008-09","F",27,,,,2/24/2010,11/1/2009,11/1/2009,"SHARE01",,".",
736,4/25/2010,"2009-10","2008-09","B",,100,25,,6/24/2010,4/4/2010,4/4/2010,"SHARE01",,,
736,4/25/2010,"2009-10","2008-09","C",472.3,100,25,,6/24/2010,4/4/2010,4/4/2010,"INVEST",,".",
734,4/15/2010,"2009-10","2008-09","B",,100,10,,6/14/2010,3/22/2010,3/22/2010,"SHARE01",,,
734,4/15/2010,"2009-10","2008-09","C",123,100,10,,6/14/2010,3/22/2010,3/22/2010,"SHARE01",,".",
732,4/22/2010,"2009-10","2008-09","B",,100,40,,6/21/2010,3/22/2010,3/22/2010,"SHARE01",,,
732,4/22/2010,"2009-10","2008-09","C",123,100,40,,6/21/2010,3/22/2010,3/22/2010,"SHARE01",,".",
305,4/29/2010,"2009-10","2008-09","B",,100,25,,6/28/2010,4/7/2010,4/7/2010,"SHARE01",,,
305,4/29/2010,"2009-10","2008-09","C",70.5,100,25,,6/28/2010,4/7/2010,4/7/2010,"INVEST",,".",
133,4/22/2010,"2009-10","2008-09","B",,100,20,,6/21/2010,3/7/2010,3/7/2010,"SHARE01",,,
133,4/22/2010,"2009-10","2008-09","C",123,100,20,,6/21/2010,3/7/2010,3/7/2010,"SHARE01",,".",
480,12/25/2009,"2009-10","2008-09","F",15,,,,2/23/2010,11/2/2009,11/2/2009,"SHARE24",,".",
482,12/25/2009,"2009-10","2008-09","F",10,,,,2/23/2010,11/2/2009,11/2/2009,"SHARE01",,".",
149,12/29/2009,"2009-10","2008-09","F",2.5,,,,2/27/2010,11/12/2009,11/12/2009,"SHARE01",,".",
423,12/20/2009,"2009-10","2008-09","F",10,,,,2/18/2010,11/26/2009,11/26/2009,"SHARE01",,".",
212,12/30/2004,"2004-05","2003-04","F",3,,,,2/28/2005,12/4/2004,12/30/2004,"SHARE19",,,
557,6/29/2010,"2009-10","2008-09","C",123,100,10,,8/28/2010,5/18/2010,5/18/2010,"SHARE01",,".",
143,7/15/2010,"2010-11","2009-10","B",,100,20,,9/13/2010,5/18/2010,5/18/2010,"SHARE24",,,
143,7/15/2010,"2010-11","2009-10","C",123,100,20,,9/13/2010,5/18/2010,5/18/2010,"SHARE24",,".",
490,8/16/2010,"2010-11","2009-10","B",,1,9,,10/15/2010,8/16/2010,8/16/2010,"INVEST",,"Stock Split Face value 100 to 10",
449,6/16/2010,"2009-10","2008-09","F",16,,,,8/15/2010,5/12/2010,5/12/2010,"SHARE22",,"-",
717,8/9/2010,"2010-11","2009-10","C",123,100,45,,10/8/2010,7/6/2010,7/6/2010,"SHARE22",,"-",
147,8/9/2010,"2010-11","2009-10","B",,100,10,,10/8/2010,6/24/2010,6/24/2010,"SHARE24",,,
147,8/9/2010,"2010-11","2009-10","C",123,100,10,,10/8/2010,6/24/2010,6/24/2010,"SHARE24",,"-",
105,9/22/2010,"2010-11","2009-10","B",,1,9,,11/21/2010,9/22/2010,9/22/2010,"INVEST",,"Stock Split",
641,6/26/2010,"2009-10","2008-09","F",12,,,,8/25/2010,5/19/2010,5/19/2010,"SHARE22",,"-",
312,6/24/2010,"2009-10","2008-09","F",10,,,,8/23/2010,6/6/2010,6/6/2010,"SHARE22",,"-",
625,6/20/2010,"2009-10","2008-09","F",350,,,,8/19/2010,5/20/2010,5/20/2010,"SHARE22",,"-",
753,9/28/2010,"2010-11","2009-10","B",,1,9,,11/27/2010,9/28/2010,9/28/2010,"INVEST",,"Stock Split Face Val 100 to 10 and Mlot 50 to 100",
142,9/30/2010,"2010-11","2009-10","B",,1,9,,11/29/2010,9/30/2010,9/30/2010,"INVEST",,"Stock Split fc val 100 to 10",
601,9/28/2010,"2010-11","2009-10","F",25,,,,11/27/2010,8/24/2010,8/24/2010,"SHARE01",,"Share Dept",
759,10/26/2010,"2010-11","2009-10","B",,1,9,,12/25/2010,10/26/2010,10/26/2010,"MERCHAN1",,"CONVERSION",
132,10/28/2010,"2010-11","2009-10","B",,1,9,,12/27/2010,10/28/2010,10/28/2010,"MERCHAN1",,"CONVERSION",
730,10/28/2010,"2010-11","2009-10","B",,1,9,,12/27/2010,10/28/2010,10/28/2010,"MERCHAN1",,"CONVERSION",
144,8/30/2010,"2010-11","2009-10","B",,100,55,,10/29/2010,7/13/2010,7/13/2010,"MERCHAN1",,,
144,8/30/2010,"2010-11","2009-10","C",100,100,55,,10/29/2010,7/13/2010,7/13/2010,"MERCHAN1",,,
257,12/20/2009,"2009-10","2008-09","F",15,,,,2/18/2010,11/26/2009,11/26/2009,"SHARE01",,".",
112,5/26/2010,"2009-10","2008-09","B",,1,9,,7/25/2010,5/26/2010,5/26/2010,"INVEST",,"Stock Split",
618,6/17/2010,"2009-10","2008-09","B",,100,60,,8/16/2010,5/19/2010,5/19/2010,"INVEST",,,
618,6/17/2010,"2009-10","2008-09","C",123,100,60,,8/16/2010,5/19/2010,5/19/2010,"SHARE01",,"bonus cash",
472,6/15/2010,"2009-10","2008-09","B",,100,7.5,,8/14/2010,5/19/2010,5/19/2010,"SHARE01",,,
472,6/15/2010,"2009-10","2008-09","C",123,100,7.5,,8/14/2010,5/19/2010,5/19/2010,"SHARE01",,".",
653,6/15/2010,"2009-10","2008-09","B",,100,15,,8/14/2010,5/19/2010,5/19/2010,"SHARE01",,,
653,6/15/2010,"2009-10","2008-09","C",123,100,15,,8/14/2010,5/19/2010,5/19/2010,"SHARE01",,".",
141,6/22/2010,"2009-10","2008-09","B",,100,15,,8/21/2010,5/3/2010,5/3/2010,"SHARE01",,,
141,6/22/2010,"2009-10","2008-09","C",123,100,15,,8/21/2010,5/3/2010,5/3/2010,"SHARE01",,".",
145,6/21/2010,"2009-10","2008-09","B",,100,12,,8/20/2010,4/28/2010,4/28/2010,"SHARE01",,,
145,6/21/2010,"2009-10","2008-09","C",123,100,12,,8/20/2010,4/28/2010,4/28/2010,"SHARE01",,".",
101,7/15/2010,"2010-11","2009-10","B",,100,25,,9/13/2010,5/20/2010,5/20/2010,"SHARE01",,,
101,7/15/2010,"2010-11","2009-10","C",1248.36,100,25,,9/13/2010,5/20/2010,5/20/2010,"MERCHAN1",,".",
725,6/27/2010,"2009-10","2008-09","B",,100,10,,8/26/2010,5/10/2010,5/10/2010,"SHARE01",,,
725,6/27/2010,"2009-10","2008-09","C",123,100,10,,8/26/2010,5/10/2010,5/10/2010,"SHARE01",,".",
142,6/29/2010,"2009-10","2008-09","B",,100,15,,8/28/2010,5/26/2010,5/26/2010,"SHARE01",,,
142,6/29/2010,"2009-10","2008-09","C",123,100,15,,8/28/2010,5/26/2010,5/26/2010,"SHARE01",,".",
738,8/9/2010,"2010-11","2009-10","F",10,,,,10/8/2010,7/6/2010,7/6/2010,"SHARE01",,".",
757,6/28/2010,"2009-10","2008-09","B",,100,10,,8/27/2010,6/3/2010,6/3/2010,"SHARE01",,,
757,6/28/2010,"2009-10","2008-09","C",123,100,10,,8/27/2010,6/3/2010,6/3/2010,"SHARE01",,".",
101,7/15/2010,"2010-11","2009-10","F",20,,,,9/13/2010,5/20/2010,5/20/2010,"SHARE01",,".",
166,6/6/2010,"2009-10","2008-09","F",71,,,,8/5/2010,5/6/2010,5/6/2010,"SHARE01",,".",
296,6/16/2010,"2009-10","2008-09","F",25,,,,8/15/2010,5/2/2010,5/2/2010,"SHARE01",,".",
465,6/26/2010,"2009-10","2008-09","F",7.5,,,,8/25/2010,5/19/2010,5/19/2010,"SHARE22",,"-",
181,5/2/2010,"2009-10","2008-09","F",15,,,,7/1/2010,4/1/2010,4/1/2010,"SHARE22",,"-",
459,8/18/2010,"2010-11","2009-10","I",150,,,,10/17/2010,8/18/2010,8/18/2010,"MERCHAN1",,,
126,10/7/2010,"2010-11","2009-10","R",,3,1,0,12/6/2010,10/6/2010,10/6/2010,"SHARE01",,,
117,6/3/2010,"2009-10","2008-09","B",,1,9,,8/2/2010,6/3/2010,6/3/2010,"INVEST",,"Stock Split",
489,1/31/2010,"2009-10","2008-09","I",2.5,,,,4/1/2010,1/31/2010,1/31/2010,"SHARE01",,"divd on preference share",
152,8/12/2010,"2010-11","2009-10","F",400,,,,10/11/2010,8/12/2010,8/12/2010,"SHARE01",,".",
455,6/16/2010,"2009-10","2008-09","F",105,,,,8/15/2010,5/2/2010,5/2/2010,"SHARE01",,".",
116,5/30/2010,"2009-10","2008-09","B",,100,47,,7/29/2010,4/8/2010,4/8/2010,"SHARE24",,,
116,5/30/2010,"2009-10","2008-09","C",123,100,47,,7/29/2010,4/8/2010,4/8/2010,"SHARE24",,".",
146,6/12/2010,"2009-10","2008-09","B",,100,30,,8/11/2010,5/17/2010,5/17/2010,"SHARE01",,,
146,6/12/2010,"2009-10","2008-09","C",123,100,30,,8/11/2010,5/17/2010,5/17/2010,"SHARE01",,".",
113,6/22/2010,"2009-10","2008-09","R",,100,25,200,8/21/2010,6/22/2010,6/22/2010,"SHARE01",,,
747,6/21/2010,"2009-10","2008-09","B",,100,20,,8/20/2010,4/19/2010,4/19/2010,"SHARE01",,,
747,6/21/2010,"2009-10","2008-09","C",123,100,20,,8/20/2010,4/19/2010,4/19/2010,"SHARE01",,".",
602,6/26/2010,"2009-10","2008-09","B",,100,50,,8/25/2010,5/10/2010,5/10/2010,"SHARE22",,,
602,6/26/2010,"2009-10","2008-09","C",123,100,50,,8/25/2010,5/10/2010,5/10/2010,"SHARE22",,".",
549,6/8/2010,"2009-10","2008-09","F",60,,,,8/7/2010,4/8/2010,4/8/2010,"SHARE01",,".",
132,6/30/2010,"2009-10","2008-09","F",25,,,,8/29/2010,5/6/2010,5/6/2010,"SHARE01",,".",
484,6/17/2010,"2009-10","2008-09","F",150,,,,8/16/2010,5/2/2010,5/2/2010,"SHARE01",,".",
763,6/28/2010,"2009-10","2008-09","F",15,,,,8/27/2010,5/10/2010,5/10/2010,"SHARE22",,"shares",
666,6/17/2010,"2009-10","2008-09","E",10,1,10,0,8/16/2010,5/26/2010,5/26/2010,"INVEST",,"PLFSL PREFERENCE SHARE",729
451,6/29/2010,"2009-10","2008-09","F",30,,,,8/28/2010,5/18/2010,5/18/2010,"INVEST",,"-",
477,9/21/2010,"2010-11","2009-10","B",,100,30,,11/20/2010,8/26/2010,8/26/2010,"SHARE01",,,
745,6/9/2010,"2009-10","2008-09","R",,5,1,100,8/8/2010,9/23/2010,9/23/2010,"INVEST",,,
477,9/21/2010,"2010-11","2009-10","F",35,,,,11/20/2010,8/26/2010,8/26/2010,"MERCHAN1",,".",
151,10/28/2010,"2010-11","2009-10","B",,4,1,,12/27/2010,9/22/2010,9/22/2010,"MERCHAN1",,,
151,10/28/2010,"2010-11","2009-10","C",123,4,1,,12/27/2010,9/22/2010,9/22/2010,"MERCHAN1",,,
128,5/9/2010,"2009-10","2008-09","B",,100,25,,7/8/2010,4/8/2010,4/8/2010,"SHARE01",,,
128,5/9/2010,"2009-10","2008-09","C",123,100,25,,7/8/2010,4/8/2010,4/8/2010,"SHARE01",,".",
550,4/28/2010,"2009-10","2008-09","B",,100,10,,6/27/2010,4/4/2010,4/4/2010,"SHARE01",,,
550,4/28/2010,"2009-10","2008-09","C",123,100,10,,6/27/2010,4/4/2010,4/4/2010,"SHARE01",,".",
212,12/24/2009,"2009-10","2008-09","F",3,,,,2/22/2010,12/10/2009,12/24/2009,"SHARE01",,".",
135,4/19/2010,"2009-10","2008-09","F",10,,,,6/18/2010,3/28/2010,3/28/2010,"SHARE01",,".",
732,4/22/2010,"2009-10","2008-09","F",10,,,,6/21/2010,3/22/2010,3/22/2010,"SHARE01",,".",
489,10/15/2009,"2009-10","2008-09","E",10,10,1,90,12/14/2009,9/17/2009,9/17/2009,"INVEST",,"BXPHARMA (452)",452
104,5/19/2010,"2009-10","2008-09","B",,100,20,,7/18/2010,4/8/2010,4/8/2010,"SHARE01",,,
104,5/19/2010,"2009-10","2008-09","C",515.7,100,20,,7/18/2010,4/8/2010,4/8/2010,"SHARE01",,".",
721,5/9/2010,"2009-10","2008-09","B",,100,25,,7/8/2010,4/21/2010,4/21/2010,"SHARE01",,,
721,5/9/2010,"2009-10","2008-09","C",123,100,25,,7/8/2010,4/21/2010,4/21/2010,"SHARE01",,".",
120,5/6/2010,"2009-10","2008-09","B",,100,20,,7/5/2010,4/15/2010,4/15/2010,"SHARE01",,,
120,5/6/2010,"2009-10","2008-09","C",123,100,20,,7/5/2010,4/15/2010,4/15/2010,"SHARE01",,".",
457,5/29/2010,"2009-10","2008-09","B",,100,25,,7/28/2010,5/12/2010,5/12/2010,"SHARE01",,,
130,5/19/2010,"2009-10","2008-09","B",,100,30,,7/18/2010,4/8/2010,4/8/2010,"SHARE01",,,
129,6/3/2010,"2009-10","2008-09","B",,1,9,,8/2/2010,6/3/2010,6/3/2010,"INVEST",,"Stock Split",
457,5/29/2010,"2009-10","2008-09","C",123,100,25,,7/28/2010,5/12/2010,5/12/2010,"SHARE01",,".",
130,5/19/2010,"2009-10","2008-09","C",123,100,30,,7/18/2010,4/8/2010,4/8/2010,"SHARE01",,".",
741,5/19/2010,"2009-10","2008-09","B",,100,22.5,,7/18/2010,5/2/2010,5/2/2010,"SHARE24",,,
452,6/15/2010,"2009-10","2008-09","B",,100,15,,8/14/2010,5/19/2010,5/19/2010,"SHARE01",,,
452,6/15/2010,"2009-10","2008-09","C",105,100,15,,8/14/2010,5/19/2010,5/19/2010,"INVEST",,".",
117,6/12/2010,"2009-10","2008-09","B",,100,110,,8/11/2010,4/8/2010,4/8/2010,"SHARE01",,"bonus is  11%, but Stock spliting it is changed to 110%",
117,6/12/2010,"2009-10","2008-09","C",123,100,110,,8/11/2010,4/8/2010,4/8/2010,"SHARE01",,".",
114,9/26/2009,"2009-10","2008-09","B",,2,1,,11/25/2009,6/17/2010,6/17/2010,"SHARE01",,,
114,9/26/2009,"2009-10","2008-09","R",,2,1,60,11/25/2009,6/17/2010,6/17/2010,"SHARE01",,,
112,6/10/2010,"2009-10","2008-09","B",,100,300,,8/9/2010,5/6/2010,5/6/2010,"SHARE01",,"Bonus 30%, but Stock splittng it is chneged to 300%",
112,6/10/2010,"2009-10","2008-09","C",123,100,300,,8/9/2010,5/6/2010,5/6/2010,"SHARE01",,,
718,6/15/2010,"2009-10","2008-09","B",,100,10,,8/14/2010,5/10/2010,5/10/2010,"SHARE14",,,
718,6/15/2010,"2009-10","2008-09","C",123,100,10,,8/14/2010,5/10/2010,5/10/2010,"SHARE14",,".",
139,6/2/2010,"2009-10","2008-09","B",,100,25,,8/1/2010,5/13/2010,5/13/2010,"SHARE14",,,
139,6/2/2010,"2009-10","2008-09","C",123,100,25,,8/1/2010,5/13/2010,5/13/2010,"SHARE14",,".",
449,6/16/2010,"2009-10","2008-09","B",,100,15,,8/15/2010,5/12/2010,5/12/2010,"SHARE14",,,
449,6/16/2010,"2009-10","2008-09","C",123,100,15,,8/15/2010,5/12/2010,5/12/2010,"SHARE14",,".",
729,7/27/2010,"2010-11","2009-10","B",,1,9,,9/25/2010,7/27/2010,7/27/2010,"INVEST",,"Stock Split (729)",
168,6/6/2010,"2009-10","2008-09","F",11.5,,,,8/5/2010,5/6/2010,5/6/2010,"SHARE01",,".",
301,5/13/2010,"2009-10","2008-09","F",77,,,,7/12/2010,4/1/2010,4/1/2010,"SHARE01",,".",
104,5/19/2010,"2009-10","2008-09","F",10,,,,7/18/2010,4/8/2010,4/8/2010,"SHARE01",,".",
112,9/30/2010,"2010-11","2009-10","R",,1,1,0,11/29/2010,9/30/2010,9/30/2010,"MERCHAN1",,,
311,7/22/2010,"2010-11","2009-10","F",10,,,,9/20/2010,6/22/2010,6/22/2010,"SHARE01",,"-",
726,7/17/2010,"2010-11","2009-10","B",,100,10,,9/15/2010,5/16/2010,5/16/2010,"SHARE01",,,
726,7/17/2010,"2010-11","2009-10","C",123,100,10,,9/15/2010,5/16/2010,5/16/2010,"SHARE01",,".",
171,8/10/2010,"2010-11","2009-10","F",20,,,,10/9/2010,8/10/2010,8/10/2010,"SHARE01",,".",
162,8/12/2010,"2010-11","2009-10","F",50,,,,10/11/2010,8/12/2010,8/12/2010,"SHARE01",,".",
167,8/12/2010,"2010-11","2009-10","F",35,,,,10/11/2010,8/12/2010,8/12/2010,"SHARE01",,".",
172,8/12/2010,"2010-11","2009-10","F",14,,,,10/11/2010,8/12/2010,8/12/2010,"SHARE01",,".",
169,8/12/2010,"2010-11","2009-10","F",22,,,,10/11/2010,8/12/2010,8/12/2010,"SHARE01",,".",
173,8/12/2010,"2010-11","2009-10","F",11.5,,,,10/11/2010,8/12/2010,8/12/2010,"SHARE01",,".",
175,8/12/2010,"2010-11","2009-10","F",10,,,,10/11/2010,8/12/2010,8/12/2010,"SHARE01",,".",
736,8/11/2010,"2010-11","2009-10","R",,100,50,50,10/10/2010,8/11/2010,8/11/2010,"SHARE22",,,
102,8/18/2010,"2010-11","2009-10","R",,100,100,100,10/17/2010,8/18/2010,8/18/2010,"SHARE22",,,
717,8/9/2010,"2010-11","2009-10","B",,100,45,,10/8/2010,7/6/2010,7/6/2010,"SHARE22",,,
754,7/29/2010,"2010-11","2009-10","B",,100,15,,9/27/2010,5/30/2010,5/30/2010,"SHARE22",,,
754,7/29/2010,"2010-11","2009-10","C",123,100,15,,9/27/2010,5/30/2010,5/30/2010,"SHARE22",,"-",
625,9/16/2010,"2010-11","2009-10","B",,1,9,,11/15/2010,9/16/2010,9/16/2010,"INVEST",,"Stock Split Face Value 100 to 10 Mlot 50 to 100",
758,9/26/2010,"2010-11","2009-10","R",,1,1,250,11/25/2010,8/31/2010,8/31/2010,"SHARE22",,,
106,9/30/2010,"2010-11","2009-10","B",,1,9,,11/29/2010,9/30/2010,9/30/2010,"INVEST",,"Stock Split fc Val 100 to 10 and mlot 25",
108,9/19/2010,"2010-11","2009-10","B",,10,14.37,,11/18/2010,8/8/2010,8/8/2010,"INVEST",,"25th , 26th and 27th agm",
108,9/19/2010,"2010-11","2009-10","C",130,10,14.37,,11/18/2010,8/8/2010,8/8/2010,"MERCHAN1",,,
737,9/21/2010,"2010-11","2009-10","F",10,,,,11/20/2010,7/18/2010,7/18/2010,"SHARE01",,"Share Dept.",
756,6/10/2010,"2009-10","2008-09","F",17.5,,,,8/9/2010,5/6/2010,5/6/2010,"SHARE01",,"Share Dept.",
207,6/28/2010,"2009-10","2008-09","F",10,,,,8/27/2010,5/19/2010,6/8/2010,"SHARE01",,"Share Dept",
254,9/25/2010,"2010-11","2009-10","F",12,,,,11/24/2010,8/25/2010,8/25/2010,"SHARE01",,"Share Dept",
420,9/25/2010,"2010-11","2009-10","F",15,,,,11/24/2010,8/16/2010,8/16/2010,"SHARE01",,"Share Dept",
125,7/12/2010,"2010-11","2009-10","R",,2,1,0,9/10/2010,10/25/2010,10/25/2010,"MERCHAN1",,,
753,7/31/2010,"2010-11","2009-10","R",,5,1,0,9/29/2010,10/28/2010,10/28/2010,"MERCHAN1",,,
161,11/25/2010,"2010-11","2009-10","R",,1,1.3,6.6,1/24/2011,11/25/2010,11/25/2010,"MERCHAN1",,,
744,11/11/2010,"2010-11","2009-10","B",,1,9,,1/10/2011,11/11/2010,11/11/2010,"MERCHAN1",,,
743,11/11/2010,"2010-11","2009-10","B",,1,9,,1/10/2011,11/11/2010,11/11/2010,"MERCHAN1",,,
116,11/15/2010,"2010-11","2009-10","B",,1,9,,1/14/2011,11/15/2010,11/15/2010,"MERCHAN1",,,
624,11/15/2010,"2010-11","2009-10","B",,1,9,,1/14/2011,11/15/2010,11/15/2010,"MERCHAN1",,,
262,6/24/2010,"2009-10","2008-09","F",20,,,,8/23/2010,5/19/2010,5/19/2010,"MERCHAN1",,,
560,10/28/2010,"2010-11","2009-10","R",,2,1,10,12/27/2010,10/28/2010,10/28/2010,"MERCHAN1",,,
640,10/31/2010,"2010-11","2009-10","R",,2,1,25,12/30/2010,10/31/2010,10/31/2010,"MERCHAN1",,,
719,11/11/2010,"2010-11","2009-10","R",,3,1,20,1/10/2011,11/11/2010,11/11/2010,"MERCHAN1",,,
229,3/20/2010,"2009-10","2008-09","F",15,,,,5/19/2010,2/17/2010,2/17/2010,"SHARE01",,".",
503,2/28/2010,"2009-10","2008-09","F",5,,,,4/29/2010,1/17/2010,1/28/2010,"SHARE01",,".",
295,12/14/2009,"2009-10","2008-09","B",,100,15,,2/12/2010,11/30/2009,12/14/2009,"SHARE01",,,
295,12/14/2009,"2009-10","2008-09","C",123,100,15,,2/12/2010,11/30/2009,12/14/2009,"SHARE01",,".",
125,6/3/2010,"2009-10","2008-09","B",,1,9,,8/2/2010,6/3/2010,6/3/2010,"INVEST",,"Stock Split",
454,4/22/2010,"2009-10","2008-09","F",160,,,,6/21/2010,3/9/2010,3/9/2010,"SHARE01",,".",
181,5/1/2010,"2008-09","2007-08","F",15,,,,6/30/2010,4/1/2010,4/1/2010,"SHARE01",,".",
111,3/30/2010,"2009-10","2008-09","F",200,,,,5/29/2010,3/1/2010,3/1/2010,"INVEST",,,
740,3/30/2010,"2009-10","2008-09","F",15,,,,5/29/2010,3/4/2010,3/4/2010,"SHARE01",,".",
108,6/7/2010,"2009-10","2008-09","B",,100,299,,8/6/2010,5/10/2010,5/10/2010,"SHARE01",,,
108,6/7/2010,"2009-10","2008-09","C",123,100,299,,8/6/2010,5/10/2010,5/10/2010,"SHARE01",,".",
126,6/13/2010,"2009-10","2008-09","B",,100,37.5,,8/12/2010,4/11/2010,4/11/2010,"SHARE01",,,
126,6/13/2010,"2009-10","2008-09","C",123,100,37.5,,8/12/2010,4/11/2010,4/11/2010,"SHARE01",,".",
231,6/6/2010,"2009-10","2008-09","B",,100,15,,8/5/2010,5/5/2010,5/5/2010,"SHARE01",,,
231,6/6/2010,"2009-10","2008-09","C",123,100,15,,8/5/2010,5/5/2010,5/5/2010,"SHARE01",,".",
124,5/24/2010,"2009-10","2008-09","B",,100,75,,7/23/2010,5/13/2010,5/13/2010,"SHARE01",,,
124,5/24/2010,"2009-10","2008-09","C",574,100,75,,7/23/2010,5/13/2010,5/13/2010,"MERCHAN1",,".",
742,5/30/2010,"2009-10","2008-09","B",,100,10,,7/29/2010,4/25/2010,4/25/2010,"SHARE01",,,
742,5/30/2010,"2009-10","2008-09","C",123,100,10,,7/29/2010,4/25/2010,4/25/2010,"SHARE01",,".",
759,6/17/2010,"2009-10","2008-09","B",,100,10,,8/16/2010,4/20/2010,4/20/2010,"SHARE01",,,
759,6/17/2010,"2009-10","2008-09","C",123,100,10,,8/16/2010,4/20/2010,4/20/2010,"SHARE01",,".",
220,5/29/2010,"2009-10","2008-09","B",,100,20,,7/28/2010,5/9/2010,5/9/2010,"SHARE01",,,
220,5/29/2010,"2009-10","2008-09","C",123,100,20,,7/28/2010,5/9/2010,5/9/2010,"SHARE01",,".",
122,6/23/2010,"2009-10","2008-09","B",,100,40,,8/22/2010,4/29/2010,4/29/2010,"SHARE01",,,
122,6/23/2010,"2009-10","2008-09","C",123,100,40,,8/22/2010,4/29/2010,4/29/2010,"SHARE01",,".",
305,7/8/2010,"2010-11","2009-10","B",,1,9,,9/6/2010,7/8/2010,7/8/2010,"INVEST",,"Stock Split 100 to 10",
719,6/23/2010,"2009-10","2008-09","B",,100,25,,8/22/2010,6/3/2010,6/3/2010,"SHARE01",,,
719,6/23/2010,"2009-10","2008-09","C",123,100,25,,8/22/2010,6/3/2010,6/3/2010,"SHARE01",,".",
655,4/28/2010,"2009-10","2008-09","F",10,,,,6/27/2010,4/4/2010,4/4/2010,"SHARE01",,".",
164,8/12/2010,"2010-11","2009-10","F",35,,,,10/11/2010,8/12/2010,8/12/2010,"SHARE01",,".",
225,6/24/2010,"2009-10","2008-09","F",20.5,,,,8/23/2010,5/5/2010,5/5/2010,"SHARE01",,".",
606,5/26/2010,"2009-10","2008-09","F",35,,,,7/25/2010,5/4/2010,5/4/2010,"SHARE01",,".",
445,7/10/2011,"2011-12","2010-11","C",123,100,12.5,,9/8/2011,5/15/2011,5/15/2011,"INVEST",,,
111,8/26/2010,"2010-11","2009-10","B",,1,9,,10/25/2010,8/26/2010,8/26/2010,"INVEST",,"Stock Split face vale 100 to 10 mlot 20 to 200",
145,8/26/2010,"2010-11","2009-10","B",,1,9,,10/25/2010,8/26/2010,8/26/2010,"INVEST",,"Stock split fcval 100 to 10 mlot 50 to 100",
719,8/26/2010,"2010-11","2009-10","B",,1,9,,10/25/2010,8/26/2010,8/26/2010,"INVEST",,"Stock Split face val 100 to 10",
176,8/19/2010,"2010-11","2009-10","F",7,,,,10/18/2010,8/19/2010,8/19/2010,"SHARE01",,".",
602,6/26/2010,"2009-10","2008-09","F",15,,,,8/25/2010,5/10/2010,5/10/2010,"SHARE22",,".",
730,8/5/2010,"2010-11","2009-10","B",,100,35,,10/4/2010,7/8/2010,7/8/2010,"SHARE22",,,
730,8/5/2010,"2010-11","2009-10","C",123,100,35,,10/4/2010,7/8/2010,7/8/2010,"SHARE22",,"-",
748,7/22/2010,"2010-11","2009-10","B",,100,10,,9/20/2010,5/20/2010,5/20/2010,"SHARE22",,,
748,7/22/2010,"2010-11","2009-10","C",123,100,10,,9/20/2010,5/20/2010,5/20/2010,"SHARE22",,"-",
168,10/10/2010,"2010-11","2009-10","F",20,,,,12/9/2010,10/7/2010,10/7/2010,"SHARE01",,"share",
166,10/10/2010,"2010-11","2009-10","F",60,,,,12/9/2010,10/7/2010,10/7/2010,"SHARE01",,"share",
301,8/4/2010,"2010-11","2009-10","I",250,,,,10/3/2010,8/4/2010,8/4/2010,"MERCHAN1",,"Agm 22-7-2010",
131,10/14/2010,"2010-11","2009-10","B",,1,9,,12/13/2010,10/14/2010,10/14/2010,"MERCHAN1",,,
624,4/20/2010,"2009-10","2008-09","B",,100,20,,6/19/2010,3/25/2010,3/25/2010,"SHARE01",,,
624,4/20/2010,"2009-10","2008-09","C",184.24,100,20,,6/19/2010,3/25/2010,3/25/2010,"INVEST",,".",
135,4/19/2010,"2009-10","2008-09","B",,1,1,,6/18/2010,3/28/2010,3/28/2010,"SHARE01",,,
135,4/19/2010,"2009-10","2008-09","C",123,1,1,,6/18/2010,3/28/2010,3/28/2010,"SHARE01",,".",
655,4/28/2010,"2009-10","2008-09","B",,100,10,,6/27/2010,4/4/2010,4/4/2010,"SHARE01",,,
655,4/28/2010,"2009-10","2008-09","C",123,100,10,,6/27/2010,4/4/2010,4/4/2010,"SHARE01",,".",
134,4/27/2010,"2009-10","2008-09","B",,100,20,,6/26/2010,3/16/2010,3/16/2010,"SHARE01",,,
134,4/27/2010,"2009-10","2008-09","C",123,100,20,,6/26/2010,3/16/2010,3/16/2010,"SHARE01",,".",
751,5/26/2010,"2009-10","2008-09","B",,100,10,,7/25/2010,3/30/2010,3/30/2010,"SHARE01",,,
751,5/26/2010,"2009-10","2008-09","C",123,100,10,,7/25/2010,3/30/2010,3/30/2010,"SHARE01",,".",
419,6/17/2010,"2009-10","2008-09","C",123,100,15,,8/16/2010,5/19/2010,5/19/2010,"SHARE24",,".",
419,6/17/2010,"2009-10","2008-09","B",,100,15,,8/16/2010,5/19/2010,5/19/2010,"SHARE24",,,
218,6/3/2010,"2009-10","2008-09","F",38,,,,8/2/2010,4/29/2010,4/29/2010,"SHARE01",,".",
749,6/17/2010,"2009-10","2008-09","B",,100,10,,8/16/2010,4/27/2010,4/27/2010,"SHARE24",,,
749,6/17/2010,"2009-10","2008-09","C",123,100,10,,8/16/2010,4/27/2010,4/27/2010,"SHARE24",,".",
490,6/20/2010,"2009-10","2008-09","B",,100,10,,8/19/2010,5/30/2010,5/30/2010,"SHARE24",,,
490,6/20/2010,"2009-10","2008-09","C",123,100,10,,8/19/2010,5/30/2010,5/30/2010,"SHARE24",,".",
235,12/31/2009,"2009-10","2008-09","E",100,1,1,,3/1/2010,12/9/2009,12/9/2009,"INVEST",,"Preference Share Aftab Auto (210)",210
550,7/20/2010,"2010-11","2009-10","B",,1,9,,9/18/2010,7/20/2010,7/20/2010,"INVEST",,"Stock Split 1 to 10",
950,5/19/2010,"2009-10","2008-09","F",12.35,,,,7/18/2010,4/8/2010,4/8/2010,"SHARE01",,".",
121,7/5/2010,"2010-11","2009-10","B",,100,32,,9/3/2010,5/16/2010,5/16/2010,"SHARE01",,,
121,7/5/2010,"2010-11","2009-10","C",123,100,32,,9/3/2010,5/16/2010,5/16/2010,"SHARE01",,".",
131,6/29/2010,"2009-10","2008-09","B",,100,10,,8/28/2010,5/9/2010,5/9/2010,"SHARE01",,,
131,6/29/2010,"2009-10","2008-09","C",123,100,10,,8/28/2010,5/9/2010,5/9/2010,"SHARE01",,".",
136,7/7/2010,"2010-11","2009-10","B",,100,20,,9/5/2010,5/17/2010,5/17/2010,"SHARE01",,,
136,7/7/2010,"2010-11","2009-10","C",123,100,20,,9/5/2010,5/17/2010,5/17/2010,"SHARE01",,".",
750,6/16/2010,"2009-10","2008-09","B",,100,15,,8/15/2010,5/10/2010,5/10/2010,"SHARE01",,,
750,6/16/2010,"2009-10","2008-09","C",123,100,15,,8/15/2010,5/10/2010,5/10/2010,"SHARE01",,".",
230,6/19/2010,"2009-10","2008-09","B",,100,12.5,,8/18/2010,5/25/2010,5/25/2010,"SHARE01",,,
230,6/19/2010,"2009-10","2008-09","C",123,100,12.5,,8/18/2010,5/25/2010,5/25/2010,"SHARE01",,".",
465,6/26/2010,"2009-10","2008-09","B",,100,20,,8/25/2010,5/19/2010,5/19/2010,"SHARE01",,,
465,6/26/2010,"2009-10","2008-09","C",123,100,20,,8/25/2010,5/19/2010,5/19/2010,"SHARE01",,".",
649,6/21/2010,"2009-10","2008-09","B",,100,10,,8/20/2010,5/10/2010,5/10/2010,"SHARE01",,,
649,6/21/2010,"2009-10","2008-09","C",123,100,10,,8/20/2010,5/10/2010,5/10/2010,"SHARE01",,".",
224,6/17/2010,"2009-10","2008-09","B",,100,5,,8/16/2010,5/12/2010,5/12/2010,"SHARE01",,,
224,6/17/2010,"2009-10","2008-09","C",123,100,5,,8/16/2010,5/12/2010,5/12/2010,"SHARE01",,".",
312,6/24/2010,"2009-10","2008-09","B",,100,15,,8/23/2010,6/6/2010,6/6/2010,"SHARE01",,,
312,6/24/2010,"2009-10","2008-09","C",123,100,15,,8/23/2010,6/6/2010,6/6/2010,"SHARE01",,".",
309,6/26/2010,"2009-10","2008-09","B",,100,5,,8/25/2010,5/26/2010,5/26/2010,"SHARE01",,,
309,6/26/2010,"2009-10","2008-09","C",123,100,5,,8/25/2010,5/26/2010,5/26/2010,"SHARE01",,".",
724,6/28/2010,"2009-10","2008-09","B",,100,10,,8/27/2010,5/13/2010,5/13/2010,"SHARE01",,,
724,6/28/2010,"2009-10","2008-09","C",123,100,10,,8/27/2010,5/13/2010,5/13/2010,"SHARE01",,".",
739,7/1/2010,"2010-11","2009-10","B",,100,15,,8/30/2010,5/4/2010,5/4/2010,"SHARE01",,,
739,7/1/2010,"2010-11","2009-10","C",123,100,15,,8/30/2010,5/4/2010,5/4/2010,"SHARE01",,".",
731,6/24/2010,"2009-10","2008-09","B",,100,12,,8/23/2010,5/11/2010,5/11/2010,"SHARE01",,,
731,6/24/2010,"2009-10","2008-09","C",123,100,12,,8/23/2010,5/11/2010,5/11/2010,"SHARE01",,".",
755,6/28/2010,"2009-10","2008-09","B",,100,10,,8/27/2010,5/12/2010,5/12/2010,"SHARE01",,,
755,6/28/2010,"2009-10","2008-09","C",123,100,10,,8/27/2010,5/12/2010,5/12/2010,"SHARE01",,".",
489,5/29/2010,"2009-10","2008-09","I",1.25,,,,7/28/2010,4/29/2010,4/29/2010,"INVEST",,".",
203,5/12/2010,"2009-10","2008-09","F",35,,,,7/11/2010,4/25/2010,4/25/2010,"SHARE01",,".",
153,8/12/2010,"2010-11","2009-10","F",200,,,,10/11/2010,8/12/2010,8/12/2010,"SHARE01",,".",
154,8/12/2010,"2010-11","2009-10","F",140,,,,10/11/2010,8/12/2010,8/12/2010,"SHARE01",,".",
155,8/12/2010,"2010-11","2009-10","F",125,,,,10/11/2010,8/12/2010,8/12/2010,"SHARE01",,".",
156,8/12/2010,"2010-11","2009-10","F",100,,,,10/11/2010,8/12/2010,8/12/2010,"SHARE01",,".",
157,8/12/2010,"2010-11","2009-10","F",75,,,,10/11/2010,8/12/2010,8/12/2010,"SHARE01",,".",
158,8/12/2010,"2010-11","2009-10","F",70,,,,10/11/2010,8/12/2010,8/12/2010,"SHARE01",,".",
159,8/12/2010,"2010-11","2009-10","F",65,,,,10/11/2010,8/12/2010,8/12/2010,"SHARE01",,".",
728,8/11/2010,"2010-11","2009-10","B",,1,9,,10/10/2010,8/11/2010,8/11/2010,"INVEST",,"Stock Split fac_vale 100 to 10 mlot unchanged",
103,7/26/2010,"2010-11","2009-10","B",,100,25,,9/24/2010,5/20/2010,5/20/2010,"SHARE14",,,
103,7/26/2010,"2010-11","2009-10","C",123,100,25,,9/24/2010,5/20/2010,5/20/2010,"SHARE14",,".",
211,6/28/2010,"2009-10","2008-09","F",5,,,,8/27/2010,5/26/2010,5/26/2010,"SHARE22",,"-",
115,9/2/2010,"2010-11","2009-10","B",,1,9,,11/1/2010,9/2/2010,9/2/2010,"INVEST",,"Stock Split face value 100 to 10  and mlot 50 to 100",
110,9/5/2010,"2010-11","2009-10","B",,1,99,,11/4/2010,9/5/2010,9/5/2010,"INVEST",,"Stok Split face value 1000 to 10",
734,8/19/2010,"2010-11","2009-10","R",,1,1,50,10/18/2010,8/19/2010,8/19/2010,"SHARE24",,"-",
450,7/24/2010,"2010-11","2009-10","R",,1,2,15,9/22/2010,7/14/2010,7/14/2010,"SHARE24",,,
610,7/30/2010,"2010-11","2009-10","F",30,,,,9/28/2010,7/21/2002,7/21/2002,"SHARE01",,"-",
445,11/10/2010,"2010-11","2009-10","B",,1,9,,1/9/2011,11/10/2010,11/10/2010,"MERCHAN1",,"STOCK SPLIT",
550,4/28/2010,"2009-10","2008-09","F",20,,,,6/27/2010,4/4/2010,4/4/2010,"SHARE24",,".",
209,4/28/2010,"2009-10","2008-09","F",30,,,,6/27/2010,3/18/2010,3/18/2010,"SHARE24",,".",
624,4/20/2010,"2009-10","2008-09","F",10,,,,6/19/2010,3/25/2010,3/25/2010,"SHARE24",,".",
741,5/19/2010,"2009-10","2008-09","C",123,100,22.5,,7/18/2010,5/2/2010,5/2/2010,"SHARE01",,".",
102,5/23/2010,"2009-10","2008-09","B",,100,25,,7/22/2010,4/18/2010,4/18/2010,"SHARE01",,,
102,5/23/2010,"2009-10","2008-09","C",123,100,25,,7/22/2010,4/18/2010,4/18/2010,"SHARE01",,".",
733,5/27/2010,"2009-10","2008-09","B",,100,15,,7/26/2010,4/15/2010,4/15/2010,"SHARE01",,,
733,5/27/2010,"2009-10","2008-09","C",521,100,15,,7/26/2010,4/15/2010,4/15/2010,"INVEST",,".",
109,6/3/2010,"2009-10","2008-09","B",,100,50,,8/2/2010,5/5/2010,5/5/2010,"SHARE01",,,
109,6/3/2010,"2009-10","2008-09","C",123,100,50,,8/2/2010,5/5/2010,5/5/2010,"SHARE01",,".",
430,6/19/2010,"2009-10","2008-09","B",,100,10,,8/18/2010,5/20/2010,5/20/2010,"SHARE01",,,
430,6/19/2010,"2009-10","2008-09","C",123,100,10,,8/18/2010,5/20/2010,5/20/2010,"SHARE01",,".",
744,5/30/2010,"2009-10","2008-09","B",,100,20,,7/29/2010,5/2/2010,5/2/2010,"INVEST",,,
744,5/30/2010,"2009-10","2008-09","C",123,100,20,,7/29/2010,5/2/2010,5/2/2010,"INVEST",,,
644,5/11/2010,"2009-10","2008-09","F",5,,,,7/10/2010,3/15/2010,3/15/2010,"SHARE24",,".",
106,5/6/2010,"2009-10","2008-09","F",5,,,,7/5/2010,4/8/2010,4/8/2010,"SHARE01",,".",
732,7/22/2010,"2010-11","2009-10","B",,1,9,,9/20/2010,7/22/2010,7/22/2010,"INVEST",,"Stock Split fac_val 100 to 10",
138,7/26/2010,"2010-11","2009-10","B",,100,12,,9/24/2010,5/30/2010,5/30/2010,"SHARE01",,,
138,7/26/2010,"2010-11","2009-10","C",123,100,12,,9/24/2010,5/30/2010,5/30/2010,"SHARE01",,".",
753,7/31/2010,"2010-11","2009-10","B",,100,10,,9/29/2010,6/16/2010,6/16/2010,"SHARE01",,,
753,7/31/2010,"2010-11","2009-10","C",123,100,10,,9/29/2010,6/16/2010,6/16/2010,"SHARE01",,".",
311,7/22/2010,"2010-11","2009-10","B",,100,20,,9/20/2010,6/22/2010,6/22/2010,"SHARE01",,,
311,7/22/2010,"2010-11","2009-10","C",123,100,20,,9/20/2010,6/22/2010,6/22/2010,"SHARE01",,".",
457,5/29/2010,"2009-10","2008-09","F",60,,,,7/28/2010,5/12/2010,5/12/2010,"SHARE01",,".",
718,6/15/2010,"2009-10","2008-09","F",20,,,,8/14/2010,5/10/2010,5/10/2010,"SHARE01",,".",
624,8/22/2010,"2010-11","2009-10","R",,100,30,600,10/21/2010,8/22/2010,8/22/2010,"SHARE01",,,
472,6/15/2010,"2009-10","2008-09","F",7.5,,,,8/14/2010,5/19/2010,5/19/2010,"SHARE22",,"-",
603,6/24/2010,"2009-10","2008-09","F",105,,,,8/23/2010,5/11/2010,5/11/2010,"SHARE22",,"-",
451,6/28/2010,"2009-10","2008-09","F",30,,,,8/27/2010,5/18/2010,5/18/2010,"INVEST",,"Folio Account",
477,9/21/2010,"2010-11","2009-10","C",123,100,30,,11/20/2010,8/26/2010,8/26/2010,"INVEST",,"BONUS CASH",
758,9/2/2010,"2010-11","2009-10","B",,1,1,,11/1/2010,8/31/2010,8/31/2010,"SHARE13",,,
758,9/26/2010,"2010-11","2009-10","B",,1,1,,11/25/2010,8/31/2010,8/31/2010,"SHARE13",,,
728,8/31/2010,"2010-11","2009-10","B",,10,45,,10/30/2010,7/14/2010,7/14/2010,"MERCHAN1",,,
728,8/31/2010,"2010-11","2009-10","C",123,10,45,,10/30/2010,7/14/2010,7/14/2010,"MERCHAN1",,,
727,8/26/2010,"2010-11","2009-10","B",,100,35,,10/25/2010,7/5/2010,7/5/2010,"MERCHAN1",,,
727,8/26/2010,"2010-11","2009-10","C",123,100,35,,10/25/2010,7/5/2010,7/5/2010,"MERCHAN1",,"share",
743,9/2/2010,"2010-11","2009-10","B",,100,35,,11/1/2010,7/15/2010,7/15/2010,"MERCHAN1",,,
743,9/2/2010,"2010-11","2009-10","C",123,100,35,,11/1/2010,7/15/2010,7/15/2010,"MERCHAN1",,"-",
760,8/29/2010,"2010-11","2009-10","B",,100,10,,10/28/2010,8/9/2010,8/9/2010,"MERCHAN1",,,
760,8/29/2010,"2010-11","2009-10","C",123,100,10,,10/28/2010,8/9/2010,8/9/2010,"MERCHAN1",,"-",
735,9/23/2010,"2010-11","2009-10","B",,100,10,,11/22/2010,7/19/2010,7/19/2010,"MERCHAN1",,,
735,9/23/2010,"2010-11","2009-10","C",123,100,10,,11/22/2010,7/19/2010,9/19/2010,"MERCHAN1",,"-",
230,6/19/2010,"2009-10","2008-09","R",,1,1,20,8/18/2010,10/6/2010,10/6/2010,"INVEST",,,
561,12/24/2009,"2009-10","2008-09","R",,1,1,10,2/22/2010,8/26/2010,8/26/2010,"SHARE01",,,
743,9/2/2010,"2010-11","2009-10","F",5,,,,11/1/2010,7/15/2010,7/15/2010,"SHARE01",,"Share Dept",
106,5/6/2010,"2009-10","2008-09","B",,100,30,,7/5/2010,4/8/2010,4/8/2010,"SHARE01",,,
106,5/6/2010,"2009-10","2008-09","C",123,100,30,,7/5/2010,4/8/2010,4/8/2010,"SHARE01",,".",
758,5/15/2010,"2009-10","2008-09","B",,100,50,,7/14/2010,4/26/2010,4/26/2010,"SHARE01",,,
758,5/15/2010,"2009-10","2008-09","C",123,100,50,,7/14/2010,4/26/2010,4/26/2010,"SHARE01",,".",
720,5/3/2010,"2009-10","2008-09","B",,100,20,,7/2/2010,3/15/2010,3/15/2010,"SHARE01",,,
720,5/3/2010,"2009-10","2008-09","C",123,100,20,,7/2/2010,3/15/2010,3/15/2010,"SHARE01",,".",
210,5/23/2010,"2009-10","2008-09","B",,1,9,,7/22/2010,5/23/2010,5/23/2010,"INVEST",,"Shares Split",
140,5/10/2010,"2009-10","2008-09","B",,100,30,,7/9/2010,4/13/2010,4/13/2010,"SHARE24",,,
140,5/10/2010,"2009-10","2008-09","C",123,100,30,,7/9/2010,4/13/2010,4/13/2010,"SHARE24",,".",
746,6/15/2010,"2009-10","2008-09","B",,100,75,,8/14/2010,5/13/2010,5/13/2010,"SHARE01",,,
746,6/15/2010,"2009-10","2008-09","C",123,100,75,,8/14/2010,5/13/2010,5/13/2010,"SHARE01",,".",
729,6/17/2010,"2009-10","2008-09","B",,100,38.5,,8/16/2010,5/5/2010,5/5/2010,"SHARE01",,,
729,6/17/2010,"2009-10","2008-09","C",123,100,38.5,,8/16/2010,5/5/2010,5/5/2010,"SHARE01",,".",
745,6/9/2010,"2009-10","2008-09","B",,100,30,,8/8/2010,4/13/2010,4/13/2010,"SHARE01",,,
745,6/9/2010,"2009-10","2008-09","C",123,100,30,,8/8/2010,4/13/2010,4/13/2010,"SHARE01",,".",
239,12/12/2009,"2009-10","2008-09","E",100,10,4,,2/10/2010,11/15/2009,11/15/2009,"INVEST",,"Preference Share S Alam(229)",229
313,6/21/2010,"2009-10","2008-09","E",100,2,1,,8/20/2010,5/25/2010,5/25/2010,"INVEST",,"Preference Share Summit Power (305)",305
562,6/7/2010,"2009-10","2008-09","E",10,1,1,,8/6/2010,5/13/2010,5/13/2010,"INVEST",,"BDCOM ONLINE (556) Preference Share",556
125,7/12/2010,"2010-11","2009-10","B",,100,350,,9/10/2010,5/11/2010,5/11/2010,"SHARE01",,,
125,7/12/2010,"2010-11","2009-10","C",123,100,350,,9/10/2010,5/11/2010,5/11/2010,"SHARE01",,".",
126,8/2/2010,"2010-11","2009-10","B",,1,9,,10/1/2010,8/2/2010,8/2/2010,"INVEST",,"Stock Split face_val 100 to 10",
557,6/29/2010,"2009-10","2008-09","B",,100,10,,8/28/2010,5/18/2010,5/18/2010,"SHARE01",,,
408,9/26/2010,"2010-11","2009-10","F",30,,,,11/25/2010,3/31/2010,3/31/2010,"SHARE01",,"Share Dept",
220,5/29/2010,"2009-10","2008-09","F",5,,,,7/28/2010,5/9/2010,5/9/2010,"MERCHAN1",,".",
166,10/7/2010,"2010-11","2009-10","F",60,,,,12/6/2010,10/7/2010,10/7/2010,"SHARE01",,"Share Dept",
149,11/4/2010,"2010-11","2009-10","B",,100,35,,1/3/2011,9/21/2010,9/21/2010,"SHARE01",,,
149,11/4/2010,"2010-11","2009-10","C",,100,35,,1/3/2011,9/21/2010,9/21/2010,"SHARE01",,,
149,11/4/2010,"2010-11","2009-10","D",,100,35,,1/3/2011,9/21/2010,9/21/2010,"SHARE01",,,
108,12/9/2010,"2010-11","2009-10","B",,1,9,,2/7/2011,12/9/2010,12/9/2010,"MERCHAN1",,,
128,12/9/2010,"2010-11","2009-10","B",,1,9,,2/7/2011,12/9/2010,12/9/2010,"MERCHAN1",,,
474,11/11/2010,"2010-11","2009-10","F",18,,,,1/10/2011,10/26/2010,10/26/2010,"SHARE01",,"Share Dept",
549,11/9/2010,"2010-11","2009-10","I",35,,,,1/8/2011,11/2/2010,11/2/2010,"SHARE01",,"Shares",
474,11/11/2010,"2010-11","2009-10","I",18,,,,1/10/2011,10/26/2010,10/26/2010,"SHARE01",,"Share Dept",
550,12/9/2010,"2010-11","2009-10","I",30,,,,2/7/2011,11/9/2010,11/9/2010,"SHARE01",,"share",
309,6/20/2010,"2009-10","2008-09","F",40,,,,8/19/2010,5/26/2010,5/26/2010,"SHARE01",,"Share Dept",
413,11/29/2010,"2010-11","2009-10","B",,1,10,,1/28/2011,11/14/2010,11/14/2010,"MERCHAN1",,"100% Bonus before stock split. After split the bonus is 1:10",
488,12/7/2010,"2010-11","2009-10","B",,100,12,,2/5/2011,11/9/2010,11/9/2010,"MERCHAN1",,,
488,12/7/2010,"2010-11","2009-10","C",175,100,12,,2/5/2011,11/9/2010,11/9/2010,"MERCHAN1",,,
727,12/27/2010,"2010-11","2009-10","B",,1,9,,2/25/2011,12/27/2010,12/27/2010,"MERCHAN1",,"Stock Split",
113,1/5/2011,"2010-11","2009-10","B",,1,9,,3/6/2011,1/5/2011,1/5/2011,"INVEST",,"Stock Slpit",
109,1/5/2011,"2010-11","2009-10","B",,1,9,,3/6/2011,1/5/2011,1/5/2011,"INVEST",,"Stock Split",
752,12/8/2010,"2010-11","2009-10","F",10,,,,2/6/2011,10/10/2010,10/10/2010,"SHARE01",,"Share Dept",
560,12/5/2010,"2010-11","2009-10","F",12.5,,,,2/3/2011,10/28/2010,10/28/2010,"SHARE01",,"Share Dept",
656,12/7/2010,"2010-11","2009-10","B",,100,5,,2/5/2011,10/27/2010,10/27/2010,"INVEST",,,
656,12/7/2010,"2010-11","2009-10","C",123,100,5,,2/5/2011,10/27/2010,10/27/2010,"INVEST",,,
151,10/28/2010,"2010-11","2009-10","F",15,,,,12/27/2010,9/22/2010,9/22/2010,"INVEST",,,
214,12/15/2010,"2010-11","2009-10","B",,100,20,,2/13/2011,11/4/2010,11/4/2010,"SHARE01",,,
214,12/15/2010,"2010-11","2009-10","C",123,100,20,,2/13/2011,11/4/2010,11/4/2010,"SHARE01",,"-",
720,1/20/2011,"2010-11","2009-10","B",,1,9,,3/21/2011,1/20/2011,1/20/2011,"INVEST",,"Stock Split",
261,12/11/2010,"2010-11","2009-10","F",12,,,,2/9/2011,11/25/2010,11/25/2010,"SHARE01",,"share dept",
161,11/25/2010,"2010-11","2009-10","F",72.5,,,,1/24/2011,11/25/2010,11/25/2010,"SHARE01",,"Share Dept",
560,10/28/2010,"2010-11","2009-10","B",,2,1,,12/27/2010,10/28/2010,10/28/2010,"SHARE01",,,
485,12/2/2010,"2010-11","2009-10","I",25,,,,1/31/2011,11/2/2010,11/2/2010,"SHARE01",,"Share Dept",
181,10/3/2010,"2010-11","2009-10","F",70,,,,12/2/2010,10/3/2010,10/3/2010,"SHARE01",,"-",
603,11/11/2010,"2010-11","2009-10","I",145,,,,1/10/2011,12/8/2010,12/8/2010,"SHARE01",,"Interim Dividend",
306,1/3/2011,"2010-11","2009-10","B",,100,30,,3/4/2011,11/11/2010,11/11/2010,"SHARE01",,,
306,1/3/2011,"2010-11","2009-10","C",123,100,30,,3/4/2011,11/11/2010,11/11/2010,"INVEST",,,
556,12/22/2010,"2010-11","2009-10","B",,100,13,,2/20/2011,11/22/2010,11/22/2010,"INVEST",,,
556,12/22/2010,"2010-11","2009-10","C",123,100,13,,2/20/2011,11/22/2010,11/22/2010,"INVEST",,,
629,12/15/2010,"2010-11","2009-10","C",123,10,1,,2/13/2011,11/23/2010,11/23/2010,"INVEST",,,
647,12/23/2010,"2010-11","2009-10","B",,20,1,,2/21/2011,11/14/2010,11/14/2010,"INVEST",,,
462,12/23/2010,"2010-11","2009-10","B",,1,5,,2/21/2011,11/22/2010,11/22/2010,"INVEST",,,
423,12/19/2010,"2010-11","2009-10","B",,4,1,,2/17/2011,12/2/2010,12/2/2010,"INVEST",,,
417,12/19/2010,"2010-11","2009-10","B",,10,1,,2/17/2011,12/2/2010,12/2/2010,"INVEST",,,
647,12/23/2010,"2010-11","2009-10","C",123,100,5,,2/21/2011,11/14/2010,11/14/2010,"INVEST",,,
450,12/27/2010,"2010-11","2009-10","B",,4,1,,2/25/2011,11/11/2010,11/11/2010,"INVEST",,,
450,12/27/2010,"2010-11","2009-10","C",123,4,1,,2/25/2011,11/11/2010,11/11/2010,"INVEST",,,
448,12/27/2010,"2010-11","2009-10","B",,5,1,,2/25/2011,10/25/2010,10/25/2010,"INVEST",,,
360,12/29/2010,"2010-11","2009-10","B",,5,1,,2/27/2011,12/19/2010,12/19/2010,"INVEST",,,
310,12/28/2010,"2010-11","2009-10","B",,10,1,,2/26/2011,11/1/2010,11/1/2010,"INVEST",,,
212,12/19/2010,"2010-11","2009-10","C",123,20,1,,2/17/2011,11/15/2010,11/15/2010,"INVEST",,,
202,12/30/2010,"2010-11","2009-10","B",,2,1,,2/28/2011,11/25/2010,11/25/2010,"INVEST",,,
202,12/30/2010,"2010-11","2009-10","C",123,2,1,,2/28/2011,11/25/2010,11/25/2010,"INVEST",,,
487,12/27/2010,"2010-11","2009-10","F",10,,,,2/25/2011,11/14/2010,11/14/2010,"SHARE01",,"share dept",
165,7/30/2010,"2010-11","2009-10","F",19,,,,9/28/2010,6/30/2010,6/30/2010,"SHARE01",,,
355,12/18/2010,"2010-11","2009-10","F",20,,,,2/16/2011,11/11/2010,11/11/2010,"SHARE01",,"share dept",
163,7/30/2010,"2010-11","2009-10","F",30,,,,9/28/2010,6/30/2010,6/30/2010,"SHARE01",,,
226,7/3/2010,"2010-11","2009-10","B",,20,3,,9/1/2010,5/26/2010,5/26/2010,"INVEST",,,
289,4/5/2010,"2009-10","2008-09","R",,1,1,,6/4/2010,1/19/2011,1/19/2011,"INVEST",,,
464,12/23/2010,"2010-11","2009-10","F",40,,,,2/21/2011,11/29/2010,11/29/2010,"SHARE01",,"Share Dept",
476,12/23/2010,"2010-11","2009-10","F",14,,,,2/21/2011,12/8/2010,12/8/2010,"SHARE01",,"share dept",
462,12/23/2010,"2010-11","2009-10","F",30,,,,2/21/2011,11/22/2010,11/22/2010,"SHARE01",,"share dept",
480,12/25/2010,"2010-11","2009-10","F",15,,,,2/23/2011,11/15/2010,11/15/2010,"SHARE01",,"share dept",
436,12/26/2010,"2010-11","2009-10","F",11,,,,2/24/2011,11/9/2010,11/9/2010,"SHARE01",,"share dept",
310,12/28/2010,"2010-11","2009-10","F",25,,,,2/26/2011,11/1/2010,11/1/2010,"SHARE01",,"share dept",
482,12/25/2010,"2010-11","2009-10","F",10,,,,2/23/2011,11/15/2010,11/15/2010,"SHARE01",,"share dept",
108,12/5/2010,"2010-11","2009-10","R",,1,1,5,2/3/2011,2/15/2011,2/15/2011,"INVEST",,,
751,5/26/2010,"2009-10","2008-09","R",,2,1,50,7/25/2010,1/19/2011,1/19/2011,"INVEST",,,
759,6/17/2010,"2009-10","2008-09","R",,1,1,10,8/16/2010,1/6/2011,1/6/2011,"INVEST",,,
226,8/5/2010,"2010-11","2009-10","R",,1,2,0,10/4/2010,2/22/2011,2/22/2011,"INVEST",,,
445,10/22/2010,"2010-11","2009-10","R",,1,2,7.5,12/21/2010,2/22/2011,2/22/2011,"INVEST",,,
483,7/15/2010,"2010-11","2009-10","F",7.5,,,,9/13/2010,7/15/2010,7/15/2010,"SHARE01",,"-",
511,12/15/2010,"2010-11","2009-10","F",5,,,,2/13/2011,11/11/2010,11/11/2010,"SHARE01",,"SHARE DEPT",
610,12/3/2010,"2010-11","2009-10","F",21,,,,2/1/2011,11/8/2010,11/8/2010,"SHARE01",,"Share Dept",
210,12/22/2010,"2010-11","2009-10","F",10,,,,2/20/2011,11/15/2010,11/15/2010,"INVEST",,,
105,3/15/2011,"2010-11","2009-10","B",,100,95,,5/14/2011,2/23/2011,2/23/2011,"INVEST",,,
654,3/20/2011,"2010-11","2009-10","B",,10,1,,5/19/2011,2/10/2011,2/10/2011,"INVEST",,,
553,1/20/2011,"2010-11","2009-10","F",16,,,,3/21/2011,11/24/2010,11/24/2010,"SHARE14",,"share dept",
410,12/15/2010,"2010-11","2009-10","F",15,,,,2/13/2011,11/15/2010,11/15/2010,"SHARE14",,"share dept",
951,3/6/2011,"2010-11","2009-10","B",,5,1,,5/5/2011,3/6/2011,3/6/2011,"INVEST",,"Stock Split Redumption",
113,3/27/2011,"2010-11","2009-10","B",,100,35,,5/26/2011,3/3/2011,3/3/2011,"INVEST",,,
113,3/27/2011,"2010-11","2009-10","C",123,100,35,,5/26/2011,3/3/2011,3/3/2011,"INVEST",,,
127,3/24/2011,"2010-11","2009-10","B",,5,1,,5/23/2011,3/6/2011,3/6/2011,"INVEST",,,
127,3/24/2011,"2010-11","2009-10","C",123,5,1,,5/23/2011,3/6/2011,3/6/2011,"INVEST",,,
308,5/8/2010,"2009-10","2008-09","F",40,,,,7/7/2010,3/31/2010,3/31/2010,"SHARE01",,"share dept",
121,3/28/2011,"2010-11","2009-10","B",,100,55,,5/27/2011,3/13/2011,3/13/2011,"INVEST",,,
121,3/28/2011,"2010-11","2009-10","C",123,100,55,,5/27/2011,3/13/2011,3/13/2011,"INVEST",,,
119,3/28/2011,"2010-11","2009-10","B",,5,1,,5/27/2011,2/24/2011,2/24/2011,"INVEST",,,
724,6/28/2010,"2009-10","2008-09","R",,1,1,50,8/27/2010,4/12/2011,4/12/2011,"INVEST",,,
119,3/28/2011,"2010-11","2009-10","C",123,5,1,,5/27/2011,2/24/2011,2/24/2011,"INVEST",,,
740,3/27/2011,"2010-11","2009-10","B",,100,55,,5/26/2011,3/3/2011,3/3/2011,"INVEST",,,
740,3/27/2011,"2010-11","2009-10","C",123,100,55,,5/26/2011,3/3/2011,3/3/2011,"INVEST",,,
746,3/30/2011,"2010-11","2009-10","B",,100,60,,5/29/2011,3/2/2011,3/2/2011,"INVEST",,,
746,3/30/2011,"2010-11","2009-10","C",123,100,60,,5/29/2011,3/2/2011,3/2/2011,"INVEST",,,
111,3/30/2011,"2010-11","2009-10","B",,100,55,,5/29/2011,3/1/2011,3/1/2011,"INVEST",,,
111,3/30/2011,"2010-11","2009-10","C",123,100,55,,5/29/2011,3/1/2011,3/1/2011,"INVEST",,,
443,3/28/2011,"2010-11","2009-10","B",,10,1,,5/27/2011,2/24/2011,2/24/2011,"INVEST",,,
443,3/28/2011,"2010-11","2009-10","C",123,10,1,,5/27/2011,2/24/2011,2/24/2011,"INVEST",,,
229,3/30/2011,"2010-11","2009-10","B",,10,1,,5/29/2011,3/8/2011,3/8/2011,"INVEST",,,
229,3/30/2011,"2010-11","2009-10","C",123,10,1,,5/29/2011,3/8/2011,3/8/2011,"INVEST",,,
751,3/28/2011,"2010-11","2009-10","B",,100,7,,5/27/2011,3/10/2011,3/10/2011,"INVEST",,,
751,3/28/2011,"2010-11","2009-10","C",123,100,7,,5/27/2011,3/10/2011,3/10/2011,"INVEST",,,
117,4/28/2010,"2009-10","2008-09","B",,1,1,,6/27/2010,3/24/2011,3/24/2011,"SHARE01",,,
117,4/28/2011,"2010-11","2009-10","B",,100,14,,6/27/2011,3/31/2011,3/31/2011,"INVEST",,,
220,9/24/1998,"1998-99","1997-98","B",,10,1,,11/23/1998,9/11/1998,9/24/1998,"INVEST",,,
135,3/31/2011,"2010-11","2009-10","B",,100,65,,5/30/2011,3/10/2011,3/10/2011,"INVEST",,,
135,3/31/2011,"2010-11","2009-10","C",123,100,65,,5/30/2011,3/10/2011,3/10/2011,"INVEST",,,
129,4/6/2011,"2010-11","2009-10","B",,100,31,,6/5/2011,3/20/2011,3/20/2011,"INVEST",,,
129,4/6/2011,"2010-11","2009-10","C",123,100,31,,6/5/2011,3/20/2011,3/20/2011,"INVEST",,,
123,4/11/2011,"2010-11","2009-10","B",,100,22,,6/10/2011,3/8/2011,3/8/2011,"INVEST",,,
123,4/11/2011,"2010-11","2009-10","C",123,100,22,,6/10/2011,3/8/2011,3/8/2011,"INVEST",,,
951,3/6/2011,"2010-11","2009-10","F",16,,,,5/5/2011,3/6/2011,3/6/2011,"INVEST",,"-",
720,4/18/2011,"2010-11","2009-10","B",,100,30,,6/17/2011,3/1/2011,3/1/2011,"INVEST",,,
113,3/27/2011,"2010-11","2009-10","F",5,,,,5/26/2011,3/3/2011,3/3/2011,"SHARE01",,"share dept",
443,3/28/2011,"2010-11","2009-10","F",5,,,,5/27/2011,2/24/2011,2/24/2011,"INVEST",,"share dept",
303,2/19/2011,"2010-11","2009-10","F",30,,,,4/20/2011,12/26/2010,12/26/2010,"SHARE01",,"share dept",
749,12/2/2010,"2010-11","2009-10","R",,1,1,5,1/31/2011,4/19/2011,4/19/2011,"INVEST",,,
170,12/31/2010,"2010-11","2009-10","F",20,,,,3/1/2011,2/8/2011,2/8/2011,"INVEST",,"Share dept",
130,4/25/2011,"2010-11","2009-10","B",,100,75,,6/24/2011,4/4/2011,4/4/2011,"INVEST",,,
116,4/28/2011,"2010-11","2009-10","B",,100,32,,6/27/2011,3/24/2011,3/24/2011,"INVEST",,,
140,4/28/2011,"2010-11","2009-10","B",,100,37,,6/27/2011,3/21/2011,3/21/2011,"INVEST",,,
117,4/28/2011,"2010-11","2009-10","C",123,100,14,,6/27/2011,3/31/2011,3/31/2011,"INVEST",,,
753,9/28/2010,"2010-11","2009-10","R",,5,1,10,11/27/2010,10/28/2010,10/28/2010,"SHARE01",,,
150,7/29/2010,"2010-11","2009-10","F",26,,,,9/27/2010,6/30/2010,6/30/2010,"MERCHAN1",,,
161,11/25/2010,"2010-11","2009-10","D",10,100,70,,1/24/2011,11/25/2010,11/25/2010,"SHARE01",,"share Dept",
161,11/25/2010,"2010-11","2009-10","B",,100,70,,1/24/2011,11/25/2010,11/25/2010,"SHARE01",,"share dept",
656,1/13/2011,"2010-11","2009-10","B",,1,9,,3/14/2011,1/13/2011,1/13/2011,"INVEST",,"Stock Split",
139,1/13/2011,"2010-11","2009-10","B",,1,9,,3/14/2011,1/13/2011,1/13/2011,"INVEST",,"Stock Split",
134,1/13/2011,"2010-11","2009-10","B",,1,9,,3/14/2011,1/13/2011,1/13/2011,"INVEST",,"Stock Split",
749,1/13/2011,"2010-11","2009-10","B",,1,9,,3/14/2011,1/13/2011,1/13/2011,"INVEST",,"Stock Split",
210,12/22/2010,"2010-11","2009-10","B",,100,30,,2/20/2011,11/15/2010,11/15/2010,"SHARE01",,,
213,12/18/2010,"2010-11","2009-10","B",,3,1,,2/16/2011,11/11/2010,11/11/2010,"INVEST",,,
213,12/18/2010,"2010-11","2009-10","C",123,3,1,,2/16/2011,11/11/2010,11/11/2010,"INVEST",,,
257,12/19/2010,"2010-11","2009-10","B",,4,1,,2/17/2011,12/2/2010,12/2/2010,"INVEST",,,
257,12/19/2010,"2010-11","2009-10","C",123,4,1,,2/17/2011,12/2/2010,12/2/2010,"INVEST",,,
136,7/7/2010,"2010-11","2009-10","R",,1,1,200,9/5/2010,12/26/2010,12/26/2010,"INVEST",,,
210,12/22/2010,"2010-11","2009-10","C",123,10,3,,2/20/2011,11/15/2010,11/15/2010,"INVEST",,,
212,12/19/2010,"2010-11","2009-10","B",,20,1,,2/17/2011,11/15/2010,11/15/2010,"INVEST",,,
607,12/29/2010,"2010-11","2009-10","B",,5,1,,2/27/2011,11/11/2010,11/11/2010,"INVEST",,,
206,12/30/2010,"2010-11","2009-10","B",,5,1,,2/28/2011,11/25/2010,11/25/2010,"INVEST",,,
206,12/30/2010,"2010-11","2009-10","C",123,5,1,,2/28/2011,11/11/2010,11/11/2010,"INVEST",,,
638,12/30/2010,"2010-11","2009-10","F",10,,,,2/28/2011,12/7/2010,12/7/2010,"SHARE01",,"share dept",
306,1/3/2011,"2010-11","2009-10","F",15,,,,3/4/2011,11/11/2010,11/11/2010,"SHARE01",,"Share dept",
415,12/27/2010,"2010-11","2009-10","F",5,,,,2/25/2011,11/11/2010,11/11/2010,"SHARE01",,"share dept",
360,12/29/2010,"2010-11","2009-10","F",10,,,,2/27/2011,12/19/2010,12/19/2010,"INVEST",,,
307,2/5/2011,"2010-11","2009-10","B",,20,3,,4/6/2011,12/5/2010,12/5/2010,"INVEST",,,
307,2/5/2011,"2010-11","2009-10","C",123,20,3,,4/6/2011,12/5/2010,12/5/2010,"INVEST",,,
202,12/30/2010,"2010-11","2009-10","F",10,,,,2/28/2011,11/25/2010,11/25/2010,"SHARE01",,"Share Dept",
622,12/22/2010,"2010-11","2009-10","F",25,,,,2/20/2011,12/2/2010,12/2/2010,"SHARE01",,"Share dept",
307,2/5/2011,"2010-11","2009-10","F",10,,,,4/6/2011,12/5/2010,12/5/2010,"INVEST",,,
122,3/30/2011,"2010-11","2009-10","B",,5,2,,5/29/2011,3/7/2011,3/7/2011,"INVEST",,,
122,3/30/2011,"2010-11","2009-10","C",123,5,2,,5/29/2011,3/7/2011,3/7/2011,"INVEST",,,
115,3/29/2011,"2010-11","2009-10","B",,100,35,,5/28/2011,3/2/2011,3/2/2011,"INVEST",,,
115,3/29/2011,"2010-11","2009-10","C",123,100,35,,5/28/2011,3/2/2011,3/2/2011,"INVEST",,,
732,3/29/2011,"2010-11","2009-10","B",,5,4,,5/28/2011,3/7/2011,3/7/2011,"INVEST",,,
117,12/21/2010,"2010-11","2009-10","R",,1,1,,2/19/2011,3/24/2011,3/24/2011,"INVEST",,,
430,12/4/2010,"2010-11","2009-10","R",,1,1,50,2/2/2011,3/24/2011,3/24/2011,"INVEST",,,
130,4/25/2011,"2010-11","2009-10","C",123,100,75,,6/24/2011,4/4/2011,4/4/2011,"INVEST",,,
116,4/28/2011,"2010-11","2009-10","C",123,100,32,,6/27/2011,3/24/2011,3/24/2011,"INVEST",,,
140,4/28/2011,"2010-11","2009-10","C",123,100,37,,6/27/2011,3/21/2011,3/21/2011,"INVEST",,,
490,4/21/2011,"2010-11","2009-10","B",,10,3,,6/20/2011,3/30/2011,3/30/2011,"INVEST",,,
124,4/21/2011,"2010-11","2009-10","B",,100,25,,6/20/2011,3/29/2011,3/29/2011,"INVEST",,,
124,4/21/2011,"2010-11","2009-10","C",123,100,25,,6/20/2011,3/29/2011,3/29/2011,"INVEST",,,
759,5/5/2011,"2010-11","2009-10","B",,100,25,,7/4/2011,3/8/2011,3/8/2011,"INVEST",,,
759,5/5/2011,"2010-11","2009-10","C",123,100,25,,7/4/2011,3/8/2011,3/8/2011,"INVEST",,,
729,5/2/2011,"2010-11","2009-10","B",,100,75,,7/1/2011,4/3/2011,4/3/2011,"INVEST",,,
729,5/2/2011,"2010-11","2009-10","C",123,100,75,,7/1/2011,4/3/2011,4/3/2011,"INVEST",,,
213,12/18/2010,"2010-11","2009-10","F",100,,,,2/16/2011,11/11/2010,11/11/2010,"SHARE01",,"Share Dept",
128,5/9/2011,"2010-11","2009-10","B",,10,3,,7/8/2011,4/21/2011,4/21/2011,"INVEST",,,
309,5/7/2011,"2010-11","2009-10","B",,100,5,,7/6/2011,3/28/2011,3/28/2011,"INVEST",,,
309,5/7/2011,"2010-11","2009-10","C",123,100,5,,7/6/2011,3/28/2011,3/28/2011,"INVEST",,,
126,5/19/2011,"2010-11","2009-10","B",,100,22,,7/18/2011,4/6/2011,4/6/2011,"INVEST",,,
126,5/19/2011,"2010-11","2009-10","C",123,100,22,,7/18/2011,4/6/2011,4/6/2011,"INVEST",,,
644,2/19/2011,"2010-11","2009-10","F",10,,,,4/20/2011,1/27/2011,1/27/2011,"SHARE01",,"share dept",
741,5/12/2011,"2010-11","2009-10","B",,100,25,,7/11/2011,4/27/2011,4/27/2011,"INVEST",,,
741,5/12/2011,"2010-11","2009-10","C",123,100,25,,7/11/2011,4/27/2011,4/27/2011,"INVEST",,,
104,5/18/2011,"2010-11","2009-10","B",,100,35,,7/17/2011,4/13/2011,4/13/2011,"INVEST",,,
104,5/18/2011,"2010-11","2009-10","C",123,100,35,,7/17/2011,4/13/2011,4/13/2011,"INVEST",,,
259,4/10/2011,"2010-11","2009-10","F",430,,,,6/9/2011,3/16/2011,3/16/2011,"INVEST",,"share dept",
114,3/22/2011,"2010-11","2009-10","F",10,,,,5/21/2011,3/6/2011,3/6/2011,"SHARE24",,"Share dept",
229,3/30/2011,"2010-11","2009-10","F",5,,,,5/29/2011,3/8/2011,3/8/2011,"SHARE24",,"share dept",
118,3/24/2011,"2010-11","2009-10","F",30,,,,5/23/2011,2/27/2011,2/27/2011,"INVEST",,,
454,4/28/2011,"2010-11","2009-10","F",200,,,,6/27/2011,3/7/2011,3/7/2011,"SHARE01",,"share dept",
746,3/30/2011,"2010-11","2009-10","F",60,,,,5/29/2011,3/2/2011,3/2/2011,"SHARE01",,"share dept",
751,3/28/2011,"2010-11","2009-10","F",5,,,,5/27/2011,3/10/2011,3/10/2011,"SHARE01",,"share dept",
721,5/9/2010,"2009-10","2008-09","R",,5,1,300,7/8/2010,5/15/2011,5/15/2011,"INVEST",,,
109,5/19/2011,"2010-11","2009-10","B",,100,20,,7/18/2011,3/24/2011,3/24/2011,"INVEST",,,
655,5/25/2011,"2010-11","2009-10","B",,100,25,,7/24/2011,4/12/2011,4/12/2011,"INVEST",,,
655,5/25/2011,"2010-11","2009-10","C",123,100,25,,7/24/2011,4/12/2011,4/12/2011,"INVEST",,,
550,5/25/2011,"2010-11","2009-10","B",,100,25,,7/24/2011,4/12/2011,4/12/2011,"INVEST",,,
550,5/25/2011,"2010-11","2009-10","C",123,100,25,,7/24/2011,4/12/2011,4/12/2011,"INVEST",,,
146,4/30/2011,"2010-11","2009-10","B",,100,35,,6/29/2011,4/4/2011,4/4/2011,"INVEST",,,
146,4/30/2011,"2010-11","2009-10","C",1051.5,100,35,,6/29/2011,4/4/2011,4/4/2011,"INVEST",,,
209,4/27/2011,"2010-11","2009-10","B",,100,75,,6/26/2011,3/28/2011,3/28/2011,"INVEST",,,
209,4/27/2011,"2010-11","2009-10","C",123,100,75,,6/26/2011,3/28/2011,3/28/2011,"INVEST",,,
138,7/26/2010,"2010-11","2009-10","R",,1,2,100,9/24/2010,5/15/2011,5/15/2011,"INVEST",,"2 R Against 1 H",
120,5/16/2011,"2010-11","2009-10","B",,100,28,,7/15/2011,4/10/2011,4/10/2011,"INVEST",,,
120,5/16/2011,"2010-11","2009-10","C",123,100,28,,7/15/2011,4/10/2011,4/10/2011,"INVEST",,,
209,4/27/2011,"2010-11","2009-10","F",600,,,,6/26/2011,3/28/2011,3/28/2011,"SHARE01",,"share dept",
106,4/24/2011,"2010-11","2009-10","B",,100,35,,6/23/2011,3/15/2011,3/15/2011,"INVEST",,,
106,4/24/2011,"2010-11","2009-10","C",123,100,35,,6/23/2011,3/15/2011,3/15/2011,"INVEST",,,
733,5/26/2011,"2010-11","2009-10","B",,100,20,,7/25/2011,4/13/2011,4/13/2011,"INVEST",,,
733,5/26/2011,"2010-11","2009-10","C",123,100,20,,7/25/2011,4/13/2011,4/13/2011,"INVEST",,,
621,5/3/2011,"2010-11","2009-10","F",40,,,,7/2/2011,4/10/2011,4/10/2011,"SHARE01",,"share dept",
719,5/30/2011,"2010-11","2009-10","B",,100,40,,7/29/2011,5/3/2011,5/3/2011,"INVEST",,,
719,5/30/2011,"2010-11","2009-10","C",123,100,40,,7/29/2011,5/3/2011,5/3/2011,"INVEST",,,
430,5/14/2011,"2010-11","2009-10","B",,100,10,,7/13/2011,4/17/2011,4/17/2011,"INVEST",,,
430,5/14/2011,"2010-11","2009-10","C",123,100,10,,7/13/2011,4/17/2011,4/17/2011,"INVEST",,,
107,5/19/2011,"2010-11","2009-10","B",,10,1,,7/18/2011,4/12/2011,4/12/2011,"INVEST",,,
107,5/19/2011,"2010-11","2009-10","C",123,10,1,,7/18/2011,4/12/2011,4/12/2011,"INVEST",,,
108,5/30/2011,"2010-11","2009-10","B",,100,25,,7/29/2011,5/4/2011,5/4/2011,"INVEST",,,
108,5/30/2011,"2010-11","2009-10","C",123,100,25,,7/29/2011,5/4/2011,5/4/2011,"INVEST",,,
308,5/14/2011,"2010-11","2009-10","B",,100,20,,7/13/2011,4/7/2011,4/7/2011,"INVEST",,,
736,5/19/2011,"2010-11","2009-10","B",,100,16,,7/18/2011,4/12/2011,4/12/2011,"INVEST",,,
736,5/19/2011,"2010-11","2009-10","C",123,100,16,,7/18/2011,4/12/2011,4/12/2011,"INVEST",,,
218,6/13/2011,"2010-11","2009-10","F",43,,,,8/12/2011,5/5/2011,5/5/2011,"SHARE01",,"SHARE DEPT",
109,5/15/2011,"2010-11","2009-10","F",20,,,,7/14/2011,3/24/2011,3/24/2011,"SHARE01",,"SHARE DEPT",
754,7/2/2011,"2011-12","2010-11","B",,100,15,,8/31/2011,5/10/2011,5/10/2011,"INVEST",,,
413,12/13/2010,"2010-11","2009-10","B",,1,9,,2/11/2011,12/13/2010,12/13/2010,"MERCHAN1",,,
752,12/8/2010,"2010-11","2009-10","B",,100,25,,2/6/2011,10/10/2010,10/10/2010,"MERCHAN1",,,
752,12/8/2010,"2010-11","2009-10","C",2400,100,25,,2/6/2011,10/10/2010,10/10/2010,"MERCHAN1",,".",
640,12/5/2010,"2010-11","2009-10","B",,100,10,,2/3/2011,11/9/2010,11/9/2010,"MERCHAN1",,,
640,12/5/2010,"2010-11","2009-10","C",600,100,10,,2/3/2011,11/9/2010,11/9/2010,"MERCHAN1",,".",
309,6/26/2010,"2009-10","2008-09","F",40,,,,8/25/2010,5/26/2010,5/26/2010,"SHARE01",,"Share Dept",
561,8/26/2010,"2010-11","2009-10","R",,1,1,10,10/25/2010,8/26/2010,8/26/2010,"SHARE01",,,
561,8/27/2010,"2010-11","2009-10","E",10,1,1,,10/26/2010,8/26/2010,8/26/2010,"SHARE01",,"-",
561,8/27/2010,"2010-11","2009-10","R",,1,1,10,10/26/2010,8/26/2010,8/26/2010,"SHARE01",,,
295,12/5/2010,"2010-11","2009-10","B",,100,25,,2/3/2011,11/9/2010,11/9/2010,"SHARE01",,,
295,12/5/2010,"2010-11","2009-10","D",,100,25,,2/3/2011,11/9/2010,11/9/2010,"SHARE01",,,
295,12/5/2010,"2010-11","2009-10","C",123,100,25,,2/3/2011,11/9/2010,11/9/2010,"INVEST",,,
561,12/2/2010,"2010-11","2009-10","B",,100,10,,1/31/2011,11/4/2010,11/4/2010,"INVEST",,,
561,12/2/2010,"2010-11","2009-10","C",123,100,10,,1/31/2011,11/4/2010,11/4/2010,"INVEST",,,
610,12/3/2010,"2010-11","2009-10","B",,100,20,,2/1/2011,11/8/2010,11/8/2010,"INVEST",,,
610,12/3/2010,"2010-11","2009-10","C",123,100,20,,2/1/2011,11/8/2010,11/8/2010,"INVEST",,,
717,12/30/2010,"2010-11","2009-10","B",,1,9,,2/28/2011,12/30/2010,12/30/2010,"INVEST",,"Stock Split",
289,12/4/2010,"2010-11","2009-10","B",,5,1,,2/2/2011,11/10/2010,11/10/2010,"INVEST",,,
289,12/4/2010,"2010-11","2009-10","C",123,5,1,,2/2/2011,11/10/2010,11/10/2010,"INVEST",,,
629,12/15/2010,"2010-11","2009-10","B",,10,1,,2/13/2011,11/23/2010,11/23/2010,"INVEST",,,
143,2/3/2011,"2010-11","2009-10","B",,1,9,,4/4/2011,2/3/2011,2/3/2011,"INVEST",,"Stock Split",
278,12/23/2010,"2010-11","2009-10","F",30,,,,2/21/2011,11/4/2010,11/4/2010,"SHARE01",,"Share Dept",
475,12/26/2010,"2010-11","2009-10","F",20,,,,2/24/2011,11/9/2010,11/9/2010,"SHARE01",,"share dept",
654,3/20/2011,"2010-11","2009-10","F",15,,,,5/19/2011,2/10/2011,2/10/2011,"SHARE01",,"share dept",
549,4/19/2011,"2010-11","2009-10","F",85,,,,6/18/2011,2/20/2011,2/20/2011,"SHARE01",,"share dept",
235,12/22/2010,"2010-11","2009-10","F",10,,,,2/20/2011,11/15/2010,11/15/2010,"SHARE01",,"-",
418,12/30/2010,"2010-11","2009-10","F",5,,,,2/28/2011,12/18/2010,12/18/2010,"SHARE13",,"share dept",
293,12/27/2010,"2010-11","2009-10","F",5,,,,2/25/2011,11/24/2010,11/24/2010,"SHARE13",,"share dept",
105,3/15/2011,"2010-11","2009-10","C",123,100,95,,5/14/2011,2/23/2011,2/23/2011,"INVEST",,,
114,3/22/2011,"2010-11","2009-10","B",,5,1,,5/21/2011,3/6/2011,3/6/2011,"INVEST",,,
114,3/22/2011,"2010-11","2009-10","C",123,5,1,,5/21/2011,3/6/2011,3/6/2011,"INVEST",,,
427,12/28/2010,"2010-11","2009-10","F",10,,,,2/26/2011,12/23/2010,12/23/2010,"SHARE01",,"share dept",
127,3/24/2011,"2010-11","2009-10","F",10,,,,5/23/2011,3/6/2011,3/6/2011,"SHARE01",,"share dept",
305,5/26/2011,"2010-11","2009-10","B",,100,30,,7/25/2011,4/10/2011,4/10/2011,"INVEST",,,
305,5/26/2011,"2010-11","2009-10","C",123,100,30,,7/25/2011,4/10/2011,4/10/2011,"INVEST",,,
112,6/6/2011,"2010-11","2009-10","B",,100,26,,8/5/2011,4/10/2011,4/10/2011,"INVEST",,,
112,6/6/2011,"2010-11","2009-10","C",123,100,26,,8/5/2011,4/10/2011,4/10/2011,"INVEST",,,
294,5/31/2011,"2010-11","2009-10","B",,100,15,,7/30/2011,5/15/2011,5/15/2011,"INVEST",,,
231,5/31/2011,"2010-11","2009-10","B",,100,20,,7/30/2011,4/12/2011,4/12/2011,"INVEST",,,
231,5/31/2011,"2010-11","2009-10","C",123,100,20,,7/30/2011,4/12/2011,4/12/2011,"INVEST",,,
301,5/12/2011,"2010-11","2009-10","F",100,,,,7/11/2011,3/23/2011,3/23/2011,"INVEST",,,
106,4/24/2011,"2010-11","2009-10","F",5,,,,6/23/2011,3/15/2011,3/15/2011,"INVEST",,,
950,3/24/2011,"2010-11","2009-10","F",12.35,,,,5/23/2011,4/13/2011,4/13/2011,"SHARE24",,"-",
134,6/1/2011,"2010-11","2009-10","B",,100,5,,7/31/2011,4/11/2011,4/11/2011,"INVEST",,,
134,6/1/2011,"2010-11","2009-10","C",123,100,5,,7/31/2011,4/11/2011,4/11/2011,"INVEST",,,
747,5/24/2011,"2010-11","2009-10","B",,100,20,,7/23/2011,4/4/2011,4/4/2011,"INVEST",,,
747,5/24/2011,"2010-11","2009-10","C",123,100,20,,7/23/2011,4/4/2011,4/4/2011,"INVEST",,,
133,6/2/2011,"2010-11","2009-10","B",,100,10,,8/1/2011,4/20/2011,4/20/2011,"INVEST",,,
133,6/2/2011,"2010-11","2009-10","C",123,100,10,,8/1/2011,4/20/2011,4/20/2011,"INVEST",,,
721,5/30/2011,"2010-11","2009-10","B",,100,25,,7/29/2011,5/9/2011,5/9/2011,"INVEST",,,
721,5/30/2011,"2010-11","2009-10","C",123,100,25,,7/29/2011,5/9/2011,5/9/2011,"INVEST",,,
497,6/9/2011,"2010-11","2009-10","B",,100,15,,8/8/2011,4/27/2011,4/27/2011,"INVEST",,,
125,6/9/2011,"2010-11","2009-10","B",,100,35,,8/8/2011,4/10/2011,4/10/2011,"INVEST",,,
125,6/9/2011,"2010-11","2009-10","C",123,100,35,,8/8/2011,4/10/2011,4/10/2011,"INVEST",,,
644,5/5/2011,"2010-11","2009-10","R",,1,1,10,7/4/2011,5/5/2011,5/5/2011,"SHARE14",,,
742,6/14/2011,"2010-11","2009-10","B",,100,10,,8/13/2011,5/5/2011,5/5/2011,"INVEST",,,
742,6/14/2011,"2010-11","2009-10","C",123,100,10,,8/13/2011,5/5/2011,5/5/2011,"INVEST",,,
447,5/26/2011,"2010-11","2009-10","B",,100,16,,7/25/2011,5/4/2011,5/4/2011,"INVEST",,,
312,6/12/2011,"2010-11","2009-10","B",,100,20,,8/11/2011,5/12/2011,5/12/2011,"INVEST",,,
217,12/11/2010,"2010-11","2009-10","F",25,,,,2/9/2011,11/10/2010,11/10/2010,"SHARE01",,"share dept",
137,6/9/2011,"2010-11","2009-10","B",,100,75,,8/8/2011,4/28/2011,4/28/2011,"INVEST",,,
137,6/9/2011,"2010-11","2009-10","C",123,100,75,,8/8/2011,4/28/2011,4/28/2011,"INVEST",,,
141,6/20/2011,"2010-11","2009-10","B",,100,15,,8/19/2011,5/3/2011,5/3/2011,"INVEST",,,
141,6/20/2011,"2010-11","2009-10","C",123,100,15,,8/19/2011,5/3/2011,5/3/2011,"INVEST",,,
230,6/18/2011,"2010-11","2009-10","B",,100,10,,8/17/2011,5/10/2011,5/10/2011,"INVEST",,,
230,6/18/2011,"2010-11","2009-10","C",123,100,10,,8/17/2011,5/10/2011,5/10/2011,"INVEST",,,
739,6/20/2011,"2010-11","2009-10","B",,100,12,,8/19/2011,4/27/2011,4/27/2011,"INVEST",,,
739,6/20/2011,"2010-11","2009-10","C",123,100,12,,8/19/2011,4/27/2011,4/27/2011,"INVEST",,,
457,6/18/2011,"2010-11","2009-10","B",,100,25,,8/17/2011,5/11/2011,5/11/2011,"INVEST",,,
457,6/18/2011,"2010-11","2009-10","C",123,100,25,,8/17/2011,5/11/2011,5/11/2011,"INVEST",,,
465,6/23/2011,"2010-11","2009-10","B",,100,20,,8/22/2011,5/16/2011,5/16/2011,"INVEST",,,
465,6/23/2011,"2010-11","2009-10","C",123,100,20,,8/22/2011,5/16/2011,5/16/2011,"INVEST",,,
482,5/25/2011,"2010-11","2009-10","B",,1166.94,1000,,7/24/2011,5/25/2011,5/25/2011,"INVEST",,,
241,3/11/2010,"2010-11","2009-10","E",100,1,1,,5/10/2010,2/11/2010,2/11/2010,"INVEST",,,220
220,6/4/2011,"2010-11","2009-10","B",,100,25,,8/3/2011,5/11/2011,5/11/2011,"INVEST",,,
220,6/4/2011,"2010-11","2009-10","C",123,100,25,,8/3/2011,5/11/2011,5/11/2011,"INVEST",,,
755,6/21/2011,"2010-11","2009-10","B",,100,10,,8/20/2011,5/10/2011,5/10/2011,"INVEST",,,
755,6/21/2011,"2010-11","2009-10","C",123,100,10,,8/20/2011,5/10/2011,5/10/2011,"INVEST",,,
449,6/16/2011,"2010-11","2009-10","B",,100,20,,8/15/2011,5/10/2011,5/10/2011,"INVEST",,,
449,6/16/2011,"2010-11","2009-10","C",123,100,20,,8/15/2011,5/10/2011,5/10/2011,"INVEST",,,
618,6/30/2011,"2010-11","2009-10","B",,100,50,,8/29/2011,5/11/2011,5/11/2011,"INVEST",,,
419,6/30/2011,"2010-11","2009-10","B",,100,15,,8/29/2011,5/11/2011,5/11/2011,"INVEST",,,
419,6/30/2011,"2010-11","2009-10","C",123,100,15,,8/29/2011,5/11/2011,5/11/2011,"INVEST",,,
452,7/2/2011,"2011-12","2010-11","B",,100,20,,8/31/2011,5/11/2011,5/11/2011,"INVEST",,,
452,7/2/2011,"2011-12","2010-11","C",123,100,20,,8/31/2011,5/11/2011,5/11/2011,"INVEST",,,
472,6/30/2011,"2010-11","2009-10","B",,100,15,,8/29/2011,5/11/2011,5/11/2011,"INVEST",,,
472,6/30/2011,"2010-11","2009-10","C",123,100,15,,8/29/2011,5/11/2011,5/11/2011,"INVEST",,,
644,2/19/2011,"2010-11","2009-10","R",,1,1,10,4/20/2011,5/5/2011,5/5/2011,"INVEST",,,
618,6/30/2011,"2010-11","2009-10","C",123,100,50,,8/29/2011,5/11/2011,5/11/2011,"INVEST",,,
718,6/20/2011,"2010-11","2009-10","B",,100,5,,8/19/2011,5/18/2011,5/18/2011,"INVEST",,,
718,6/20/2011,"2010-11","2009-10","C",123,100,5,,8/19/2011,5/18/2011,5/18/2011,"INVEST",,,
762,6/28/2011,"2010-11","2009-10","B",,100,12,,8/27/2011,5/26/2011,5/26/2011,"INVEST",,,
624,6/20/2011,"2010-11","2009-10","B",,100,15,,8/19/2011,5/12/2011,5/12/2011,"INVEST",,,
624,6/20/2011,"2010-11","2009-10","C",123,100,15,,8/19/2011,5/12/2011,5/12/2011,"INVEST",,,
754,7/2/2011,"2011-12","2010-11","C",123,100,15,,8/31/2011,5/10/2011,5/10/2011,"INVEST",,,
557,6/30/2011,"2010-11","2009-10","C",123,100,10,,8/29/2011,5/18/2011,5/18/2011,"INVEST",,,
731,6/23/2011,"2010-11","2009-10","B",,100,12.5,,8/22/2011,5/5/2011,5/5/2011,"INVEST",,,
731,6/23/2011,"2010-11","2009-10","C",123,100,12.5,,8/22/2011,5/5/2011,5/5/2011,"INVEST",,,
309,5/7/2011,"2010-11","2009-10","F",45,,,,7/6/2011,3/28/2011,3/28/2011,"SHARE01",,"share dept",
101,7/12/2011,"2011-12","2010-11","F",10,,,,9/10/2011,5/19/2011,5/19/2011,"SHARE01",,"share dept",
656,9/20/2011,"2011-12","2010-11","R",,1,1,5,11/19/2011,8/18/2011,8/18/2011,"SHARE14",,,
164,8/9/2011,"2011-12","2010-11","F",36,,,,10/8/2011,8/9/2011,8/9/2011,"SHARE01",,"-",
468,6/30/2011,"2010-11","2009-10","F",10,,,,8/29/2011,6/8/2011,6/8/2011,"SHARE01",,"-",
212,11/30/2011,"2011-12","2010-11","B",,1,9,,1/28/2012,11/30/2011,11/30/2011,"MERCHAN1",,"Stock Split Face Val 100 to 10",
215,11/30/2011,"2011-12","2010-11","B",,1,9,,1/28/2012,11/30/2011,11/30/2011,"MERCHAN1",,"Stock Split Face Val 100 to 10",
217,11/30/2011,"2011-12","2010-11","B",,1,9,,1/28/2012,12/1/2011,12/1/2011,"MERCHAN1",,"Stock Split Face Val 100 to 10",
218,11/30/2011,"2011-12","2010-11","B",,1,9,,1/28/2012,11/30/2011,11/30/2011,"MERCHAN1",,"Stock Split Face Val 100 to 10",
220,11/30/2011,"2011-12","2010-11","B",,1,9,,1/28/2012,11/30/2011,11/30/2011,"MERCHAN1",,"Stock Split Face Val 100 to 10",
223,11/30/2011,"2011-12","2010-11","B",,1,9,,1/28/2012,11/30/2011,11/30/2011,"MERCHAN1",,"Stock Split Face Val 100 to 10",
224,11/30/2011,"2011-12","2010-11","B",,1,9,,1/28/2012,11/30/2011,11/30/2011,"MERCHAN1",,"Stock Split Face Val 100 to 10",
229,11/30/2011,"2011-12","2010-11","B",,1,9,,1/28/2012,11/30/2011,11/30/2011,"MERCHAN1",,"Stock Split Face Val 100 to 10",
231,11/30/2011,"2011-12","2010-11","B",,1,9,,1/28/2012,11/30/2011,11/30/2011,"MERCHAN1",,"Stock Split Face Val 100 to 10",
254,11/30/2011,"2011-12","2010-11","B",,1,9,,1/28/2012,11/30/2011,11/30/2011,"MERCHAN1",,"Stock Split Face Val 100 to 10",
257,11/30/2011,"2011-12","2010-11","B",,1,9,,1/28/2012,11/30/2011,11/30/2011,"MERCHAN1",,"Stock Split Face Val 100 to 10",
261,11/30/2011,"2011-12","2010-11","B",,1,9,,1/28/2012,11/30/2011,11/30/2011,"MERCHAN1",,"Stock Split Face Val 100 to 10",
262,11/30/2011,"2011-12","2010-11","B",,1,9,,1/28/2012,11/30/2011,11/30/2011,"MERCHAN1",,"Stock Split Face Val 100 to 10",
270,11/30/2011,"2011-12","2010-11","B",,1,9,,1/28/2012,11/30/2011,11/30/2011,"MERCHAN1",,"Stock Split Face Val 100 to 10",
278,11/30/2011,"2011-12","2010-11","B",,1,9,,1/28/2012,11/30/2011,11/30/2011,"MERCHAN1",,"Stock Split Face Val 100 to 10",
281,11/30/2011,"2011-12","2010-11","B",,1,9,,1/28/2012,11/30/2011,11/30/2011,"MERCHAN1",,"Stock Split Face Val 100 to 10",
306,11/30/2011,"2011-12","2010-11","B",,1,9,,1/28/2012,11/30/2011,11/30/2011,"MERCHAN1",,"Stock Split Face Val 100 to 10",
307,11/30/2011,"2011-12","2010-11","B",,1,9,,1/28/2012,11/30/2011,11/30/2011,"MERCHAN1",,"Stock Split Face Val 100 to 10",
310,11/30/2011,"2011-12","2010-11","B",,1,9,,1/28/2012,11/30/2011,11/30/2011,"MERCHAN1",,"Stock Split Face Val 100 to 10",
355,11/30/2011,"2011-12","2010-11","B",,1,9,,1/28/2012,11/30/2011,11/30/2011,"MERCHAN1",,"Stock Split Face Val 100 to 10",
360,11/30/2011,"2011-12","2010-11","B",,1,9,,1/28/2012,11/30/2011,11/30/2011,"MERCHAN1",,"Stock Split Face Val 100 to 10",
408,11/30/2011,"2011-12","2010-11","B",,1,9,,1/28/2012,11/30/2011,11/30/2011,"MERCHAN1",,"Stock Split Face Val 100 to 10",
410,11/30/2011,"2011-12","2010-11","B",,1,9,,1/28/2012,11/30/2011,11/30/2011,"MERCHAN1",,"Stock Split Face Val 100 to 10",
415,11/30/2011,"2011-12","2010-11","B",,1,9,,1/28/2012,11/30/2011,11/30/2011,"MERCHAN1",,"Stock Split Face Val 100 to 10",
416,11/30/2011,"2011-12","2010-11","B",,1,9,,1/28/2012,11/30/2011,11/30/2011,"MERCHAN1",,"Stock Split Face Val 100 to 10",
417,11/30/2011,"2011-12","2010-11","B",,1,9,,1/28/2012,11/30/2011,11/30/2011,"MERCHAN1",,"Stock Split Face Val 100 to 10",
420,11/30/2011,"2011-12","2010-11","B",,1,9,,1/28/2012,11/30/2011,11/30/2011,"MERCHAN1",,"Stock Split Face Val 100 to 10",
423,11/30/2011,"2011-12","2010-11","B",,1,9,,1/28/2012,11/30/2011,11/30/2011,"MERCHAN1",,"Stock Split Face Val 100 to 10",
427,11/30/2011,"2011-12","2010-11","B",,1,9,,1/28/2012,11/30/2011,11/30/2011,"MERCHAN1",,"Stock Split Face Val 100 to 10",
430,11/30/2011,"2011-12","2010-11","B",,1,9,,1/28/2012,11/30/2011,11/30/2011,"MERCHAN1",,"Stock Split Face Val 100 to 10",
436,11/30/2011,"2011-12","2010-11","B",,1,9,,1/28/2012,11/30/2011,11/30/2011,"MERCHAN1",,"Stock Split Face Val 100 to 10",
441,11/30/2011,"2011-12","2010-11","B",,1,9,,1/28/2012,11/30/2011,11/30/2011,"MERCHAN1",,"Stock Split Face Val 100 to 10",
442,11/30/2011,"2011-12","2010-11","B",,1,9,,1/28/2012,11/30/2011,11/30/2011,"MERCHAN1",,"Stock Split Face Val 100 to 10",
443,11/30/2011,"2011-12","2010-11","B",,1,9,,1/28/2012,11/30/2011,11/30/2011,"MERCHAN1",,"Stock Split Face Val 100 to 10",
447,11/30/2011,"2011-12","2010-11","B",,1,9,,1/28/2012,11/30/2011,11/30/2011,"MERCHAN1",,"Stock Split Face Val 100 to 10",
457,11/30/2011,"2011-12","2010-11","B",,1,9,,1/28/2012,11/30/2011,11/30/2011,"MERCHAN1",,"Stock Split Face Val 100 to 10",
462,11/30/2011,"2011-12","2010-11","B",,1,9,,1/28/2012,11/30/2011,11/30/2011,"MERCHAN1",,"Stock Split Face Val 100 to 10",
464,11/30/2011,"2011-12","2010-11","B",,1,9,,1/28/2012,11/30/2011,11/30/2011,"MERCHAN1",,"Stock Split Face Val 100 to 10",
465,11/30/2011,"2011-12","2010-11","B",,1,9,,1/28/2012,11/30/2011,11/30/2011,"MERCHAN1",,"Stock Split Face Val 100 to 10",
472,11/30/2011,"2011-12","2010-11","B",,1,9,,1/28/2012,11/30/2011,11/30/2011,"MERCHAN1",,"Stock Split Face Val 100 to 10",
474,11/30/2011,"2011-12","2010-11","B",,1,9,,1/28/2012,11/30/2011,11/30/2011,"MERCHAN1",,"Stock Split Face Val 100 to 10",
475,11/30/2011,"2011-12","2010-11","B",,1,9,,1/28/2012,11/30/2011,11/30/2011,"MERCHAN1",,"Stock Split Face Val 100 to 10",
476,11/30/2011,"2011-12","2010-11","B",,1,9,,1/28/2012,11/30/2011,11/30/2011,"MERCHAN1",,"Stock Split Face Val 100 to 10",
477,11/30/2011,"2011-12","2010-11","B",,1,9,,1/28/2012,11/30/2011,11/30/2011,"MERCHAN1",,"Stock Split Face Val 100 to 10",
553,11/30/2011,"2011-12","2010-11","B",,1,9,,1/28/2012,11/30/2011,11/30/2011,"MERCHAN1",,"Stock Split Face Val 100 to 10",
601,11/30/2011,"2011-12","2010-11","B",,1,9,,1/28/2012,11/30/2011,11/30/2011,"MERCHAN1",,"Stock Split Face Val 100 to 10",
605,11/30/2011,"2011-12","2010-11","B",,1,9,,1/28/2012,11/30/2011,11/30/2011,"MERCHAN1",,"Stock Split Face Val 100 to 10",
607,11/30/2011,"2011-12","2010-11","B",,1,9,,1/28/2012,11/30/2011,11/30/2011,"MERCHAN1",,"Stock Split Face Val 100 to 10",
610,11/30/2011,"2011-12","2010-11","B",,1,9,,1/28/2012,11/30/2011,11/30/2011,"MERCHAN1",,"Stock Split Face Val 100 to 10",
613,11/30/2011,"2011-12","2010-11","B",,1,9,,1/28/2012,11/30/2011,11/30/2011,"MERCHAN1",,"Stock Split Face Val 100 to 10",
615,11/30/2011,"2011-12","2010-11","B",,1,9,,1/28/2012,11/30/2011,11/30/2011,"MERCHAN1",,"Stock Split Face Val 100 to 10",
621,11/30/2011,"2011-12","2010-11","B",,1,9,,1/28/2012,11/30/2011,11/30/2011,"MERCHAN1",,"Stock Split Face Val 100 to 10",
622,11/30/2011,"2011-12","2010-11","B",,1,9,,1/28/2012,11/30/2011,11/30/2011,"MERCHAN1",,"Stock Split Face Val 100 to 10",
629,11/30/2011,"2011-12","2010-11","B",,1,9,,1/28/2012,11/30/2011,11/30/2011,"MERCHAN1",,"Stock Split Face Val 100 to 10",
634,11/30/2011,"2011-12","2010-11","B",,1,9,,1/28/2012,11/30/2011,11/30/2011,"MERCHAN1",,"Stock Split Face Val 100 to 10",
640,11/30/2011,"2011-12","2010-11","B",,1,9,,1/28/2012,11/30/2011,11/30/2011,"MERCHAN1",,"Stock Split Face Val 100 to 10",
641,11/30/2011,"2011-12","2010-11","B",,1,9,,1/28/2012,11/30/2011,11/30/2011,"MERCHAN1",,"Stock Split Face Val 100 to 10",
643,11/30/2011,"2011-12","2010-11","B",,1,9,,1/28/2012,11/30/2011,11/30/2011,"MERCHAN1",,"Stock Split Face Val 100 to 10",
653,7/2/2011,"2011-12","2010-11","B",,100,15,,8/31/2011,5/11/2011,5/11/2011,"INVEST",,,
653,7/2/2011,"2011-12","2010-11","C",123,100,15,,8/31/2011,5/11/2011,5/11/2011,"INVEST",,,
445,7/10/2011,"2011-12","2010-11","B",,100,12.5,,9/8/2011,5/15/2011,5/15/2011,"INVEST",,,
717,7/27/2011,"2011-12","2010-11","B",,100,48,,9/25/2011,7/11/2011,7/11/2011,"INVEST",,,
717,7/27/2011,"2011-12","2010-11","C",123,100,48,,9/25/2011,7/11/2011,7/11/2011,"INVEST",,,
753,7/30/2011,"2011-12","2010-11","B",,100,12,,9/28/2011,5/30/2011,5/30/2011,"INVEST",,,
753,7/30/2011,"2011-12","2010-11","C",123,100,12,,9/28/2011,5/30/2011,5/30/2011,"INVEST",,,
761,7/21/2011,"2011-12","2010-11","B",,100,20,,9/19/2011,5/22/2011,5/22/2011,"INVEST",,,
153,8/14/2011,"2011-12","2010-11","F",250,,,,10/13/2011,8/14/2011,8/14/2011,"SHARE01",,"-",
154,8/14/2011,"2011-12","2010-11","F",185,,,,10/13/2011,8/14/2011,8/14/2011,"SHARE01",,"-",
727,8/3/2011,"2011-12","2010-11","B",,100,37,,10/2/2011,6/23/2011,6/23/2011,"INVEST",,,
727,8/3/2011,"2011-12","2010-11","C",123,100,37,,10/2/2011,6/23/2011,6/23/2011,"INVEST",,,
102,8/14/2011,"2011-12","2010-11","B",,100,30,,10/13/2011,4/20/2011,4/20/2011,"INVEST",,,
145,7/5/2011,"2011-12","2010-11","R",,1,2,0,9/3/2011,8/8/2011,8/8/2011,"INVEST",,,
746,3/30/2011,"2010-11","2009-10","R",,1,1,0,5/29/2011,8/11/2011,8/11/2011,"INVEST",,,
137,6/9/2011,"2010-11","2009-10","F",7.5,,,,8/8/2011,4/28/2011,4/28/2011,"SHARE01",,"share dept",
162,8/9/2011,"2011-12","2010-11","F",55,,,,10/8/2011,8/9/2011,8/9/2011,"SHARE01",,"-",
652,11/30/2011,"2011-12","2010-11","B",,1,9,,1/28/2012,11/30/2011,11/30/2011,"MERCHAN1",,"Stock Split Face Val 100 to 10",
718,11/30/2011,"2011-12","2010-11","B",,1,9,,1/28/2012,11/30/2011,11/30/2011,"MERCHAN1",,"Stock Split Face Val 100 to 10",
721,11/30/2011,"2011-12","2010-11","B",,1,9,,1/28/2012,11/30/2011,11/30/2011,"MERCHAN1",,"Stock Split Face Val 100 to 10",
724,11/30/2011,"2011-12","2010-11","B",,1,9,,1/28/2012,11/30/2011,11/30/2011,"MERCHAN1",,"Stock Split Face Val 100 to 10",
725,11/30/2011,"2011-12","2010-11","B",,1,9,,1/28/2012,11/30/2011,11/30/2011,"MERCHAN1",,"Stock Split Face Val 100 to 10",
726,11/30/2011,"2011-12","2010-11","B",,1,9,,1/28/2012,11/30/2011,11/30/2011,"MERCHAN1",,"Stock Split Face Val 100 to 10",
731,11/30/2011,"2011-12","2010-11","B",,1,9,,1/28/2012,11/30/2011,11/30/2011,"MERCHAN1",,"Stock Split Face Val 100 to 10",
733,11/30/2011,"2011-12","2010-11","B",,1,9,,1/28/2012,11/30/2011,11/30/2011,"MERCHAN1",,"Stock Split Face Val 100 to 10",
734,11/30/2011,"2011-12","2010-11","B",,1,9,,1/28/2012,11/30/2011,11/30/2011,"MERCHAN1",,"Stock Split Face Val 100 to 10",
735,11/30/2011,"2011-12","2010-11","B",,1,9,,1/28/2012,11/30/2011,11/30/2011,"MERCHAN1",,"Stock Split Face Val 100 to 10",
736,11/30/2011,"2011-12","2010-11","B",,1,9,,1/28/2012,11/30/2011,11/30/2011,"MERCHAN1",,"Stock Split Face Val 100 to 10",
737,11/30/2011,"2011-12","2010-11","B",,1,9,,1/28/2012,11/30/2011,11/30/2011,"MERCHAN1",,"Stock Split Face Val 100 to 10",
738,11/30/2011,"2011-12","2010-11","B",,1,9,,1/28/2012,11/30/2011,11/30/2011,"MERCHAN1",,"Stock Split Face Val 100 to 10",
739,11/30/2011,"2011-12","2010-11","B",,1,9,,1/28/2012,11/30/2011,11/30/2011,"MERCHAN1",,"Stock Split Face Val 100 to 10",
741,11/30/2011,"2011-12","2010-11","B",,1,9,,1/28/2012,11/30/2011,11/30/2011,"MERCHAN1",,"Stock Split Face Val 100 to 10",
742,11/30/2011,"2011-12","2010-11","B",,1,9,,1/28/2012,11/30/2011,11/30/2011,"MERCHAN1",,"Stock Split Face Val 100 to 10",
745,11/30/2011,"2011-12","2010-11","B",,1,9,,1/28/2012,11/30/2011,11/30/2011,"MERCHAN1",,"Stock Split Face Val 100 to 10",
746,11/30/2011,"2011-12","2010-11","B",,1,9,,1/28/2012,11/30/2011,11/30/2011,"MERCHAN1",,"Stock Split Face Val 100 to 10",
747,11/30/2011,"2011-12","2010-11","B",,1,9,,1/28/2012,11/30/2011,11/30/2011,"MERCHAN1",,"Stock Split Face Val 100 to 10",
748,11/30/2011,"2011-12","2010-11","B",,1,9,,1/28/2012,11/30/2011,11/30/2011,"MERCHAN1",,"Stock Split Face Val 100 to 10",
750,11/30/2011,"2011-12","2010-11","B",,1,9,,1/28/2012,11/30/2011,11/30/2011,"MERCHAN1",,"Stock Split Face Val 100 to 10",
751,11/30/2011,"2011-12","2010-11","B",,1,9,,1/28/2012,11/30/2011,11/30/2011,"MERCHAN1",,"Stock Split Face Val 100 to 10",
752,11/30/2011,"2011-12","2010-11","B",,1,9,,1/28/2012,11/30/2011,11/30/2011,"MERCHAN1",,"Stock Split Face Val 100 to 10",
754,11/30/2011,"2011-12","2010-11","B",,1,9,,1/28/2012,11/30/2011,11/30/2011,"MERCHAN1",,"Stock Split Face Val 100 to 10",
755,11/30/2011,"2011-12","2010-11","B",,1,9,,1/28/2012,11/30/2011,11/30/2011,"MERCHAN1",,"Stock Split Face Val 100 to 10",
756,11/30/2011,"2011-12","2010-11","B",,1,9,,1/28/2012,11/30/2011,11/30/2011,"MERCHAN1",,"Stock Split Face Val 100 to 10",
757,11/30/2011,"2011-12","2010-11","B",,1,9,,1/28/2012,11/30/2011,11/30/2011,"MERCHAN1",,"Stock Split Face Val 100 to 10",
758,11/30/2011,"2011-12","2010-11","B",,1,9,,1/28/2012,11/30/2011,11/30/2011,"MERCHAN1",,"Stock Split Face Val 100 to 10",
760,11/30/2011,"2011-12","2010-11","B",,1,9,,1/28/2012,11/30/2011,11/30/2011,"MERCHAN1",,"Stock Split Face Val 100 to 10",
761,11/30/2011,"2011-12","2010-11","B",,1,9,,1/28/2012,11/30/2011,11/30/2011,"MERCHAN1",,"Stock Split Face Val 100 to 10",
762,11/30/2011,"2011-12","2010-11","B",,1,9,,1/28/2012,11/30/2011,11/30/2011,"MERCHAN1",,"Stock Split Face Val 100 to 10",
763,11/30/2011,"2011-12","2010-11","B",,1,9,,1/28/2012,11/30/2011,11/30/2011,"MERCHAN1",,"Stock Split Face Val 100 to 10",
317,9/21/2011,"2011-12","2010-11","F",15,,,,11/20/2011,8/14/2011,8/14/2011,"SHARE01",,"-",
415,11/23/2011,"2011-12","2010-11","F",70,,,,1/22/2012,11/22/2011,11/22/2011,"SHARE01",,"-",
410,11/24/2011,"2011-12","2010-11","F",50,,,,1/23/2012,11/2/2011,11/2/2011,"INVEST",,"-",
560,12/22/2011,"2011-12","2010-11","B",,100,5,,2/20/2012,11/15/2011,11/15/2011,"INVEST",,,
560,12/22/2011,"2011-12","2010-11","C",123,100,5,,2/20/2012,11/15/2011,11/15/2011,"INVEST",,,
259,11/25/2011,"2011-12","2010-11","I",50,,,,1/24/2012,11/14/2011,11/14/2011,"SHARE01",,"-",
202,12/29/2011,"2011-12","2010-11","B",,100,50,,2/27/2012,12/5/2011,12/5/2011,"INVEST",,,
212,12/29/2011,"2011-12","2010-11","B",,100,50,,2/27/2012,11/22/2011,11/22/2011,"INVEST",,,
212,12/29/2011,"2011-12","2010-11","C",123,100,50,,2/27/2012,11/22/2011,11/22/2011,"INVEST",,,
556,12/22/2011,"2011-12","2010-11","B",,100,5,,2/20/2012,11/22/2011,11/22/2011,"INVEST",,,
556,12/22/2011,"2011-12","2010-11","C",123,100,5,,2/20/2012,11/22/2011,11/22/2011,"INVEST",,,
464,12/18/2011,"2011-12","2010-11","F",40,,,,2/16/2012,11/23/2011,11/23/2011,"SHARE01",,"-",
235,12/20/2011,"2011-12","2010-11","F",20,,,,2/18/2012,12/5/2011,12/5/2011,"SHARE01",,"-",
202,12/29/2011,"2011-12","2010-11","F",10,,,,2/27/2012,12/5/2011,12/5/2011,"SHARE01",,"-",
436,12/24/2011,"2011-12","2010-11","F",100,,,,2/22/2012,11/15/2011,11/15/2011,"SHARE01",,"-",
281,12/22/2011,"2011-12","2010-11","F",10,,,,2/20/2012,12/7/2011,12/7/2011,"SHARE01",,"-",
210,12/20/2011,"2011-12","2010-11","F",20,,,,2/18/2012,12/5/2011,12/5/2011,"SHARE01",,"-",
170,2/9/2012,"2011-12","2010-11","F",2.2,,,,4/9/2012,2/8/2012,2/8/2012,"SHARE01",,"-",
602,6/25/2011,"2010-11","2009-10","F",40,,,,8/24/2011,5/16/2011,5/16/2011,"SHARE01",,"-",
485,2/12/2012,"2011-12","2010-11","I",100,,,,4/12/2012,2/1/2012,2/1/2012,"SHARE01",,"-",
427,12/22/2011,"2011-12","2010-11","F",100,,,,2/20/2012,11/21/2011,11/21/2011,"SHARE14",,"-",
308,2/11/2012,"2011-12","2010-11","F",30,,,,4/11/2012,12/19/2011,12/19/2011,"SHARE01",,"-",
307,2/18/2012,"2011-12","2010-11","F",15,,,,4/18/2012,12/26/2011,12/26/2011,"SHARE01",,"-",
309,2/25/2012,"2011-12","2010-11","F",35,,,,4/25/2012,1/5/2012,1/5/2012,"SHARE01",,"-",
309,2/25/2012,"2011-12","2010-11","C",123,100,30,,4/25/2012,1/5/2012,1/5/2012,"INVEST",,,
264,12/22/2011,"2011-12","2010-11","F",3,,,,2/20/2012,11/30/2011,11/30/2011,"SHARE14",,"-",
127,3/22/2012,"2011-12","2010-11","B",,100,20,,5/21/2012,3/5/2012,3/5/2012,"MERCHAN1",,,
127,3/22/2012,"2011-12","2010-11","C",39.89,100,20,,5/21/2012,3/5/2012,3/5/2012,"MERCHAN1",,,
115,3/29/2012,"2011-12","2010-11","B",,100,30,,5/28/2012,2/28/2012,2/28/2012,"MERCHAN1",,,
115,3/29/2012,"2011-12","2010-11","C",44.22,100,30,,5/28/2012,2/28/2012,2/28/2012,"MERCHAN1",,,
135,3/29/2012,"2011-12","2010-11","B",,100,25,,5/28/2012,3/6/2012,3/6/2012,"MERCHAN1",,,
749,6/23/2011,"2010-11","2009-10","B",,100,12,,8/22/2011,5/4/2011,5/4/2011,"INVEST",,,
725,6/26/2011,"2010-11","2009-10","B",,100,10,,8/25/2011,5/16/2011,5/16/2011,"INVEST",,,
725,6/26/2011,"2010-11","2009-10","C",123,100,10,,8/25/2011,5/16/2011,5/16/2011,"INVEST",,,
142,6/29/2011,"2010-11","2009-10","B",,100,20,,8/28/2011,5/11/2011,5/11/2011,"INVEST",,,
145,7/5/2011,"2011-12","2010-11","B",,100,12,,9/3/2011,5/18/2011,5/18/2011,"INVEST",,,
145,7/5/2011,"2011-12","2010-11","C",123,100,12,,9/3/2011,5/18/2011,5/18/2011,"INVEST",,,
726,7/9/2011,"2011-12","2010-11","B",,100,10,,9/7/2011,5/16/2011,5/16/2011,"INVEST",,,
726,7/9/2011,"2011-12","2010-11","C",123,100,10,,9/7/2011,5/16/2011,5/16/2011,"INVEST",,,
143,7/7/2011,"2011-12","2010-11","B",,100,20,,9/5/2011,5/12/2011,5/12/2011,"INVEST",,,
155,8/14/2011,"2011-12","2010-11","F",165,,,,10/13/2011,8/14/2011,8/14/2011,"SHARE01",,"-",
499,7/4/2011,"2011-12","2010-11","B",,100,5,,9/2/2011,6/15/2011,6/15/2011,"INVEST",,,
152,8/14/2011,"2011-12","2010-11","F",500,,,,10/13/2011,8/14/2011,8/14/2011,"SHARE01",,"-",
156,8/14/2011,"2011-12","2010-11","F",135,,,,10/13/2011,8/14/2011,8/14/2011,"SHARE01",,"-",
133,6/2/2011,"2010-11","2009-10","F",10,,,,8/1/2011,4/20/2011,4/20/2011,"SHARE01",,"share dept",
465,6/23/2011,"2010-11","2009-10","F",10,,,,8/22/2011,5/16/2011,5/16/2011,"SHARE01",,"share dept",
171,8/21/2011,"2011-12","2010-11","F",21,,,,10/20/2011,8/21/2011,8/21/2011,"SHARE01",,,
177,8/21/2011,"2011-12","2010-11","F",15,,,,10/20/2011,8/21/2011,8/21/2011,"SHARE01",,,
174,8/21/2011,"2011-12","2010-11","F",18,,,,10/20/2011,8/21/2011,8/21/2011,"SHARE01",,"-",
184,8/21/2011,"2011-12","2010-11","F",9,,,,10/20/2011,8/21/2011,8/21/2011,"SHARE01",,,
163,7/30/2011,"2011-12","2010-11","F",32,,,,9/28/2011,6/30/2011,6/30/2011,"SHARE14",,"-",
457,6/18/2011,"2010-11","2009-10","F",60,,,,8/17/2011,5/11/2011,5/11/2011,"SHARE01",,"-",
657,12/18/2011,"2011-12","2010-11","B",,100,35,,2/16/2012,11/17/2011,11/17/2011,"INVEST",,,
259,11/14/2011,"2011-12","2010-11","I",50,,,,1/13/2012,11/14/2011,11/14/2011,"SHARE01",,"-",
413,1/18/2012,"2011-12","2010-11","R",,1,2,15,3/18/2012,1/17/2012,1/17/2012,"SHARE01",,,
498,12/29/2011,"2011-12","2010-11","B",,100,15,,2/27/2012,10/30/2011,10/30/2011,"INVEST",,,
257,12/31/2011,"2011-12","2010-11","B",,100,320,,2/29/2012,12/1/2011,12/1/2011,"INVEST",,,
423,12/31/2011,"2011-12","2010-11","B",,100,15,,2/29/2012,12/5/2011,12/5/2011,"INVEST",,,
257,12/31/2011,"2011-12","2010-11","C",123,100,320,,2/29/2012,12/1/2011,12/1/2011,"INVEST",,,
423,12/31/2011,"2011-12","2010-11","C",123,100,15,,2/29/2012,12/5/2011,12/5/2011,"INVEST",,,
417,12/31/2011,"2011-12","2010-11","B",,100,15,,2/29/2012,12/5/2011,12/5/2011,"INVEST",,,
417,12/31/2011,"2011-12","2010-11","C",123,100,15,,2/29/2012,12/5/2011,12/5/2011,"INVEST",,,
261,12/27/2011,"2011-12","2010-11","F",15,,,,2/25/2012,12/7/2011,12/7/2011,"SHARE01",,"-",
462,11/24/2011,"2011-12","2010-11","F",210,,,,1/23/2012,10/20/2011,10/20/2011,"SHARE01",,"-",
308,2/11/2012,"2011-12","2010-11","B",,100,30,,4/11/2012,12/19/2011,12/19/2011,"MERCHAN1",,,
954,10/5/2011,"2011-12","2010-11","F",6.25,,,,12/4/2011,10/5/2011,10/5/2011,"INVEST",,,
309,2/25/2012,"2011-12","2010-11","D",,100,30,,4/25/2012,1/5/2012,1/5/2012,"SHARE01",,,
309,2/25/2012,"2011-12","2010-11","B",,100,30,,4/25/2012,1/5/2012,1/5/2012,"SHARE01",,,
954,4/7/2011,"2010-11","2009-10","F",3.09,,,,6/6/2011,4/7/2011,4/7/2011,"INVEST",,,
415,4/29/2012,"2011-12","2010-11","F",0,,,,6/28/2012,3/29/2012,3/29/2012,"SHARE14",,"-",
135,3/29/2012,"2011-12","2010-11","C",103.43,100,25,,5/28/2012,3/6/2012,3/6/2012,"MERCHAN1",,,
123,3/28/2012,"2011-12","2010-11","B",,100,23,,5/27/2012,3/6/2012,3/6/2012,"MERCHAN1",,,
123,3/28/2012,"2011-12","2010-11","C",26.91,100,23,,5/27/2012,3/6/2012,3/6/2012,"MERCHAN1",,,
121,3/29/2012,"2011-12","2010-11","B",,100,30,,5/28/2012,3/6/2012,3/6/2012,"MERCHAN1",,,
121,3/29/2012,"2011-12","2010-11","C",39.73,100,30,,5/28/2012,3/6/2012,3/6/2012,"MERCHAN1",,,
113,3/29/2012,"2011-12","2010-11","B",,100,20,,5/28/2012,3/5/2012,3/5/2012,"MERCHAN1",,,
113,3/29/2012,"2011-12","2010-11","C",41.16,100,20,,5/28/2012,3/5/2012,3/5/2012,"MERCHAN1",,,
130,3/29/2012,"2011-12","2010-11","B",,100,10,,5/28/2012,3/8/2012,3/8/2012,"MERCHAN1",,,
130,3/29/2012,"2011-12","2010-11","C",41.42,100,10,,5/28/2012,3/8/2012,3/8/2012,"MERCHAN1",,,
657,12/18/2011,"2011-12","2010-11","F",15,,,,2/16/2012,11/17/2011,11/17/2011,"SHARE14",,"-",
740,3/28/2012,"2011-12","2010-11","R",,1,1,0,5/27/2012,2/28/2012,2/28/2012,"SHARE14",,,
122,3/31/2012,"2011-12","2010-11","C",32.6,100,20,,5/30/2012,2/29/2012,2/29/2012,"MERCHAN1",,,
450,3/29/2012,"2011-12","2010-11","B",,100,15,,5/28/2012,2/16/2012,2/16/2012,"MERCHAN1",,,
122,3/31/2012,"2011-12","2010-11","B",,100,20,,5/30/2012,2/29/2012,2/29/2012,"MERCHAN1",,,
450,3/29/2012,"2011-12","2010-11","C",23.89,100,15,,5/28/2012,2/16/2012,2/16/2012,"MERCHAN1",,,
756,4/18/2012,"2011-12","2010-11","B",,100,20,,6/17/2012,3/28/2012,3/28/2012,"MERCHAN1",,,
756,4/18/2012,"2011-12","2010-11","C",90.51,100,20,,6/17/2012,3/28/2012,3/28/2012,"MERCHAN1",,,
129,4/15/2012,"2011-12","2010-11","B",,100,22,,6/14/2012,3/29/2012,3/29/2012,"MERCHAN1",,,
129,4/15/2012,"2011-12","2010-11","C",28.39,100,22,,6/14/2012,3/29/2012,3/29/2012,"MERCHAN1",,,
101,5/6/2012,"2011-12","2010-11","C",51.44,100,20,,7/5/2012,3/1/2012,3/1/2012,"MERCHAN1",,,
736,4/18/2012,"2011-12","2010-11","B",,100,10,,6/17/2012,4/1/2012,4/1/2012,"MERCHAN1",,,
736,4/18/2012,"2011-12","2010-11","C",33.84,100,10,,6/17/2012,4/1/2012,4/1/2012,"MERCHAN1",,,
101,5/6/2012,"2011-12","2010-11","B",,100,20,,7/5/2012,3/1/2012,3/1/2012,"MERCHAN1",,,
133,5/7/2012,"2011-12","2010-11","B",,100,10,,7/6/2012,3/20/2012,3/20/2012,"MERCHAN1",,,
133,5/7/2012,"2011-12","2010-11","C",61.96,100,10,,7/6/2012,3/20/2012,3/20/2012,"MERCHAN1",,,
132,4/26/2012,"2011-12","2010-11","B",,100,25,,6/25/2012,3/22/2012,3/22/2012,"MERCHAN1",,,
132,4/26/2012,"2011-12","2010-11","C",166.06,100,25,,6/25/2012,3/22/2012,3/22/2012,"MERCHAN1",,,
761,4/25/2012,"2011-12","2010-11","B",,100,10,,6/24/2012,4/5/2012,4/5/2012,"MERCHAN1",,,
761,4/25/2012,"2011-12","2010-11","C",42.94,100,10,,6/24/2012,4/5/2012,4/5/2012,"MERCHAN1",,,
105,12/15/1994,"1994-95","1993-94","B",,100,10,,2/13/1995,12/2/1994,12/15/1994,"INVEST",,,
105,12/18/1995,"1995-96","1994-95","B",,100,5,,2/16/1996,12/4/1995,12/18/1995,"INVEST",,,
105,12/20/1997,"1997-98","1996-97","B",,100,20,,2/18/1998,12/5/1997,12/20/1997,"INVEST",,,
497,5/10/2012,"2011-12","2010-11","B",,100,20,,7/9/2012,4/8/2012,4/8/2012,"MERCHAN1",,,
497,5/10/2012,"2011-12","2010-11","C",68.81,100,20,,7/9/2012,4/8/2012,4/8/2012,"MERCHAN1",,,
726,4/28/2012,"2011-12","2010-11","B",,100,10,,6/27/2012,3/7/2012,3/7/2012,"MERCHAN1",,,
726,4/28/2012,"2011-12","2010-11","C",37.8,100,10,,6/27/2012,3/7/2012,3/7/2012,"MERCHAN1",,,
203,5/7/2012,"2011-12","2010-11","B",,100,30,,7/6/2012,4/3/2012,4/3/2012,"MERCHAN1",,,
203,5/7/2012,"2011-12","2010-11","C",235.72,100,30,,7/6/2012,4/3/2012,4/3/2012,"MERCHAN1",,,
758,5/5/2012,"2011-12","2010-11","B",,100,20,,7/4/2012,4/11/2012,4/11/2012,"MERCHAN1",,,
758,5/5/2012,"2011-12","2010-11","C",70.57,100,20,,7/4/2012,4/11/2012,4/11/2012,"MERCHAN1",,,
124,5/8/2012,"2011-12","2010-11","B",,100,20,,7/7/2012,3/22/2012,3/22/2012,"MERCHAN1",,,
124,5/8/2012,"2011-12","2010-11","C",61.84,100,20,,7/7/2012,3/22/2012,3/22/2012,"MERCHAN1",,,
654,4/15/2012,"2011-12","2010-11","F",15,,,,6/14/2012,2/16/2012,2/16/2012,"SHARE14",,"afruza",
133,5/7/2012,"2011-12","2010-11","F",10,,,,7/6/2012,3/20/2012,3/20/2012,"SHARE14",,"afruza",
101,5/2/2012,"2011-12","2010-11","F",5,,,,7/1/2012,3/1/2012,3/1/2012,"SHARE14",,"afruza",
141,5/2/2012,"2011-12","2010-11","B",,100,15,,7/1/2012,3/15/2012,3/15/2012,"MERCHAN1",,,
141,5/2/2012,"2011-12","2010-11","C",62.66,100,15,,7/1/2012,3/15/2012,3/15/2012,"MERCHAN1",,,
742,5/3/2012,"2011-12","2010-11","B",,100,10,,7/2/2012,3/7/2012,3/7/2012,"MERCHAN1",,,
742,5/3/2012,"2011-12","2010-11","C",25.01,100,10,,7/2/2012,3/7/2005,3/7/2005,"MERCHAN1",,,
104,5/15/2012,"2011-12","2010-11","B",,100,25,,7/14/2012,4/24/2012,4/24/2012,"MERCHAN1",,,
104,5/15/2012,"2011-12","2010-11","C",56.54,100,25,,7/14/2012,4/24/2012,4/24/2012,"MERCHAN1",,,
126,5/23/2012,"2011-12","2010-11","B",,100,23,,7/22/2012,5/2/2012,5/2/2012,"MERCHAN1",,,
126,5/23/2012,"2011-12","2010-11","C",30.77,100,23,,7/22/2012,5/2/2012,5/2/2012,"MERCHAN1",,,
312,5/20/2012,"2011-12","2010-11","B",,100,25,,7/19/2012,4/10/2012,4/10/2012,"MERCHAN1",,,
312,5/20/2012,"2011-12","2010-11","C",70.97,100,25,,7/19/2012,4/10/2012,4/10/2012,"MERCHAN1",,,
745,6/16/2011,"2010-11","2009-10","B",,100,35,,8/15/2011,4/27/2011,4/27/2011,"INVEST",,,
745,6/16/2011,"2010-11","2009-10","C",123,100,35,,8/15/2011,4/27/2011,4/27/2011,"INVEST",,,
135,3/31/2011,"2010-11","2009-10","F",35,,,,5/30/2011,3/10/2011,3/10/2011,"SHARE01",,"share dept",
74,6/9/2011,"2010-11","2009-10","F",7.5,,,,8/8/2011,4/28/2011,4/28/2011,"SHARE01",,"share dept",
102,8/14/2011,"2011-12","2010-11","C",123,100,30,,10/13/2011,4/20/2011,4/20/2011,"INVEST",,,
147,7/27/2011,"2011-12","2010-11","B",,100,15,,9/25/2011,5/25/2011,5/25/2011,"INVEST",,,
147,7/27/2011,"2011-12","2010-11","C",123,100,15,,9/25/2011,5/25/2011,5/25/2011,"INVEST",,,
760,8/18/2011,"2011-12","2010-11","B",,100,14,,10/17/2011,7/11/2011,7/11/2011,"INVEST",,,
760,8/18/2011,"2011-12","2010-11","C",123,100,14,,10/17/2011,7/11/2011,7/11/2011,"INVEST",,,
625,6/22/2011,"2010-11","2009-10","F",25,,,,8/21/2011,6/5/2011,6/5/2011,"SHARE01",,"share dept",
230,6/18/2011,"2010-11","2009-10","F",5,,,,8/17/2011,5/10/2011,5/10/2011,"SHARE01",,"share dept",
718,6/20/2011,"2010-11","2009-10","F",15,,,,8/19/2011,5/18/2011,5/18/2011,"SHARE01",,"share dept",
301,8/2/2011,"2011-12","2010-11","I",250,,,,10/1/2011,8/2/2011,8/2/2011,"SHARE01",,"-",
166,9/30/2011,"2011-12","2010-11","F",25,,,,11/29/2011,9/29/2011,9/29/2011,"SHARE14",,"-",
318,9/22/2011,"2011-12","2010-11","B",,100,20,,11/21/2011,8/24/2011,8/24/2011,"INVEST",,,
317,9/21/2011,"2011-12","2010-11","B",,100,15,,11/20/2011,8/14/2011,8/14/2011,"INVEST",,,
738,9/15/2011,"2011-12","2010-11","B",,100,12,,11/14/2011,8/25/2011,8/25/2011,"INVEST",,,
480,9/30/2011,"2011-12","2010-11","B",,100,21,,11/29/2011,9/8/2011,9/8/2011,"INVEST",,,
480,9/30/2011,"2011-12","2010-11","C",123,100,21,,11/29/2011,9/8/2011,9/8/2011,"INVEST",,,
311,9/22/2011,"2011-12","2010-11","B",,100,14,,11/21/2011,8/7/2011,8/7/2011,"INVEST",,,
311,9/22/2011,"2011-12","2010-11","C",123,100,14,,11/21/2011,8/7/2011,8/7/2011,"INVEST",,,
607,9/30/2011,"2011-12","2010-11","B",,100,25,,11/29/2011,9/8/2011,9/8/2011,"INVEST",,,
607,9/30/2011,"2011-12","2010-11","C",123,100,25,,11/29/2011,9/8/2011,9/8/2011,"INVEST",,,
206,9/30/2011,"2011-12","2010-11","B",,100,25,,11/29/2011,9/8/2011,9/8/2011,"INVEST",,,
206,9/30/2011,"2011-12","2010-11","C",123,100,25,,11/29/2011,9/8/2011,9/8/2011,"INVEST",,,
656,9/20/2011,"2011-12","2010-11","B",,100,10,,11/19/2011,8/18/2011,8/18/2011,"INVEST",,,
752,11/22/2011,"2011-12","2010-11","B",,100,100,,1/21/2012,9/29/2011,9/29/2011,"MERCHAN1",,,
166,9/29/2011,"2011-12","2010-11","B",,100,50,,11/28/2011,9/29/2011,9/29/2011,"MERCHAN1",,,
168,9/29/2011,"2011-12","2010-11","B",,100,10,,11/28/2011,9/29/2011,9/29/2011,"MERCHAN1",,,
168,9/29/2011,"2011-12","2010-11","C",10,100,10,,11/28/2011,9/29/2011,9/29/2011,"MERCHAN1",,,
428,11/30/2011,"2011-12","2010-11","B",,1,9,,1/29/2012,11/30/2011,11/30/2011,"MERCHAN1",,,
439,11/30/2011,"2011-12","2010-11","B",,1,9,,1/29/2012,11/30/2011,11/30/2011,"MERCHAN1",,,
468,11/30/2011,"2011-12","2010-11","B",,1,9,,1/29/2012,11/30/2011,11/30/2011,"MERCHAN1",,,
622,11/24/2011,"2011-12","2010-11","B",,100,50,,1/23/2012,11/3/2011,11/3/2011,"INVEST",,,
622,11/24/2011,"2011-12","2010-11","C",123,100,50,,1/23/2012,11/3/2011,11/3/2011,"INVEST",,,
149,12/8/2011,"2011-12","2010-11","B",,100,100,,2/6/2012,11/3/2011,11/3/2011,"INVEST",,,
486,12/26/2011,"2011-12","2010-11","B",,100,5,,2/24/2012,11/24/2011,11/24/2011,"INVEST",,,
640,12/26/2011,"2011-12","2010-11","B",,100,100,,2/24/2012,11/17/2011,11/17/2011,"INVEST",,,
488,12/29/2011,"2011-12","2010-11","B",,100,16,,2/27/2012,11/15/2011,11/15/2011,"INVEST",,,
488,12/29/2011,"2011-12","2010-11","C",123,100,16,,2/27/2012,11/15/2011,11/15/2011,"INVEST",,,
511,12/17/2011,"2011-12","2010-11","F",5,,,,2/15/2012,11/3/2011,11/3/2011,"SHARE01",,"-",
214,12/15/2011,"2011-12","2010-11","B",,100,20,,2/13/2012,11/13/2011,11/13/2011,"INVEST",,,
214,12/15/2011,"2011-12","2010-11","C",123,100,20,,2/13/2012,11/13/2011,11/13/2011,"INVEST",,,
401,12/22/2011,"2011-12","2010-11","B",,100,20,,2/20/2012,11/29/2011,11/29/2011,"INVEST",,,
295,12/23/2011,"2011-12","2010-11","B",,100,10,,2/21/2012,11/20/2011,11/20/2011,"INVEST",,,
295,12/23/2011,"2011-12","2010-11","C",123,100,10,,2/21/2012,11/20/2011,11/20/2011,"INVEST",,,
289,12/24/2011,"2011-12","2010-11","B",,100,20,,2/22/2012,11/20/2011,11/20/2011,"INVEST",,,
289,12/24/2011,"2011-12","2010-11","C",123,100,20,,2/22/2012,11/20/2011,11/20/2011,"INVEST",,,
561,12/29/2011,"2011-12","2010-11","B",,100,4,,2/27/2012,11/20/2011,11/20/2011,"INVEST",,,
561,12/29/2011,"2011-12","2010-11","C",123,100,4,,2/27/2012,11/20/2011,11/20/2011,"INVEST",,,
355,12/10/2011,"2011-12","2010-11","F",200,,,,2/8/2012,11/13/2011,11/13/2011,"SHARE01",,"-",
215,11/30/2011,"2011-12","2010-11","F",200,,,,1/29/2012,11/14/2011,11/14/2011,"SHARE01",,"-",
740,3/18/2012,"2011-12","2010-11","R",,1,1,,5/17/2012,2/28/2012,2/28/2012,"SHARE14",,"-",
549,4/10/2012,"2011-12","2010-11","F",65,,,,6/9/2012,2/19/2012,2/19/2012,"SHARE14",,"-",
108,4/30/2012,"2011-12","2010-11","F",12,,,,6/29/2012,4/3/2012,4/3/2012,"SHARE14",,"-",
764,5/31/2012,"2011-12","2010-11","B",,100,10,,7/30/2012,4/24/2012,4/24/2012,"MERCHAN1",,,
764,5/31/2012,"2011-12","2010-11","C",51.7,100,10,,7/30/2012,4/24/2012,4/24/2012,"MERCHAN1",,,
754,5/30/2012,"2011-12","2010-11","B",,100,17,,7/29/2012,5/7/2012,5/7/2012,"MERCHAN1",,,
754,5/30/2012,"2011-12","2010-11","C",61.99,100,17,,7/29/2012,5/7/2012,5/7/2012,"MERCHAN1",,,
747,6/7/2012,"2011-12","2010-11","B",,100,10,,8/6/2012,4/9/2012,4/9/2012,"MERCHAN1",,,
747,6/7/2012,"2011-12","2010-11","C",33.06,100,10,,8/6/2012,4/9/2012,4/9/2012,"MERCHAN1",,,
758,5/5/2012,"2011-12","2010-11","F",15,,,,7/4/2012,4/11/2012,4/11/2012,"SHARE01",,"-",
301,5/10/2012,"2011-12","2010-11","F",100,,,,7/9/2012,3/20/2012,3/20/2012,"SHARE01",,"-",
950,5/15/2012,"2011-12","2010-11","F",13.2,,,,7/14/2012,4/24/2012,4/24/2012,"SHARE01",,"-",
119,5/27/2012,"2011-12","2010-11","F",12,,,,7/26/2012,3/22/2012,3/22/2012,"SHARE01",,"-",
209,4/30/2012,"2011-12","2010-11","F",30,,,,6/29/2012,3/20/2012,3/20/2012,"SHARE01",,"-",
137,4/9/2012,"2011-12","2010-11","F",7.5,,,,6/8/2012,3/18/2012,3/18/2012,"SHARE01",,"-",
622,11/24/2011,"2011-12","2010-11","F",100,,,,1/23/2012,11/3/2011,11/3/2011,"SHARE01",,"-",
457,6/16/2012,"2011-12","2010-11","B",,100,25,,8/15/2012,5/9/2012,5/9/2012,"MERCHAN1",,,
457,6/16/2012,"2011-12","2010-11","C",1216.42,100,25,,8/15/2012,5/9/2012,5/9/2012,"MERCHAN1",,,
128,6/19/2012,"2011-12","2010-11","B",,100,25,,8/18/2012,5/24/2012,5/24/2012,"MERCHAN1",,,
128,6/19/2012,"2011-12","2010-11","C",32.52,100,25,,8/18/2012,5/24/2012,5/24/2012,"MERCHAN1",,,
120,5/31/2012,"2011-12","2010-11","B",,100,20,,7/30/2012,5/10/2012,5/10/2012,"MERCHAN1",,,
120,5/31/2012,"2011-12","2010-11","C",25.8,100,20,,7/30/2012,5/10/2012,5/10/2012,"MERCHAN1",,,
719,5/27/2012,"2011-12","2010-11","B",,100,40,,7/26/2012,4/26/2012,4/26/2012,"MERCHAN1",,,
719,5/27/2012,"2011-12","2010-11","C",175.91,100,40,,7/26/2012,4/26/2012,4/26/2012,"MERCHAN1",,,
457,6/16/2012,"2011-12","2010-11","F",60,,,,8/15/2012,5/9/2012,5/9/2012,"SHARE01",,"-",
725,6/26/2012,"2011-12","2010-11","B",,100,10,,8/25/2012,5/9/2012,5/9/2012,"MERCHAN1",,,
725,6/26/2012,"2011-12","2010-11","C",11,100,10,,8/25/2012,5/9/2012,5/9/2012,"MERCHAN1",,,
226,5/21/2012,"2011-12","2010-11","B",,100,5,,7/20/2012,5/10/2012,5/10/2012,"MERCHAN1",,,
226,5/21/2012,"2011-12","2010-11","C",8,100,5,,7/20/2012,5/10/2012,5/10/2012,"MERCHAN1",,,
317,6/30/2012,"2011-12","2010-11","B",,100,15,,8/29/2012,4/29/2012,4/29/2012,"MERCHAN1",,,
317,6/30/2012,"2011-12","2010-11","C",15,100,15,,8/29/2012,4/29/2012,4/29/2012,"MERCHAN1",,,
302,6/28/2012,"2011-12","2010-11","B",,100,50,,8/27/2012,6/11/2012,6/11/2012,"MERCHAN1",,,
302,6/28/2012,"2011-12","2010-11","C",255,100,50,,8/27/2012,6/11/2012,6/11/2012,"MERCHAN1",,,
729,6/26/2012,"2011-12","2010-11","B",,100,10,,8/25/2012,5/2/2012,5/2/2012,"MERCHAN1",,,
729,6/26/2012,"2011-12","2010-11","C",11,100,10,,8/25/2012,5/2/2012,5/2/2012,"MERCHAN1",,,
499,7/8/2012,"2012-13","2011-12","B",,100,5,,9/6/2012,5/16/2012,5/16/2012,"MERCHAN1",,,
499,7/8/2012,"2012-13","2011-12","C",12,100,5,,9/6/2012,5/16/2012,5/16/2012,"MERCHAN1",,,
294,6/25/2012,"2011-12","2010-11","B",,100,10,,8/24/2012,5/28/2012,5/28/2012,"MERCHAN1",,,
294,6/25/2012,"2011-12","2010-11","C",11,100,10,,8/24/2012,5/28/2012,5/28/2012,"MERCHAN1",,,
136,6/26/2012,"2011-12","2010-11","B",,100,5,,8/25/2012,5/15/2012,5/15/2012,"MERCHAN1",,,
136,6/26/2012,"2011-12","2010-11","C",9,100,5,,8/25/2012,5/15/2012,5/15/2012,"MERCHAN1",,,
145,7/9/2012,"2012-13","2011-12","B",,100,10,,9/7/2012,5/21/2012,5/21/2012,"MERCHAN1",,,
484,5/9/2011,"2010-11","2009-10","F",180,,,,7/8/2011,3/22/2011,3/22/2011,"SHARE01",,"SHARE DEPT",
132,6/15/2011,"2010-11","2009-10","F",40,,,,8/14/2011,4/28/2011,4/28/2011,"SHARE01",,"SHARE DEPT",
459,6/15/2011,"2010-11","2009-10","F",50,,,,8/14/2011,5/8/2011,5/8/2011,"SHARE01",,"SHARE DEPT",
748,7/3/2011,"2011-12","2010-11","B",,100,10,,9/1/2011,5/4/2011,5/4/2011,"INVEST",,,
738,7/12/2012,"2012-13","2011-12","C",18,100,12,,9/10/2012,5/27/2012,5/27/2012,"MERCHAN1",,,
748,7/3/2011,"2011-12","2010-11","C",123,100,10,,9/1/2011,5/4/2011,5/4/2011,"INVEST",,,
103,7/24/2011,"2011-12","2010-11","B",,100,27,,9/22/2011,5/22/2011,5/22/2011,"INVEST",,,
103,7/24/2011,"2011-12","2010-11","C",123,100,27,,9/22/2011,5/22/2011,5/22/2011,"INVEST",,,
735,7/21/2011,"2011-12","2010-11","B",,100,12,,9/19/2011,5/19/2011,5/19/2011,"INVEST",,,
735,7/21/2011,"2011-12","2010-11","C",123,100,12,,9/19/2011,5/19/2011,5/19/2011,"INVEST",,,
136,7/18/2011,"2011-12","2010-11","B",,100,10,,9/16/2011,6/27/2011,6/27/2011,"INVEST",,,
419,7/31/2011,"2011-12","2010-11","B",,5,1,,9/29/2011,7/31/2011,7/31/2011,"INVEST",,,
750,6/16/2011,"2010-11","2009-10","B",,100,15,,8/15/2011,4/18/2011,4/18/2011,"INVEST",,,
750,6/16/2011,"2010-11","2009-10","C",123,100,15,,8/15/2011,4/18/2011,4/18/2011,"INVEST",,,
136,7/18/2011,"2011-12","2010-11","C",123,100,10,,9/16/2011,6/27/2011,6/27/2011,"INVEST",,,
226,5/16/2011,"2010-11","2009-10","F",5,,,,7/15/2011,3/20/2011,3/20/2011,"SHARE01",,"-",
172,8/9/2011,"2011-12","2010-11","F",14,,,,10/8/2011,8/9/2011,8/9/2011,"SHARE01",,"-",
167,8/9/2011,"2011-12","2010-11","F",36,,,,10/8/2011,8/9/2011,8/9/2011,"SHARE01",,"-",
169,8/9/2011,"2011-12","2010-11","F",22.5,,,,10/8/2011,8/9/2011,8/9/2011,"SHARE01",,"-",
173,8/9/2011,"2011-12","2010-11","F",12,,,,10/8/2011,8/9/2011,8/9/2011,"SHARE01",,"-",
175,8/9/2011,"2011-12","2010-11","F",10.5,,,,10/8/2011,8/9/2011,8/9/2011,"SHARE01",,"-",
178,8/9/2011,"2011-12","2010-11","F",10,,,,10/8/2011,8/9/2011,8/9/2011,"SHARE01",,"-",
179,8/9/2011,"2011-12","2010-11","F",10,,,,10/8/2011,8/9/2011,8/9/2011,"SHARE01",,"-",
610,11/25/2011,"2011-12","2010-11","B",,100,200,,1/24/2012,10/31/2011,10/31/2011,"INVEST",,,
105,3/19/2012,"2011-12","2010-11","B",,100,65,,5/18/2012,2/20/2012,2/20/2012,"MERCHAN1",,,
485,6/28/2011,"2010-11","2009-10","F",20,,,,8/27/2011,5/8/2011,5/8/2011,"SHARE01",,"-",
105,3/19/2012,"2011-12","2010-11","C",63.93,100,65,,5/18/2012,2/20/2012,2/20/2012,"MERCHAN1",,,
114,3/15/2012,"2011-12","2010-11","C",26.12,100,5,,5/14/2012,2/29/2012,2/29/2012,"MERCHAN1",,,
114,3/15/2012,"2011-12","2010-11","F",15,,,,5/14/2012,2/29/2012,2/29/2012,"SHARE14",,"-",
118,3/19/2012,"2011-12","2010-11","F",40,,,,5/18/2012,2/20/2012,2/20/2012,"SHARE14",,"-",
223,3/28/2012,"2011-12","2010-11","F",5,,,,5/27/2012,3/5/2012,3/5/2012,"SHARE14",,"-",
115,3/29/2012,"2011-12","2010-11","F",5,,,,5/28/2012,2/28/2012,2/28/2012,"SHARE14",,"-",
113,3/29/2012,"2011-12","2010-11","F",10,,,,5/28/2012,3/5/2012,3/5/2012,"SHARE14",,"-",
130,3/29/2012,"2011-12","2010-11","F",10,,,,5/28/2012,3/8/2012,3/8/2012,"SHARE01",,"-",
613,12/5/2012,"2012-13","2011-12","F",50,,,,2/3/2013,11/27/2011,11/27/2011,"SHARE14",,"-",
476,12/18/2011,"2011-12","2010-11","F",150,,,,2/16/2012,11/23/2011,11/23/2011,"SHARE14",,"-",
109,5/14/2012,"2011-12","2010-11","B",,100,15,,7/13/2012,4/5/2012,4/5/2012,"MERCHAN1",,,
259,4/11/2012,"2011-12","2010-11","F",370,,,,6/10/2012,3/14/2012,3/14/2012,"SHARE14",,"-",
111,3/29/2012,"2011-12","2010-11","B",,100,35,,5/28/2012,3/1/2012,3/1/2012,"MERCHAN1",,,
111,3/29/2012,"2011-12","2010-11","C",55.57,100,35,,5/28/2012,3/1/2012,3/1/2012,"MERCHAN1",,,
443,3/29/2012,"2011-12","2010-11","B",,100,15,,5/28/2012,2/13/2012,2/13/2012,"MERCHAN1",,,
443,3/29/2012,"2011-12","2010-11","C",30.82,100,15,,5/28/2012,3/13/2012,3/13/2012,"MERCHAN1",,,
740,3/28/2012,"2011-12","2010-11","B",,100,30,,5/27/2012,3/11/2012,3/11/2012,"MERCHAN1",,,
740,3/28/2012,"2011-12","2010-11","C",78.02,100,30,,5/27/2012,3/11/2012,3/11/2012,"MERCHAN1",,,
732,3/28/2012,"2011-12","2010-11","B",,100,40,,5/27/2012,3/7/2012,3/7/2012,"MERCHAN1",,,
732,3/28/2012,"2011-12","2010-11","C",85.07,100,40,,5/27/2012,3/7/2012,3/7/2012,"MERCHAN1",,,
490,4/3/2012,"2011-12","2010-11","B",,100,35,,6/2/2012,3/12/2012,3/12/2012,"MERCHAN1",,,
490,4/3/2012,"2011-12","2010-11","C",40.18,100,35,,6/2/2012,3/12/2012,3/12/2012,"MERCHAN1",,,
116,4/9/2012,"2011-12","2010-11","B",,100,17,,6/8/2012,3/7/2012,3/7/2012,"MERCHAN1",,,
116,4/9/2012,"2011-12","2010-11","C",26.69,100,17,,6/8/2012,3/7/2012,3/7/2012,"MERCHAN1",,,
747,11/19/2011,"2011-12","2010-11","R",,5,1,10,1/18/2012,4/3/2012,4/3/2012,"INVEST",,,
141,11/10/2011,"2011-12","2010-11","R",,2,1,5,1/9/2012,4/10/2012,4/10/2012,"INVEST",,,
107,3/31/2012,"2011-12","2010-11","B",,100,20,,5/30/2012,3/12/2012,3/12/2012,"MERCHAN1",,,
107,3/31/2012,"2011-12","2010-11","C",107.74,100,20,,5/30/2012,3/12/2012,3/12/2012,"MERCHAN1",,,
480,4/20/2012,"2011-12","2010-11","R",,1,1,10,6/19/2012,4/12/2012,4/12/2012,"INVEST",,,
550,5/3/2012,"2011-12","2010-11","B",,100,10,,7/2/2012,3/29/2012,3/29/2012,"MERCHAN1",,,
655,5/3/2012,"2011-12","2010-11","B",,100,25,,7/2/2012,3/29/2012,3/29/2012,"MERCHAN1",,,
654,4/15/2012,"2011-12","2010-11","B",,100,10,,6/14/2012,2/16/2012,2/16/2012,"INVEST",,,
137,4/9/2012,"2011-12","2010-11","B",,100,20,,6/8/2012,3/18/2012,3/18/2012,"SHARE01",,,
137,4/9/2012,"2011-12","2010-11","C",123,100,20,,6/8/2012,3/18/2012,3/18/2012,"SHARE01",,"-",
720,4/18/2012,"2011-12","2010-11","B",,100,10,,6/17/2012,3/1/2012,3/1/2012,"SHARE01",,,
720,4/18/2012,"2011-12","2010-11","C",123,100,10,,6/17/2012,3/1/2012,3/1/2012,"SHARE01",,"-",
106,4/22/2012,"2011-12","2010-11","B",,100,25,,6/21/2012,3/6/2012,3/6/2012,"SHARE01",,,
106,4/22/2012,"2011-12","2010-11","C",123,100,25,,6/21/2012,3/6/2012,3/6/2012,"SHARE01",,,
305,4/25/2012,"2011-12","2010-11","B",,100,25,,6/24/2012,3/22/2012,3/22/2012,"MERCHAN1",,,
305,4/25/2012,"2011-12","2010-11","C",80.82,100,25,,6/24/2012,3/22/2012,3/22/2012,"MERCHAN1",,,
143,4/5/2012,"2011-12","2010-11","B",,100,20,,6/4/2012,2/23/2012,2/23/2012,"MERCHAN1",,,
143,4/5/2012,"2011-12","2010-11","C",54.14,100,20,,6/4/2012,2/23/2012,2/23/2012,"MERCHAN1",,,
655,5/3/2012,"2011-12","2010-11","C",72.98,100,25,,7/2/2012,3/29/2012,3/29/2012,"MERCHAN1",,,
550,5/3/2012,"2011-12","2010-11","C",54.62,100,10,,7/2/2012,3/29/2012,3/29/2012,"MERCHAN1",,,
108,4/30/2012,"2011-12","2010-11","B",,100,15,,6/29/2012,4/3/2012,4/3/2012,"MERCHAN1",,,
108,4/30/2012,"2011-12","2010-11","C",38.44,100,15,,6/29/2012,4/3/2012,4/3/2012,"MERCHAN1",,,
302,5/12/2012,"2011-12","2010-11","B",,100,50,,7/11/2012,4/4/2011,4/4/2011,"MERCHAN1",,,
302,5/12/2012,"2011-12","2010-11","C",524,100,50,,7/11/2012,4/4/2011,4/4/2011,"MERCHAN1",,,
146,4/30/2012,"2011-12","2010-11","B",,100,15,,6/29/2012,3/29/2012,3/29/2012,"MERCHAN1",,,
146,4/30/2012,"2011-12","2010-11","C",106.78,100,15,,6/29/2012,3/29/2012,3/29/2012,"MERCHAN1",,,
109,5/14/2012,"2011-12","2010-11","C",63.5,100,15,,7/13/2012,4/5/2012,4/5/2012,"MERCHAN1",,,
454,4/24/2012,"2011-12","2010-11","F",150,,,,6/23/2012,3/4/2012,3/4/2012,"SHARE14",,"-",
550,5/3/2012,"2011-12","2010-11","F",10,,,,7/2/2012,3/29/2012,3/29/2012,"SHARE01",,"-",
218,5/14/2012,"2011-12","2010-11","F",45,,,,7/13/2012,4/23/2012,4/23/2012,"SHARE01",,"-",
744,6/3/2012,"2011-12","2010-11","B",,100,10,,8/2/2012,4/16/2012,4/26/2012,"MERCHAN1",,,
744,6/3/2012,"2011-12","2010-11","C",51.43,100,10,,8/2/2012,4/26/2012,4/26/2012,"MERCHAN1",,,
751,6/7/2012,"2011-12","2010-11","B",,100,10,,8/6/2012,5/14/2012,5/14/2012,"MERCHAN1",,,
751,6/7/2012,"2011-12","2010-11","C",38.59,100,10,,8/6/2012,5/14/2012,5/14/2012,"MERCHAN1",,,
144,5/27/2012,"2011-12","2010-11","F",50,,,,7/26/2012,5/2/2012,5/2/2012,"SHARE01",,"-",
484,4/29/2012,"2011-12","2010-11","F",180,,,,6/28/2012,3/25/2012,3/25/2012,"SHARE01",,"-",
104,5/15/2012,"2011-12","2010-11","F",7,,,,7/14/2012,4/24/2012,4/24/2012,"SHARE01",,"-",
621,5/16/2012,"2011-12","2010-11","F",45,,,,7/15/2012,4/10/2012,4/10/2012,"SHARE01",,"-",
644,5/3/2012,"2011-12","2010-11","F",10,,,,7/2/2012,3/7/2012,3/7/2012,"SHARE01",,"-",
231,5/20/2012,"2011-12","2010-11","F",15,,,,7/19/2012,4/4/2012,4/4/2012,"SHARE01",,"-",
641,6/16/2012,"2011-12","2010-11","B",,100,10,,8/15/2012,5/10/2012,5/10/2012,"MERCHAN1",,,
641,6/16/2012,"2011-12","2010-11","C",11,100,10,,8/15/2012,5/10/2012,5/10/2012,"MERCHAN1",,,
741,6/19/2012,"2011-12","2010-11","B",,100,10,,8/18/2012,5/28/2012,5/28/2012,"MERCHAN1",,,
741,6/19/2012,"2011-12","2010-11","C",12,100,10,,8/18/2012,5/28/2012,5/28/2012,"MERCHAN1",,,
763,6/28/2012,"2011-12","2010-11","B",,100,25,,8/27/2012,5/13/2012,5/13/2012,"MERCHAN1",,,
758,6/22/2011,"2010-11","2009-10","F",10,,,,8/21/2011,5/18/2011,5/18/2011,"SHARE01",,"share dept",
134,6/1/2011,"2010-11","2009-10","F",5,,,,7/31/2011,4/11/2011,4/11/2011,"SHARE01",,"Share dept",
759,5/5/2011,"2010-11","2009-10","F",25,,,,7/4/2011,3/8/2011,3/8/2011,"SHARE01",,"share dept",
550,5/25/2011,"2010-11","2009-10","F",20,,,,7/24/2011,4/12/2011,4/12/2011,"SHARE01",,"share dept",
455,6/15/2011,"2010-11","2009-10","F",120,,,,8/14/2011,5/4/2011,5/4/2011,"SHARE01",,"SHARE DEPT",
157,8/14/2011,"2011-12","2010-11","F",90,,,,10/13/2011,8/14/2011,8/14/2011,"SHARE01",,"-",
158,8/14/2011,"2011-12","2010-11","F",95,,,,10/13/2011,8/14/2011,8/14/2011,"SHARE01",,"-",
159,8/14/2011,"2011-12","2010-11","F",90,,,,10/13/2011,8/14/2011,8/14/2011,"SHARE01",,"-",
603,6/23/2011,"2010-11","2009-10","F",105,,,,8/22/2011,5/4/2011,5/4/2011,"SHARE01",,"-",
624,6/20/2011,"2010-11","2009-10","F",25,,,,8/19/2011,5/12/2011,5/12/2011,"SHARE01",,"-",
756,6/22/2011,"2010-11","2009-10","F",10,,,,8/21/2011,5/12/2011,5/12/2011,"SHARE01",,"-",
225,6/23/2011,"2010-11","2009-10","F",21,,,,8/22/2011,5/10/2011,5/10/2011,"SHARE01",,"-",
549,7/28/2011,"2011-12","2010-11","I",140,,,,9/26/2011,7/28/2011,7/28/2011,"SHARE01",,"share dept",
646,7/28/2011,"2011-12","2010-11","B",,100,10,,9/26/2011,6/1/2011,6/1/2011,"INVEST",,,
176,8/25/2011,"2011-12","2010-11","F",17,,,,10/24/2011,8/25/2011,8/25/2011,"SHARE01",,"-",
737,9/21/2011,"2011-12","2010-11","B",,100,12,,11/20/2011,7/13/2011,7/13/2011,"INVEST",,,
737,9/21/2011,"2011-12","2010-11","C",123,100,12,,11/20/2011,7/13/2011,7/13/2011,"INVEST",,,
477,9/21/2011,"2011-12","2010-11","B",,100,35,,11/20/2011,8/16/2011,8/16/2011,"INVEST",,,
477,9/21/2011,"2011-12","2010-11","C",123,100,35,,11/20/2011,8/16/2011,8/16/2011,"INVEST",,,
652,10/3/2011,"2011-12","2010-11","R",,1,1,,12/2/2011,10/3/2011,10/3/2011,"MERCHAN1",,,
733,5/26/2011,"2010-11","2009-10","R",,1,1,0,7/25/2011,10/10/2011,10/10/2011,"SHARE01",,"-",
144,10/3/2011,"2011-12","2010-11","B",,100,60,,12/2/2011,8/18/2011,8/18/2011,"INVEST",,,
144,10/3/2011,"2011-12","2010-11","C",123,100,60,,12/2/2011,8/18/2011,8/18/2011,"INVEST",,,
420,9/29/2011,"2011-12","2010-11","F",15,,,,11/28/2011,8/4/2011,8/4/2011,"SHARE01",,"-",
254,9/29/2011,"2011-12","2010-11","F",14,,,,11/28/2011,9/6/2011,9/6/2011,"SHARE01",,"-",
601,9/29/2011,"2011-12","2010-11","F",30,,,,11/28/2011,8/24/2011,8/24/2011,"SHARE01",,"-",
151,10/22/2011,"2011-12","2010-11","F",15,,,,12/21/2011,9/28/2011,9/28/2011,"SHARE01",,"-",
176,8/23/2011,"2011-12","2010-11","F",17,,,,10/22/2011,8/23/2011,8/23/2011,"SHARE01",,"-",
734,7/3/2011,"2011-12","2010-11","F",10,,,,9/1/2011,5/4/2011,5/4/2011,"SHARE01",,"-",
413,10/9/2011,"2011-12","2010-11","F",15,,,,12/8/2011,9/14/2011,9/14/2011,"SHARE01",,"-",
474,11/22/2011,"2011-12","2010-11","B",,100,150,,1/21/2012,11/1/2011,11/1/2011,"INVEST",,,
210,12/20/2011,"2011-12","2010-11","B",,100,20,,2/18/2012,12/5/2011,12/5/2011,"INVEST",,,
210,12/20/2011,"2011-12","2010-11","C",123,100,20,,2/18/2012,12/5/2011,12/5/2011,"INVEST",,,
217,12/10/2011,"2011-12","2010-11","B",,100,200,,2/8/2012,11/20/2011,11/20/2011,"INVEST",,,
310,11/27/2011,"2011-12","2010-11","F",300,,,,1/26/2012,11/3/2011,11/3/2011,"INVEST",,,
306,1/15/2012,"2011-12","2010-11","B",,100,250,,3/15/2012,11/15/2011,11/15/2011,"INVEST",,,
306,1/15/2012,"2011-12","2010-11","C",123,100,250,,3/15/2012,11/15/2011,11/15/2011,"INVEST",,,
448,12/29/2011,"2011-12","2010-11","B",,100,15,,2/27/2012,11/16/2011,11/16/2011,"INVEST",,,
448,12/29/2011,"2011-12","2010-11","C",123,100,15,,2/27/2012,11/16/2011,11/16/2011,"INVEST",,,
442,12/22/2011,"2011-12","2010-11","F",100,,,,2/20/2012,11/17/2011,11/17/2011,"SHARE01",,"-",
360,12/29/2011,"2011-12","2010-11","F",20,,,,2/27/2012,12/15/2011,12/15/2011,"SHARE01",,"-",
490,2/19/2012,"2011-12","2010-11","R",,1,1,10,4/19/2012,1/31/2012,1/31/2012,"SHARE01",,,
553,1/12/2012,"2011-12","2010-11","B",,100,160,,3/12/2012,11/27/2011,11/27/2011,"MERCHAN1",,,
553,1/12/2012,"2011-12","2010-11","C",948,100,160,,3/12/2012,11/27/2011,11/27/2011,"MERCHAN1",,,
114,3/15/2012,"2011-12","2010-11","B",,100,5,,5/14/2012,2/29/2012,2/29/2012,"INVEST",,,
102,5/6/2012,"2011-12","2010-11","B",,100,25,,7/5/2012,4/5/2012,4/5/2012,"MERCHAN1",,,
102,5/6/2012,"2011-12","2010-11","C",45.54,100,25,,7/5/2012,4/5/2012,4/5/2012,"MERCHAN1",,,
417,5/25/2012,"2011-12","2010-11","R",,1,2,0,7/24/2012,5/23/2012,5/23/2012,"SHARE14",,,
557,5/17/2012,"2011-12","2010-11","B",,100,10,,7/16/2012,4/30/2012,4/30/2012,"MERCHAN1",,,
557,5/17/2012,"2011-12","2010-11","C",22.93,100,10,,7/16/2012,4/30/2012,4/30/2012,"MERCHAN1",,,
733,5/17/2012,"2011-12","2010-11","B",,100,5,,7/16/2012,4/24/2012,4/24/2012,"MERCHAN1",,,
733,5/17/2012,"2011-12","2010-11","C",31.84,100,5,,7/16/2012,4/24/2012,4/24/2012,"MERCHAN1",,,
447,5/20/2012,"2011-12","2010-11","B",,100,10,,7/19/2012,4/26/2012,4/26/2012,"MERCHAN1",,,
447,5/20/2012,"2011-12","2010-11","C",32.25,100,10,,7/19/2012,4/26/2012,4/26/2012,"MERCHAN1",,,
749,6/5/2012,"2011-12","2010-11","B",,100,10,,8/4/2012,4/17/2012,4/17/2012,"MERCHAN1",,,
749,6/5/2012,"2011-12","2010-11","C",37.92,100,10,,8/4/2012,4/17/2012,4/17/2012,"MERCHAN1",,,
731,5/16/2012,"2011-12","2010-11","B",,100,8,,7/15/2012,3/18/2012,3/18/2012,"MERCHAN1",,,
731,5/16/2012,"2011-12","2010-11","C",46.93,100,8,,7/15/2012,3/18/2012,3/18/2012,"MERCHAN1",,,
297,5/26/2012,"2011-12","2010-11","B",,100,12,,7/25/2012,4/26/2012,4/26/2012,"MERCHAN1",,,
297,5/26/2012,"2011-12","2010-11","C",44.48,100,12,,7/25/2012,4/26/2012,4/26/2012,"MERCHAN1",,,
757,5/31/2012,"2011-12","2010-11","B",,100,10,,7/30/2012,5/7/2012,5/7/2012,"MERCHAN1",,,
757,5/31/2012,"2011-12","2010-11","C",49.51,100,10,,7/30/2012,5/7/2012,5/7/2012,"MERCHAN1",,,
731,5/16/2012,"2011-12","2010-11","F",5,,,,7/15/2012,3/18/2012,3/18/2012,"MERCHAN1",,,
747,6/6/2012,"2011-12","2010-11","F",10,,,,8/5/2012,4/9/2012,4/9/2012,"SHARE01",,"0.0",
718,5/31/2012,"2011-12","2010-11","F",15,,,,7/30/2012,4/19/2012,4/19/2012,"SHARE01",,"-",
449,5/19/2012,"2011-12","2010-11","F",20,,,,7/18/2012,4/30/2012,4/30/2012,"SHARE01",,"-",
449,5/29/2012,"2011-12","2010-11","F",16,,,,7/28/2012,4/30/2012,4/30/2012,"SHARE01",,"-",
649,6/10/2012,"2011-12","2010-11","B",,100,5,,8/9/2012,5/17/2012,5/17/2012,"MERCHAN1",,,
649,6/10/2012,"2011-12","2010-11","C",15,100,5,,8/9/2012,5/17/2012,5/17/2012,"MERCHAN1",,,
739,6/13/2012,"2011-12","2010-11","B",,100,15,,8/12/2012,4/19/2012,4/19/2012,"MERCHAN1",,,
739,6/13/2012,"2011-12","2010-11","C",125,100,15,,8/12/2012,4/19/2012,4/19/2012,"MERCHAN1",,,
745,6/21/2012,"2011-12","2010-11","B",,100,30,,8/20/2012,4/19/2012,4/19/2012,"MERCHAN1",,,
745,6/21/2012,"2011-12","2010-11","C",124,100,30,,8/20/2012,4/19/2012,4/19/2012,"MERCHAN1",,,
727,6/19/2012,"2011-12","2010-11","B",,100,40,,8/18/2012,4/29/2012,4/29/2012,"MERCHAN1",,,
727,6/19/2012,"2011-12","2010-11","C",111,100,40,,8/18/2012,4/29/2012,4/29/2012,"MERCHAN1",,,
718,5/31/2012,"2011-12","2010-11","B",,100,10,,7/30/2012,4/19/2012,4/19/2012,"MERCHAN1",,,
718,5/31/2012,"2011-12","2010-11","C",125,100,10,,7/30/2012,4/19/2012,4/19/2012,"MERCHAN1",,,
131,6/28/2012,"2011-12","2010-11","B",,100,5,,8/27/2012,5/9/2012,5/9/2012,"MERCHAN1",,,
131,6/28/2012,"2011-12","2010-11","C",12,100,5,,8/27/2012,5/9/2012,5/9/2012,"MERCHAN1",,,
748,6/14/2012,"2011-12","2010-11","B",,100,5,,8/13/2012,5/10/2012,5/10/2012,"MERCHAN1",,,
748,6/14/2012,"2011-12","2010-11","C",15,100,5,,8/13/2012,5/10/2012,5/10/2012,"MERCHAN1",,,
763,6/28/2012,"2011-12","2010-11","C",15,100,25,,8/27/2012,5/13/2012,5/13/2012,"MERCHAN1",,,
465,6/23/2012,"2011-12","2010-11","B",,100,25,,8/22/2012,5/16/2012,5/16/2012,"MERCHAN1",,,
465,6/23/2012,"2011-12","2010-11","C",15,100,25,,8/22/2012,5/16/2012,5/16/2012,"MERCHAN1",,,
646,6/21/2012,"2011-12","2010-11","B",,100,12,,8/20/2012,5/7/2012,5/7/2012,"MERCHAN1",,,
646,6/21/2012,"2011-12","2010-11","C",10,100,12,,8/20/2012,5/7/2012,5/7/2012,"MERCHAN1",,,
762,6/28/2012,"2011-12","2010-11","B",,100,12,,8/27/2012,5/14/2012,5/14/2012,"MERCHAN1",,,
762,6/28/2012,"2011-12","2010-11","C",11,100,12,,8/27/2012,5/14/2012,5/14/2012,"MERCHAN1",,,
717,6/28/2012,"2011-12","2010-11","B",,100,48,,8/27/2012,6/11/2012,6/11/2012,"MERCHAN1",,,
717,6/28/2012,"2011-12","2010-11","C",14,100,48,,8/27/2012,6/11/2012,6/11/2012,"MERCHAN1",,,
735,7/2/2012,"2012-13","2011-12","B",,100,10,,8/31/2012,5/14/2012,5/14/2012,"MERCHAN1",,,
735,7/2/2012,"2012-13","2011-12","C",11,100,10,,8/31/2012,5/14/2012,5/14/2012,"MERCHAN1",,,
145,7/9/2012,"2012-13","2011-12","C",11,100,10,,9/7/2012,5/21/2012,5/21/2012,"MERCHAN1",,,
750,6/28/2012,"2011-12","2010-11","B",,100,5,,8/27/2012,5/8/2012,5/8/2012,"MERCHAN1",,,
744,6/21/2011,"2010-11","2009-10","B",,100,22,,8/20/2011,4/28/2011,4/28/2011,"INVEST",,,
744,6/21/2011,"2010-11","2009-10","C",123,100,22,,8/20/2011,4/28/2011,4/28/2011,"INVEST",,,
226,5/16/2011,"2010-11","2009-10","B",,100,10,,7/15/2011,3/20/2011,3/20/2011,"INVEST",,,
226,5/16/2011,"2010-11","2009-10","C",123,100,10,,7/15/2011,3/20/2011,3/20/2011,"INVEST",,,
296,6/15/2011,"2010-11","2009-10","F",30,,,,8/14/2011,5/4/2011,5/4/2011,"SHARE01",,"SHARE DEPT",
449,6/16/2011,"2010-11","2009-10","F",16,,,,8/15/2011,5/10/2011,5/10/2011,"SHARE01",,"SHARE DEPT",
101,7/13/2011,"2011-12","2010-11","B",,100,15,,9/11/2011,5/19/2011,5/19/2011,"INVEST",,,
101,7/13/2011,"2011-12","2010-11","C",123,100,15,,9/11/2011,5/19/2011,5/19/2011,"INVEST",,,
757,6/21/2011,"2010-11","2009-10","B",,100,10,,8/20/2011,5/29/2011,5/29/2011,"INVEST",,,
757,6/21/2011,"2010-11","2009-10","C",123,100,10,,8/20/2011,5/29/2011,5/29/2011,"INVEST",,,
641,6/25/2011,"2010-11","2009-10","B",,100,10,,8/24/2011,5/18/2011,5/18/2011,"INVEST",,,
224,6/23/2011,"2010-11","2009-10","B",,100,5,,8/22/2011,5/12/2011,5/12/2011,"INVEST",,,
224,6/23/2011,"2010-11","2009-10","C",123,100,5,,8/22/2011,5/12/2011,5/12/2011,"INVEST",,,
308,5/14/2011,"2010-11","2009-10","F",30,,,,7/13/2011,4/7/2011,4/7/2011,"SHARE01",,"share dept",
451,6/30/2011,"2010-11","2009-10","F",30,,,,8/29/2011,5/16/2011,5/16/2011,"SHARE01",,"-",
161,9/8/2011,"2011-12","2010-11","F",28,,,,11/7/2011,9/8/2011,9/8/2011,"SHARE01",,"share dep",
168,9/30/2011,"2011-12","2010-11","F",10,,,,11/29/2011,9/29/2011,9/29/2011,"SHARE01",,"-",
262,7/29/2011,"2011-12","2010-11","F",25,,,,9/27/2011,6/22/2011,6/22/2011,"SHARE01",,"-",
410,11/24/2011,"2011-12","2010-11","B",,100,100,,1/23/2012,11/2/2011,11/2/2011,"INVEST",,,
143,12/20/2011,"2011-12","2010-11","R",,1,1,10,2/18/2012,12/20/2011,12/20/2011,"SHARE14",,,
603,11/22/2011,"2011-12","2011-12","I",145,,,,1/21/2012,12/5/2011,12/5/2011,"INVEST",,"interim",
213,12/17/2011,"2011-12","2010-11","B",,3,1,,2/15/2012,11/22/2011,11/22/2011,"INVEST",,,
213,12/17/2011,"2011-12","2010-11","C",123,3,1,,2/15/2012,11/22/2011,11/22/2011,"INVEST",,,
647,12/24/2011,"2011-12","2010-11","B",,100,5,,2/22/2012,11/28/2011,11/28/2011,"INVEST",,,
647,12/24/2011,"2011-12","2010-11","C",123,100,5,,2/22/2012,11/28/2011,11/28/2011,"INVEST",,,
487,12/27/2011,"2011-12","2010-11","B",,100,10,,2/25/2012,11/16/2011,11/16/2011,"INVEST",,,
270,12/27/2011,"2011-12","2010-11","B",,100,250,,2/25/2012,11/14/2011,11/14/2011,"MERCHAN1",,,
270,12/27/2011,"2011-12","2010-11","C",100,100,250,,2/25/2012,11/14/2011,11/14/2011,"MERCHAN1",,".",
170,2/10/2012,"2011-12","2010-11","F",22,,,,4/10/2012,2/8/2012,2/8/2012,"SHARE01",,"-",
638,12/29/2011,"2011-12","2010-11","F",1,,,,2/27/2012,12/15/2011,12/15/2011,"SHARE01",,"-",
213,12/17/2011,"2011-12","2010-11","F",75,,,,2/15/2012,11/22/2011,11/22/2011,"SHARE01",,"-",
560,12/22/2011,"2011-12","2010-11","F",5,,,,2/20/2012,11/15/2011,11/15/2011,"SHARE01",,"-",
306,1/15/2012,"2011-12","2010-11","F",100,,,,3/15/2012,11/15/2011,11/15/2011,"SHARE01",,"-",
112,5/20/2012,"2011-12","2010-11","C",32.62,100,21,,7/19/2012,5/2/2012,5/2/2012,"MERCHAN1",,,
112,5/20/2012,"2011-12","2010-11","B",,100,21,,7/19/2012,5/2/2012,5/2/2012,"MERCHAN1",,,
746,4/22/2012,"2011-12","2010-11","B",,100,5,,6/21/2012,3/19/2012,3/19/2012,"MERCHAN1",,,
746,4/22/2012,"2011-12","2010-11","C",33.08,100,5,,6/21/2012,3/19/2012,3/19/2012,"MERCHAN1",,,
144,5/15/2012,"2011-12","2010-11","B",,100,10,,7/14/2012,5/2/2012,5/2/2012,"MERCHAN1",,,
144,5/15/2012,"2011-12","2010-11","C",361.02,100,10,,7/14/2012,5/2/2012,5/2/2012,"MERCHAN1",,,
146,4/30/2012,"2011-12","2010-11","F",15,,,,6/29/2012,3/29/2012,3/29/2012,"SHARE01",,"-",
229,3/31/2012,"2011-12","2010-11","F",15,,,,5/30/2012,2/29/2012,2/29/2012,"SHARE01",,"-",
449,5/29/2012,"2011-12","2010-11","B",,100,20,,7/28/2012,4/30/2012,4/30/2012,"MERCHAN1",,,
449,5/29/2012,"2011-12","2010-11","C",129.13,100,20,,7/28/2012,4/30/2012,4/30/2012,"MERCHAN1",,,
109,5/14/2012,"2011-12","2010-11","F",20,,,,7/13/2012,4/5/2012,4/5/2012,"SHARE14",,"-",
116,4/9/2012,"2011-12","2010-11","F",10,,,,6/8/2012,3/7/2012,3/7/2012,"SHARE01",,"-",
296,6/13/2012,"2011-12","2010-11","B",,100,50,,8/12/2012,5/16/2012,5/16/2012,"MERCHAN1",,,
296,6/13/2012,"2011-12","2010-11","C",151.7,100,50,,8/12/2012,5/16/2012,5/16/2012,"MERCHAN1",,,
721,6/13/2012,"2011-12","2010-11","B",,100,30,,8/12/2012,5/21/2012,5/21/2012,"MERCHAN1",,,
721,6/13/2012,"2011-12","2010-11","C",118.37,100,30,,8/12/2012,5/21/2012,5/21/2012,"MERCHAN1",,,
455,6/13/2012,"2011-12","2010-11","B",,100,20,,8/12/2012,5/16/2012,5/16/2012,"MERCHAN1",,,
455,6/13/2012,"2011-12","2010-11","C",249.62,100,20,,8/12/2012,5/16/2012,5/16/2012,"MERCHAN1",,,
755,6/20/2012,"2011-12","2010-11","B",,100,10,,8/19/2012,5/15/2012,5/15/2012,"MERCHAN1",,,
755,6/20/2012,"2011-12","2010-11","C",46.76,100,10,,8/19/2012,5/15/2012,5/15/2012,"MERCHAN1",,,
224,5/6/2012,"2011-12","2010-11","F",5,,,,7/5/2012,4/12/2012,4/12/2012,"SHARE01",,"-",
724,6/27/2012,"2011-12","2010-11","B",,100,10,,8/26/2012,5/10/2012,5/10/2012,"MERCHAN1",,,
724,6/27/2012,"2011-12","2010-11","C",12,100,10,,8/26/2012,5/10/2012,5/10/2012,"MERCHAN1",,,
759,6/28/2012,"2011-12","2010-11","B",,100,15,,8/27/2012,5/10/2012,5/10/2012,"MERCHAN1",,,
759,6/28/2012,"2011-12","2010-11","C",11,100,15,,8/27/2012,5/10/2012,5/10/2012,"MERCHAN1",,,
220,6/9/2012,"2011-12","2010-11","B",,100,5,,8/8/2012,5/22/2012,5/22/2012,"MERCHAN1",,,
220,6/9/2012,"2011-12","2010-11","C",12,100,5,,8/8/2012,5/22/2012,5/22/2012,"MERCHAN1",,,
452,6/30/2012,"2011-12","2010-11","B",,100,21,,8/29/2012,5/21/2012,5/21/2012,"MERCHAN1",,,
452,6/30/2012,"2011-12","2010-11","C",15,100,21,,8/29/2012,5/21/2012,5/21/2012,"MERCHAN1",,,
472,6/30/2012,"2011-12","2010-11","B",,100,15,,8/29/2012,5/21/2012,5/21/2012,"MERCHAN1",,,
472,6/30/2012,"2011-12","2010-11","C",16,100,15,,8/29/2012,5/21/2012,5/21/2012,"MERCHAN1",,,
624,6/26/2012,"2011-12","2010-11","B",,100,20,,8/25/2012,5/14/2012,5/14/2012,"MERCHAN1",,,
624,6/26/2012,"2011-12","2010-11","C",18,100,20,,8/25/2012,5/14/2012,5/14/2012,"MERCHAN1",,,
606,6/21/2012,"2011-12","2010-11","B",,100,20,,8/20/2012,5/10/2012,5/10/2012,"MERCHAN1",,,
606,6/21/2012,"2011-12","2010-11","C",13,100,20,,8/20/2012,5/10/2012,5/10/2012,"MERCHAN1",,,
653,6/30/2012,"2011-12","2010-11","B",,100,15,,8/29/2012,5/21/2012,5/21/2012,"MERCHAN1",,,
653,6/30/2012,"2011-12","2010-11","C",11,100,15,,8/29/2012,5/21/2012,5/21/2012,"MERCHAN1",,,
206,11/20/2011,"2011-12","2010-11","B",,39,1000,,1/19/2012,11/20/2011,11/20/2011,"INVEST",,,
750,6/28/2012,"2011-12","2010-11","C",12,100,5,,8/27/2012,5/8/2012,5/8/2012,"MERCHAN1",,,
753,7/14/2012,"2012-13","2011-12","B",,100,10,,9/12/2012,5/27/2012,5/27/2012,"MERCHAN1",,,
753,7/14/2012,"2012-13","2011-12","C",12,100,10,,9/12/2012,5/27/2012,5/27/2012,"MERCHAN1",,,
103,7/11/2012,"2012-13","2011-12","B",,100,25,,9/9/2012,5/17/2012,5/17/2012,"MERCHAN1",,,
103,7/11/2012,"2012-13","2011-12","C",15,100,25,,9/9/2012,5/17/2012,5/17/2012,"MERCHAN1",,,
139,6/20/2012,"2011-12","2010-11","B",,100,5,,8/19/2012,5/17/2012,5/17/2012,"MERCHAN1",,,
139,6/20/2012,"2011-12","2010-11","C",11,100,5,,8/19/2012,5/17/2012,5/17/2012,"MERCHAN1",,,
430,6/23/2012,"2011-12","2010-11","B",,100,10,,8/22/2012,5/21/2012,5/21/2012,"MERCHAN1",,,
430,6/23/2012,"2011-12","2010-11","C",11,100,10,,8/22/2012,5/21/2012,5/21/2012,"MERCHAN1",,,
624,6/26/2012,"2011-12","2010-11","F",20,,,,8/25/2012,5/14/2012,5/14/2012,"SHARE01",,"-",
302,6/28/2012,"2011-12","2010-11","F",50,,,,8/27/2012,6/11/2012,6/11/2012,"SHARE01",,"-",
296,6/12/2012,"2011-12","2010-11","F",25,,,,8/11/2012,5/16/2012,5/16/2012,"SHARE01",,"-",
139,6/20/2012,"2011-12","2010-11","F",15,,,,8/19/2012,5/17/2012,5/17/2012,"SHARE01",,"-",
465,6/23/2012,"2011-12","2010-11","F",10,,,,8/22/2012,5/16/2012,5/16/2012,"SHARE01",,"-",
181,10/26/2011,"2011-12","2010-11","F",1250,,,,12/25/2011,9/26/2011,9/26/2011,"INVEST",,"-",
602,6/16/2012,"2011-12","2010-11","F",50,,,,8/15/2012,5/10/2012,5/10/2012,"SHARE01",,"-",
230,6/23/2012,"2011-12","2010-11","F",16,,,,8/22/2012,5/14/2012,5/14/2012,"SHARE01",,"-",
625,6/21/2012,"2011-12","2010-11","F",25,,,,8/20/2012,6/4/2012,6/4/2012,"SHARE01",,"-",
147,6/28/2012,"2011-12","2010-11","B",,100,10,,8/27/2012,5/22/2012,5/22/2012,"MERCHAN1",,,
147,6/28/2012,"2011-12","2010-11","C",9,100,10,,8/27/2012,5/22/2012,5/22/2012,"MERCHAN1",,,
131,6/28/2012,"2011-12","2010-11","F",10,,,,8/27/2012,5/13/2012,5/13/2012,"SHARE01",,"-",
603,6/26/2012,"2011-12","2010-11","F",105,,,,8/25/2012,4/26/2012,4/26/2012,"SHARE01",,"-",
459,6/25/2012,"2011-12","2010-11","F",80,,,,8/24/2012,5/20/2012,5/20/2012,"SHARE01",,"-",
203,5/11/2011,"2010-11","2009-10","F",35,,,,7/10/2011,4/24/2011,4/24/2011,"SHARE24",,"share dept",
758,6/22/2011,"2010-11","2009-10","B",,100,55,,8/21/2011,5/18/2011,5/18/2011,"INVEST",,,
758,6/22/2011,"2010-11","2009-10","C",123,100,55,,8/21/2011,5/18/2011,5/18/2011,"INVEST",,,
131,6/28/2011,"2010-11","2009-10","B",,100,12,,8/27/2011,5/8/2011,5/8/2011,"INVEST",,,
131,6/28/2011,"2010-11","2009-10","C",123,100,12,,8/27/2011,5/8/2011,5/8/2011,"INVEST",,,
763,6/27/2011,"2010-11","2009-10","B",,100,100,,8/26/2011,5/2/2011,5/2/2011,"INVEST",,,
649,6/28/2011,"2010-11","2009-10","B",,100,10,,8/27/2011,5/12/2011,5/12/2011,"INVEST",,,
649,6/28/2011,"2010-11","2009-10","C",123,100,10,,8/27/2011,5/12/2011,5/12/2011,"INVEST",,,
724,6/27/2011,"2010-11","2009-10","B",,100,12,,8/26/2011,4/27/2011,4/27/2011,"INVEST",,,
724,6/27/2011,"2010-11","2009-10","C",123,100,12,,8/26/2011,4/27/2011,4/27/2011,"INVEST",,,
139,6/15/2011,"2010-11","2009-10","B",,100,25,,8/14/2011,5/15/2011,5/15/2011,"INVEST",,,
139,6/15/2011,"2010-11","2009-10","C",123,100,25,,8/14/2011,5/15/2011,5/15/2011,"INVEST",,,
606,6/28/2011,"2010-11","2009-10","B",,100,20,,8/27/2011,6/14/2011,6/14/2011,"INVEST",,,
606,6/28/2011,"2010-11","2009-10","C",123,100,20,,8/27/2011,6/14/2011,6/14/2011,"INVEST",,,
756,6/29/2011,"2010-11","2009-10","B",,100,10,,8/28/2011,5/12/2011,5/12/2011,"INVEST",,,
557,6/30/2011,"2010-11","2009-10","B",,100,10,,8/29/2011,5/18/2011,5/18/2011,"INVEST",,,
730,8/4/2011,"2011-12","2010-11","B",,100,40,,10/3/2011,7/12/2011,7/12/2011,"INVEST",,,
151,10/22/2011,"2011-12","2010-11","B",,100,35,,12/21/2011,9/28/2011,9/28/2011,"INVEST",,,
207,6/27/2011,"2010-11","2009-10","F",15,,,,8/26/2011,5/11/2011,5/11/2011,"SHARE01",,"share dept",
122,9/22/2011,"2011-12","2010-11","R",,4,1,,11/21/2011,9/22/2011,9/22/2011,"MERCHAN1",,,
151,10/22/2011,"2011-12","2010-11","C",123,100,35,,12/21/2011,9/28/2011,9/28/2011,"INVEST",,,
728,10/24/2011,"2011-12","2010-11","B",,100,40,,12/23/2011,9/29/2011,9/29/2011,"INVEST",,,
728,10/24/2011,"2011-12","2010-11","C",123,100,40,,12/23/2011,9/29/2011,9/29/2011,"INVEST",,,
477,9/21/2011,"2011-12","2010-11","F",30,,,,11/20/2011,8/16/2011,8/16/2011,"SHARE01",,"-",
136,7/18/2011,"2011-12","2010-11","F",50,,,,9/16/2011,6/27/2011,6/27/2011,"SHARE01",,"-",
408,9/22/2011,"2011-12","2010-11","F",50,,,,11/21/2011,8/17/2011,8/17/2011,"SHARE01",,"-",
211,6/28/2011,"2010-11","2009-10","F",10,,,,8/27/2011,6/9/2011,6/9/2011,"SHARE01",,"-",
101,11/30/2011,"2011-12","2010-11","B",,1,9,,1/28/2012,11/30/2011,11/30/2011,"MERCHAN1",,"Stock Split Face Val 100 to 10",
102,11/30/2011,"2011-12","2010-11","B",,1,9,,1/28/2012,11/30/2011,11/30/2011,"MERCHAN1",,"Stock Split Face Val 100 to 10",
103,11/30/2011,"2011-12","2010-11","B",,1,9,,1/28/2012,11/30/2011,11/30/2011,"MERCHAN1",,"Stock Split Face Val 100 to 10",
104,11/30/2011,"2011-12","2010-11","B",,1,9,,1/28/2012,11/30/2011,11/30/2011,"MERCHAN1",,"Stock Split Face Val 100 to 10",
107,11/30/2011,"2011-12","2010-11","B",,1,9,,1/28/2012,11/30/2011,11/30/2011,"MERCHAN1",,"Stock Split Face Val 100 to 10",
114,11/30/2011,"2011-12","2010-11","B",,1,9,,1/28/2012,11/30/2011,11/30/2011,"MERCHAN1",,"Stock Split Face Val 100 to 10",
118,11/30/2011,"2011-12","2010-11","B",,1,9,,1/28/2012,11/30/2011,11/30/2011,"MERCHAN1",,"Stock Split Face Val 100 to 10",
119,11/30/2011,"2011-12","2010-11","B",,1,9,,1/28/2012,11/30/2011,11/30/2011,"MERCHAN1",,"Stock Split Face Val 100 to 10",
120,11/30/2011,"2011-12","2010-11","B",,1,9,,1/28/2012,11/30/2011,11/30/2011,"MERCHAN1",,"Stock Split Face Val 100 to 10",
121,11/30/2011,"2011-12","2010-11","B",,1,9,,1/28/2012,11/30/2011,11/30/2011,"MERCHAN1",,"Stock Split Face Val 100 to 10",
122,11/30/2011,"2011-12","2010-11","B",,1,9,,1/28/2012,11/30/2011,11/30/2011,"MERCHAN1",,"Stock Split Face Val 100 to 10",
123,11/30/2011,"2011-12","2010-11","B",,1,9,,1/28/2012,11/30/2011,11/30/2011,"MERCHAN1",,"Stock Split Face Val 100 to 10",
124,11/30/2011,"2011-12","2010-11","B",,1,9,,1/28/2012,11/30/2011,11/30/2011,"MERCHAN1",,"Stock Split Face Val 100 to 10",
127,11/30/2011,"2011-12","2010-11","B",,1,9,,1/28/2012,11/30/2011,11/30/2011,"MERCHAN1",,"Stock Split Face Val 100 to 10",
133,11/30/2011,"2011-12","2010-11","B",,1,9,,1/28/2012,11/30/2011,11/30/2011,"MERCHAN1",,"Stock Split Face Val 100 to 10",
135,11/30/2011,"2011-12","2010-11","B",,1,9,,1/28/2012,11/30/2011,11/30/2011,"MERCHAN1",,"Stock Split Face Val 100 to 10",
136,11/30/2011,"2011-12","2010-11","B",,1,9,,1/28/2012,11/30/2011,11/30/2011,"MERCHAN1",,"Stock Split Face Val 100 to 10",
137,11/30/2011,"2011-12","2010-11","B",,1,9,,1/28/2012,11/30/2011,11/30/2011,"MERCHAN1",,"Stock Split Face Val 100 to 10",
138,11/30/2011,"2011-12","2010-11","B",,1,9,,1/28/2012,11/30/2011,11/30/2011,"MERCHAN1",,"Stock Split Face Val 100 to 10",
140,11/30/2011,"2011-12","2010-11","B",,1,9,,1/28/2012,11/30/2011,11/30/2011,"MERCHAN1",,"Stock Split Face Val 100 to 10",
141,11/30/2011,"2011-12","2010-11","B",,1,9,,1/28/2012,11/30/2011,11/30/2011,"MERCHAN1",,"Stock Split Face Val 100 to 10",
144,11/30/2011,"2011-12","2010-11","B",,1,9,,1/28/2012,11/30/2011,11/30/2011,"MERCHAN1",,"Stock Split Face Val 100 to 10",
146,11/30/2011,"2011-12","2010-11","B",,1,9,,1/28/2012,11/30/2011,11/30/2011,"MERCHAN1",,"Stock Split Face Val 100 to 10",
147,11/30/2011,"2011-12","2010-11","B",,1,9,,1/28/2012,11/30/2011,11/30/2011,"MERCHAN1",,"Stock Split Face Val 100 to 10",
148,11/30/2011,"2011-12","2010-11","B",,1,9,,1/28/2012,11/30/2011,11/30/2011,"MERCHAN1",,"Stock Split Face Val 100 to 10",
149,11/30/2011,"2011-12","2010-11","B",,1,9,,1/28/2012,11/30/2011,11/30/2011,"MERCHAN1",,"Stock Split Face Val 100 to 10",
151,11/30/2011,"2011-12","2010-11","B",,1,9,,1/28/2012,11/30/2011,11/30/2011,"MERCHAN1",,"Stock Split Face Val 100 to 10",
152,11/30/2011,"2011-12","2010-11","B",,1,9,,1/28/2012,11/30/2011,11/30/2011,"MERCHAN1",,"Stock Split Face Val 100 to 10",
153,11/30/2011,"2011-12","2010-11","B",,1,9,,1/28/2012,11/30/2011,11/30/2011,"MERCHAN1",,"Stock Split Face Val 100 to 10",
154,11/30/2011,"2011-12","2010-11","B",,1,9,,1/28/2012,11/30/2011,11/30/2011,"MERCHAN1",,"Stock Split Face Val 100 to 10",
155,11/30/2011,"2011-12","2010-11","B",,1,9,,1/28/2012,11/30/2011,11/30/2011,"MERCHAN1",,"Stock Split Face Val 100 to 10",
156,11/30/2011,"2011-12","2010-11","B",,1,9,,1/28/2012,11/30/2011,11/30/2011,"MERCHAN1",,"Stock Split Face Val 100 to 10",
157,11/30/2011,"2011-12","2010-11","B",,1,9,,1/28/2012,11/30/2011,11/30/2011,"MERCHAN1",,"Stock Split Face Val 100 to 10",
158,11/30/2011,"2011-12","2010-11","B",,1,9,,1/28/2012,11/30/2011,11/30/2011,"MERCHAN1",,"Stock Split Face Val 100 to 10",
159,11/30/2011,"2011-12","2010-11","B",,1,9,,1/28/2012,11/30/2011,11/30/2011,"MERCHAN1",,"Stock Split Face Val 100 to 10",
161,11/30/2011,"2011-12","2010-11","B",,10,-9,,1/28/2012,11/30/2011,11/30/2011,"MERCHAN1",,"Stock Split Face Val 100 to 10",
162,11/30/2011,"2011-12","2010-11","B",,1,9,,1/28/2012,11/30/2011,11/30/2011,"MERCHAN1",,"Stock Split Face Val 100 to 10",
164,11/30/2011,"2011-12","2010-11","B",,1,9,,1/28/2012,11/30/2011,11/30/2011,"MERCHAN1",,"Stock Split Face Val 100 to 10",
167,11/30/2011,"2011-12","2010-11","B",,1,9,,1/28/2012,11/30/2011,11/30/2011,"MERCHAN1",,"Stock Split Face Val 100 to 10",
169,11/30/2011,"2011-12","2010-11","B",,1,9,,1/28/2012,11/30/2011,11/30/2011,"MERCHAN1",,"Stock Split Face Val 100 to 10",
172,11/30/2011,"2011-12","2010-11","B",,1,9,,1/28/2012,11/30/2011,11/30/2011,"MERCHAN1",,"Stock Split Face Val 100 to 10",
181,11/30/2011,"2011-12","2010-11","B",,1,9,,1/28/2012,11/30/2011,11/30/2011,"MERCHAN1",,"Stock Split Face Val 100 to 10",
201,11/30/2011,"2011-12","2010-11","B",,1,9,,1/28/2012,11/30/2011,11/30/2011,"MERCHAN1",,"Stock Split Face Val 100 to 10",
202,11/30/2011,"2011-12","2010-11","B",,1,9,,1/28/2012,11/30/2011,11/30/2011,"MERCHAN1",,"Stock Split Face Val 100 to 10",
203,11/30/2011,"2011-12","2010-11","B",,1,9,,1/28/2012,11/30/2011,11/30/2011,"MERCHAN1",,"Stock Split Face Val 100 to 10",
207,11/30/2011,"2011-12","2010-11","B",,1,9,,1/28/2012,11/30/2011,11/30/2011,"MERCHAN1",,"Stock Split Face Val 100 to 10",
209,11/30/2011,"2011-12","2010-11","B",,1,9,,1/28/2012,11/30/2011,11/30/2011,"MERCHAN1",,"Stock Split Face Val 100 to 10",
211,11/30/2011,"2011-12","2010-11","B",,1,9,,1/28/2012,11/30/2011,11/30/2011,"MERCHAN1",,"Stock Split Face Val 100 to 10",
225,6/28/2012,"2011-12","2010-11","F",21,,,,8/27/2012,5/14/2012,5/14/2012,"SHARE01",,"-",
303,1/21/2012,"2011-12","2010-11","F",30,,,,3/21/2012,12/4/2011,12/4/2011,"SHARE01",,"-",
759,6/28/2012,"2011-12","2010-11","F",15,,,,8/27/2012,5/10/2012,5/10/2012,"SHARE01",,"-",
649,6/10/2012,"2011-12","2010-11","F",5,,,,8/9/2012,5/17/2012,5/17/2012,"SHARE01",,"-",
477,9/25/2012,"2012-13","2011-12","C",11,100,40,,11/24/2012,8/26/2012,8/26/2012,"MERCHAN1",,,
618,9/29/2012,"2012-13","2011-12","B",,100,25,,11/28/2012,7/23/2012,7/23/2012,"MERCHAN1",,,
618,9/29/2012,"2012-13","2011-12","C",15,100,25,,11/28/2012,7/23/2012,7/23/2012,"MERCHAN1",,,
302,5/12/2012,"2011-12","2010-11","F",50,,,,7/11/2012,4/4/2011,4/4/2011,"SHARE01",,"-",
319,8/12/2012,"2012-13","2011-12","F",5,,,,10/11/2012,7/15/2012,7/15/2012,"SHARE01",,"-",
730,8/28/2012,"2012-13","2011-12","F",3,,,,10/27/2012,7/5/2012,7/5/2012,"SHARE01",,"-",
192,9/10/2012,"2012-13","2011-12","F",11,,,,11/9/2012,10/14/2012,10/14/2012,"SHARE01",,"-",
736,10/20/2012,"2012-13","2011-12","R",,3,1,0,12/19/2012,10/10/2012,10/10/2012,"SHARE01",,,
151,10/20/2012,"2012-13","2011-12","B",,100,25,,12/19/2012,10/3/2012,10/3/2012,"MERCHAN1",,,
151,10/20/2012,"2012-13","2011-12","C",12,100,25,,12/19/2012,10/3/2012,10/3/2012,"MERCHAN1",,,
259,11/10/2012,"2012-13","2011-12","F",100,,,,1/9/2013,11/5/2012,11/5/2012,"SHARE01",,"-",
259,11/10/2012,"2012-13","2011-12","I",100,,,,1/9/2013,11/5/2012,11/5/2012,"SHARE01",,"-",
563,11/3/2012,"2012-13","2011-12","B",,100,10,,1/2/2013,9/24/2012,9/24/2012,"MERCHAN1",,,
563,11/3/2012,"2012-13","2011-12","C",12,100,10,,1/2/2013,9/24/2012,9/24/2012,"MERCHAN1",,,
318,11/8/2012,"2012-13","2011-12","B",,100,21,,1/7/2013,10/8/2012,10/8/2012,"MERCHAN1",,,
318,11/8/2012,"2012-13","2011-12","C",12,100,21,,1/7/2013,10/8/2012,10/8/2012,"MERCHAN1",,,
427,11/4/2012,"2012-13","2011-12","B",,100,50,,1/3/2013,10/10/2012,10/10/2012,"MERCHAN1",,,
427,11/4/2012,"2012-13","2011-12","C",12,100,50,,1/3/2013,10/10/2012,10/10/2012,"MERCHAN1",,,
232,11/13/2012,"2012-13","2011-12","B",,100,20,,1/12/2013,9/13/2012,9/13/2012,"MERCHAN1",,,
232,11/13/2012,"2012-13","2011-12","C",12,100,20,,1/12/2013,9/13/2012,9/13/2012,"MERCHAN1",,,
954,10/8/2012,"2012-13","2011-12","F",8.87,,,,12/7/2012,10/8/2012,10/8/2012,"MERCHAN3",,,
213,12/24/2012,"2012-13","2011-12","F",75,,,,2/22/2013,11/26/2012,11/26/2012,"SHARE14",,"-",
281,12/26/2012,"2012-13","2011-12","F",10,,,,2/24/2013,11/29/2012,11/29/2012,"SHARE14",,"-",
475,12/26/2012,"2012-13","2011-12","F",20,,,,2/24/2013,11/12/2012,11/12/2012,"SHARE14",,"-",
132,3/28/2013,"2012-13","2011-12","F",15,,,,5/27/2013,2/27/2013,2/27/2013,"SHARE01",,"-",
320,4/28/2013,"2012-13","2011-12","B",,100,30,,6/27/2013,3/28/2013,3/28/2013,"MERCHAN1",,,
320,4/28/2013,"2012-13","2011-12","C",11,100,30,,6/27/2013,3/28/2013,3/28/2013,"MERCHAN1",,,
124,4/30/2013,"2012-13","2011-12","B",,100,25,,6/29/2013,4/8/2013,4/8/2013,"MERCHAN1",,,
124,4/30/2013,"2012-13","2011-12","C",12,100,25,,6/29/2013,4/8/2013,4/8/2013,"MERCHAN1",,,
454,4/23/2013,"2012-13","2011-12","F",150,,,,6/22/2013,3/18/2013,3/18/2013,"SHARE14",,"-",
223,3/28/2013,"2012-13","2011-12","F",5,,,,5/27/2013,11/7/2012,11/7/2012,"SHARE01",,"-",
465,6/8/2013,"2012-13","2011-12","B",,100,20,,8/7/2013,5/8/2013,5/8/2013,"MERCHAN1",,,
465,6/8/2013,"2012-13","2011-12","C",20,100,20,,8/7/2013,5/8/2013,5/8/2013,"MERCHAN1",,,
747,6/6/2013,"2012-13","2011-12","B",,100,10,,8/5/2013,4/9/2013,4/9/2013,"MERCHAN1",,,
747,6/6/2013,"2012-13","2011-12","C",10,100,10,,8/5/2013,4/9/2013,4/9/2013,"MERCHAN1",,,
455,6/11/2013,"2012-13","2011-12","B",,100,20,,8/10/2013,5/12/2013,5/12/2013,"MERCHAN1",,,
455,6/11/2013,"2012-13","2011-12","C",147.3,100,20,,8/10/2013,5/12/2013,5/12/2013,"INVEST",,,
262,5/24/2013,"2012-13","2011-12","F",20,,,,7/23/2013,6/19/2012,6/19/2012,"SHARE01",,"-",
744,6/24/2013,"2012-13","2011-12","B",,100,10,,8/23/2013,5/15/2013,5/15/2013,"MERCHAN1",,,
744,6/24/2013,"2012-13","2011-12","C",10,100,10,,8/23/2013,5/15/2013,5/15/2013,"MERCHAN1",,,
761,6/30/2013,"2012-13","2011-12","B",,100,12,,8/29/2013,5/8/2013,5/8/2013,"MERCHAN1",,,
761,6/30/2013,"2012-13","2011-12","C",12,100,12,,8/29/2013,5/8/2013,5/8/2013,"MERCHAN1",,,
729,6/27/2013,"2012-13","2011-12","B",,100,12.5,,8/26/2013,5/12/2013,5/12/2013,"MERCHAN1",,,
729,6/27/2013,"2012-13","2011-12","C",12.5,100,12.5,,8/26/2013,5/12/2013,5/12/2013,"MERCHAN1",,,
717,6/29/2013,"2012-13","2011-12","B",,100,30,,8/28/2013,6/11/2013,6/11/2013,"MERCHAN1",,,
717,6/29/2013,"2012-13","2011-12","C",30,100,30,,8/28/2013,6/11/2013,6/11/2013,"MERCHAN1",,,
719,5/27/2013,"2012-13","2011-12","F",20,,,,7/26/2013,4/11/2013,4/11/2013,"SHARE01",,"-",
457,6/22/2013,"2012-13","2011-12","F",60,,,,8/21/2013,5/13/2013,5/13/2013,"SHARE01",,"-",
721,6/17/2013,"2012-13","2011-12","F",10,,,,8/16/2013,5/15/2013,5/15/2013,"SHARE01",,"-",
763,6/20/2013,"2012-13","2011-12","F",20,,,,8/19/2013,5/5/2013,5/5/2013,"SHARE01",,"-",
811,6/24/2013,"2012-13","2011-12","F",25,,,,8/23/2013,5/20/2013,5/20/2013,"SHARE01",,"-",
565,6/24/2013,"2012-13","2011-12","F",25,,,,8/23/2013,5/20/2013,5/20/2013,"SHARE01",,"-",
134,6/27/2013,"2012-13","2011-12","F",15,,,,8/26/2013,5/12/2013,5/12/2013,"SHARE01",,"-",
230,6/27/2013,"2012-13","2011-12","F",5,,,,8/26/2013,5/16/2013,5/16/2013,"SHARE01",,"-",
759,6/22/2013,"2012-13","2011-12","F",10,,,,8/21/2013,5/20/2013,5/20/2013,"SHARE01",,"-",
207,6/27/2013,"2012-13","2011-12","F",10,,,,8/26/2013,5/13/2013,5/13/2013,"SHARE01",,"-",
163,7/30/2013,"2013-14","2012-13","F",30,,,,9/28/2013,6/30/2013,6/30/2013,"INVEST",,,
727,8/22/2013,"2013-14","2012-13","B",,100,5,,10/21/2013,6/18/2013,6/18/2013,"MERCHAN1",,,
727,8/22/2013,"2013-14","2012-13","C",5,100,5,,10/21/2013,6/18/2013,6/18/2013,"MERCHAN1",,,
192,8/26/2013,"2013-14","2012-13","B",,100,10,,10/25/2013,8/26/2013,8/26/2013,"MERCHAN1",,,
192,8/26/2013,"2013-14","2012-13","C",10,100,10,,10/25/2013,8/26/2013,8/26/2013,"MERCHAN1",,,
485,8/19/2013,"2013-14","2012-13","F",50,,,,10/18/2013,7/2/2013,7/2/2013,"SHARE01",,"-",
171,8/26/2013,"2013-14","2012-13","B",,100,9.1575,,10/25/2013,8/26/2013,8/26/2013,"MERCHAN1",,,
193,8/26/2013,"2013-14","2012-13","B",,100,8.4,,10/25/2013,8/26/2013,8/26/2013,"MERCHAN1",,,
177,8/26/2013,"2013-14","2012-13","B",,100,8.7412,,10/25/2013,8/26/2013,8/26/2013,"MERCHAN1",,,
738,9/7/2013,"2013-14","2012-13","B",,100,5,,11/6/2013,7/11/2013,7/11/2013,"MERCHAN1",,,
738,9/7/2013,"2013-14","2012-13","C",5,100,5,,11/6/2013,7/11/2013,7/11/2013,"MERCHAN1",,,
485,12/6/2013,"2013-14","2012-13","I",200,,,,2/4/2014,11/6/2013,11/6/2013,"SHARE01",,"-",
752,12/4/2013,"2013-14","2012-13","F",25,,,,2/2/2014,9/30/2013,9/30/2013,"SHARE01",,"-",
215,12/1/2013,"2013-14","2012-13","F",22,,,,1/30/2014,11/20/2013,11/20/2013,"SHARE01",,"-",
151,12/13/2013,"2013-14","2012-13","F",40,,,,2/11/2014,10/24/2013,10/24/2013,"SHARE01",,"-",
560,12/24/2013,"2013-14","2012-13","B",,100,10,,2/22/2014,11/13/2013,11/13/2013,"MERCHAN1",,,
498,12/29/2013,"2013-14","2012-13","B",,100,5,,2/27/2014,10/29/2013,10/29/2013,"MERCHAN1",,,
410,12/24/2013,"2013-14","2012-13","B",,100,25,,2/22/2014,11/12/2013,11/12/2013,"MERCHAN1",,,
556,12/21/2013,"2013-14","2012-13","B",,100,10,,2/19/2014,11/17/2013,11/17/2013,"MERCHAN1",,,
306,1/4/2014,"2013-14","2012-13","B",,100,15,,3/5/2014,11/5/2013,11/5/2013,"MERCHAN1",,,
640,12/26/2013,"2013-14","2012-13","B",,100,10,,2/24/2014,11/13/2013,11/13/2013,"MERCHAN1",,,
488,12/24/2013,"2013-14","2012-13","B",,100,10,,2/22/2014,11/28/2013,11/28/2013,"MERCHAN1",,,
492,12/26/2013,"2013-14","2012-13","B",,100,15,,2/24/2014,11/7/2013,11/7/2013,"MERCHAN1",,,
295,12/4/2013,"2013-14","2012-13","B",,100,2,,2/2/2014,11/3/2013,11/3/2013,"MERCHAN1",,,
448,12/30/2013,"2013-14","2012-13","B",,100,10,,2/28/2014,11/17/2013,11/17/2013,"MERCHAN1",,,
553,1/11/2014,"2013-14","2012-13","B",,100,30,,3/12/2014,11/25/2013,11/25/2013,"MERCHAN1",,,
442,12/24/2013,"2013-14","2012-13","F",10,,,,2/22/2014,11/10/2013,11/10/2013,"SHARE14",,"-",
622,12/11/2013,"2013-14","2012-13","F",10,,,,2/9/2014,11/18/2013,11/18/2013,"SHARE01",,"-",
309,1/4/2014,"2013-14","2012-13","B",,100,20,,3/5/2014,11/28/2013,11/28/2013,"MERCHAN1",,,
487,12/24/2013,"2013-14","2012-13","F",10,,,,2/22/2014,11/13/2013,11/13/2013,"SHARE01",,"-",
634,12/26/2013,"2013-14","2012-13","F",10,,,,2/24/2014,11/19/2013,11/19/2013,"SHARE01",,"-",
298,12/12/2013,"2013-14","2012-13","F",10,,,,2/10/2014,11/13/2013,11/13/2013,"SHARE01",,"-",
638,12/22/2013,"2013-14","2012-13","F",11,,,,2/20/2014,12/20/2013,12/20/2013,"SHARE01",,"-",
103,7/11/2012,"2012-13","2011-12","F",5,,,,9/9/2012,5/17/2012,5/17/2012,"SHARE01",,"-",
162,8/20/2012,"2012-13","2011-12","F",100,,,,10/19/2012,8/12/2012,8/12/2012,"INVEST",,"-",
181,9/30/2012,"2012-13","2011-12","F",100,,,,11/29/2012,9/18/2012,9/18/2012,"SHARE01",,"-",
259,11/5/2012,"2012-13","2011-12","I",100,,,,1/4/2013,11/5/2012,11/5/2012,"INVEST",,"Interim dividend",
488,11/30/2012,"2012-13","2011-12","B",,100,12,,1/29/2013,10/30/2012,10/30/2012,"MERCHAN1",,,
488,11/30/2012,"2012-13","2011-12","C",12,100,12,,1/29/2013,10/30/2012,10/30/2012,"MERCHAN1",,,
560,12/22/2012,"2012-13","2011-12","B",,100,10,,2/20/2013,11/22/2012,11/22/2012,"MERCHAN1",,,
560,12/22/2012,"2012-13","2011-12","C",11,100,10,,2/20/2013,11/22/2012,11/22/2012,"MERCHAN1",,,
289,12/26/2012,"2012-13","2011-12","B",,100,12,,2/24/2013,11/19/2012,11/19/2012,"MERCHAN1",,,
289,12/26/2012,"2012-13","2011-12","C",11,100,12,,2/24/2013,11/19/2012,11/19/2012,"MERCHAN1",,,
257,12/23/2012,"2012-13","2011-12","B",,100,45,,2/21/2013,11/26/2012,11/26/2012,"MERCHAN1",,,
257,12/23/2012,"2012-13","2011-12","C",11,100,45,,2/21/2013,11/26/2012,11/26/2012,"MERCHAN1",,,
212,12/27/2012,"2012-13","2011-12","B",,100,2,,2/25/2013,11/21/2012,11/21/2012,"MERCHAN1",,,
212,12/27/2012,"2012-13","2011-12","C",10,100,2,,2/25/2013,11/21/2012,11/21/2012,"MERCHAN1",,,
556,12/13/2012,"2012-13","2011-12","B",,100,10,,2/11/2013,11/19/2012,11/19/2012,"MERCHAN1",,,
556,12/13/2012,"2012-13","2011-12","C",9,100,10,,2/11/2013,11/19/2012,11/19/2012,"MERCHAN1",,,
270,12/23/2012,"2012-13","2011-12","B",,100,20,,2/21/2013,11/21/2012,11/21/2012,"MERCHAN1",,,
270,12/23/2012,"2012-13","2011-12","C",11,100,20,,2/21/2013,11/21/2012,11/21/2012,"MERCHAN1",,,
306,1/2/2013,"2012-13","2011-12","B",,100,15,,3/3/2013,11/7/2012,11/7/2012,"MERCHAN1",,,
306,1/2/2013,"2012-13","2011-12","C",11,100,15,,3/3/2013,11/7/2012,11/7/2012,"MERCHAN1",,,
491,12/31/2012,"2012-13","2011-12","B",,100,5,,3/1/2013,12/17/2012,12/17/2012,"MERCHAN1",,,
491,12/31/2012,"2012-13","2011-12","C",9,100,5,,3/1/2013,12/17/2012,12/17/2012,"MERCHAN1",,,
308,1/12/2013,"2012-13","2011-12","B",,100,30,,3/13/2013,12/6/2012,12/6/2012,"MERCHAN1",,,
308,1/12/2013,"2012-13","2011-12","C",12,100,30,,3/13/2013,12/6/2012,12/6/2012,"MERCHAN1",,,
448,12/30/2012,"2012-13","2011-12","B",,100,10,,2/28/2013,11/15/2012,11/15/2012,"MERCHAN1",,,
448,12/30/2012,"2012-13","2011-12","C",8,100,10,,2/28/2013,11/15/2012,11/15/2012,"MERCHAN1",,,
647,12/22/2012,"2012-13","2011-12","B",,100,5,,2/20/2013,11/12/2012,11/12/2012,"MERCHAN1",,,
647,12/22/2012,"2012-13","2011-12","C",7,100,5,,2/20/2013,11/12/2012,11/12/2012,"MERCHAN1",,,
423,12/23/2012,"2012-13","2011-12","B",,100,20,,2/21/2013,11/26/2012,11/26/2012,"MERCHAN1",,,
423,12/23/2012,"2012-13","2011-12","C",11,100,20,,2/21/2013,11/26/2012,11/26/2012,"MERCHAN1",,,
307,12/29/2012,"2012-13","2011-12","B",,100,10,,2/27/2013,11/21/2012,11/21/2012,"MERCHAN1",,,
307,12/29/2012,"2012-13","2011-12","C",12,100,10,,2/27/2013,11/21/2012,11/21/2012,"MERCHAN1",,,
553,1/10/2013,"2012-13","2011-12","B",,100,18,,3/11/2013,11/8/2012,11/8/2012,"MERCHAN1",,,
553,1/10/2013,"2012-13","2011-12","C",6,100,18,,3/11/2013,11/8/2012,11/8/2012,"MERCHAN1",,,
417,12/23/2012,"2012-13","2011-12","B",,100,10,,2/21/2013,11/26/2012,11/26/2012,"MERCHAN1",,,
417,12/23/2012,"2012-13","2011-12","C",8,100,10,,2/21/2013,11/26/2012,11/26/2012,"MERCHAN1",,,
214,12/20/2012,"2012-13","2011-12","F",5,,,,2/18/2013,11/13/2012,11/13/2012,"SHARE14",,"-",
147,6/28/2012,"2011-12","2010-11","R",,1,2,,8/27/2012,2/14/2013,2/14/2013,"INVEST",,"2 right agianst 1 share",
302,2/16/2013,"2012-13","2011-12","F",65,,,,4/17/2013,12/26/2012,12/26/2012,"SHARE01",,"-",
113,3/31/2013,"2012-13","2011-12","B",,100,10,,5/30/2013,3/12/2013,3/12/2013,"MERCHAN1",,,
113,3/31/2013,"2012-13","2011-12","C",11,100,10,,5/30/2013,3/12/2013,3/12/2013,"MERCHAN1",,,
122,3/31/2013,"2012-13","2011-12","B",,100,10,,5/30/2013,3/12/2013,3/12/2013,"MERCHAN1",,,
122,3/31/2013,"2012-13","2011-12","C",11,100,10,,5/30/2013,3/12/2013,3/12/2013,"MERCHAN1",,,
450,3/28/2013,"2012-13","2011-12","B",,100,5,,5/27/2013,2/18/2013,2/18/2013,"MERCHAN1",,,
450,3/28/2013,"2012-13","2011-12","C",11,100,5,,5/27/2013,2/18/2013,2/18/2013,"MERCHAN1",,"3",
742,4/25/2013,"2012-13","2011-12","F",10,,,,6/24/2013,3/11/2013,3/11/2013,"INVEST",,,
113,3/31/2013,"2012-13","2011-12","F",10,,,,5/30/2013,3/12/2013,3/12/2013,"SHARE14",,"-",
443,4/9/2013,"2012-13","2011-12","F",15,,,,6/8/2013,2/14/2013,2/14/2013,"SHARE01",,"-",
114,4/21/2013,"2012-13","2011-12","F",15,,,,6/20/2013,3/28/2013,3/28/2013,"SHARE01",,"-",
754,6/15/2013,"2012-13","2011-12","B",,100,15,,8/14/2013,4/30/2013,4/30/2013,"MERCHAN1",,,
754,6/15/2013,"2012-13","2011-12","C",15,100,15,,8/14/2013,4/30/2013,4/30/2013,"MERCHAN1",,,
725,6/23/2013,"2012-13","2011-12","B",,100,10,,8/22/2013,5/8/2013,5/8/2013,"MERCHAN1",,,
725,6/23/2013,"2012-13","2011-12","C",10,100,10,,8/22/2013,5/8/2013,5/8/2013,"MERCHAN1",,,
759,6/22/2013,"2012-13","2011-12","B",,100,5,,8/21/2013,5/20/2013,5/20/2013,"MERCHAN1",,,
759,6/22/2013,"2012-13","2011-12","C",12,100,5,,8/21/2013,5/20/2013,5/20/2013,"MERCHAN1",,,
220,6/15/2013,"2012-13","2011-12","B",,100,5,,8/14/2013,5/26/2013,5/26/2013,"MERCHAN1",,,
220,6/15/2013,"2012-13","2011-12","C",5,100,5,,8/14/2013,5/26/2013,5/26/2013,"MERCHAN1",,,
452,6/29/2013,"2012-13","2011-12","B",,100,15,,8/28/2013,5/20/2013,5/20/2013,"MERCHAN1",,,
452,6/29/2013,"2012-13","2011-12","C",15,100,15,,8/28/2013,5/20/2013,5/20/2013,"MERCHAN1",,,
472,6/29/2013,"2012-13","2011-12","B",,100,10,,8/28/2013,5/20/2013,5/20/2013,"MERCHAN1",,,
472,6/29/2013,"2012-13","2011-12","C",10,100,10,,8/28/2013,5/20/2013,5/20/2013,"MERCHAN1",,,
102,6/16/2013,"2012-13","2011-12","B",,100,10,,8/15/2013,4/29/2013,4/29/2013,"MERCHAN1",,,
102,6/16/2013,"2012-13","2011-12","C",10,100,10,,8/15/2013,4/29/2013,4/29/2013,"MERCHAN1",,,
445,6/17/2013,"2012-13","2011-12","B",,100,15,,8/16/2013,5/23/2013,5/23/2013,"MERCHAN1",,,
445,6/17/2013,"2012-13","2011-12","C",15,100,15,,8/16/2013,5/23/2013,5/23/2013,"MERCHAN1",,,
145,6/29/2013,"2012-13","2011-12","B",,100,12,,8/28/2013,5/15/2013,5/15/2013,"MERCHAN1",,,
145,6/29/2013,"2012-13","2011-12","C",12,100,12,,8/28/2013,5/15/2013,5/15/2013,"MERCHAN1",,,
230,6/27/2013,"2012-13","2011-12","B",,100,15,,8/26/2013,5/16/2013,5/16/2013,"MERCHAN1",,,
230,6/27/2013,"2012-13","2011-12","C",15,100,15,,8/26/2013,5/16/2013,5/16/2013,"MERCHAN1",,,
764,6/8/2013,"2012-13","2011-12","B",,100,15,,8/7/2013,5/15/2013,5/15/2013,"MERCHAN1",,,
764,6/8/2013,"2012-13","2011-12","C",15,100,15,,8/7/2013,5/15/2013,5/15/2013,"MERCHAN1",,,
724,6/26/2013,"2012-13","2011-12","B",,100,12,,8/25/2013,5/8/2013,5/8/2013,"MERCHAN1",,,
724,6/26/2013,"2012-13","2011-12","C",12,100,12,,8/25/2013,5/8/2013,5/8/2013,"MERCHAN1",,,
731,6/11/2013,"2012-13","2011-12","B",,100,6,,8/10/2013,4/28/2013,4/28/2013,"MERCHAN1",,,
731,6/11/2013,"2012-13","2011-12","C",6,100,6,,8/10/2013,4/28/2013,4/28/2013,"MERCHAN1",,,
748,6/12/2013,"2012-13","2011-12","B",,100,5,,8/11/2013,5/7/2013,5/7/2013,"MERCHAN1",,,
748,6/12/2013,"2012-13","2011-12","C",5,100,5,,8/11/2013,5/7/2013,5/7/2013,"MERCHAN1",,,
139,6/12/2013,"2012-13","2011-12","B",,100,25,,8/11/2013,5/7/2013,5/7/2013,"MERCHAN1",,,
139,6/12/2013,"2012-13","2011-12","C",25,100,25,,8/11/2013,5/7/2013,5/7/2013,"MERCHAN1",,,
721,6/17/2013,"2012-13","2011-12","B",,100,20,,8/16/2013,5/15/2013,5/15/2013,"MERCHAN1",,,
721,6/17/2013,"2012-13","2011-12","C",20,100,20,,8/16/2013,5/15/2013,5/15/2013,"MERCHAN1",,,
653,6/29/2013,"2012-13","2011-12","B",,100,15,,8/28/2013,5/20/2013,5/20/2013,"MERCHAN1",,,
653,6/29/2013,"2012-13","2011-12","C",15,100,15,,8/28/2013,5/20/2013,5/20/2013,"MERCHAN1",,,
755,6/23/2013,"2012-13","2011-12","B",,100,15,,8/22/2013,5/14/2013,5/14/2013,"MERCHAN1",,,
755,6/23/2013,"2012-13","2011-12","C",15,100,15,,8/22/2013,5/14/2013,5/14/2013,"MERCHAN1",,,
109,6/16/2013,"2012-13","2011-12","F",15,,,,8/15/2013,5/13/2013,5/13/2013,"SHARE14",,"-",
762,6/30/2013,"2012-13","2011-12","B",,100,12,,8/29/2013,5/13/2013,5/13/2013,"MERCHAN1",,,
762,6/30/2013,"2012-13","2011-12","C",12,100,12,,8/29/2013,5/13/2013,5/13/2013,"MERCHAN1",,,
757,6/26/2013,"2012-13","2011-12","B",,100,12,,8/25/2013,5/22/2013,5/22/2013,"MERCHAN1",,,
757,6/26/2013,"2012-13","2011-12","C",12,100,12,,8/25/2013,5/22/2013,5/22/2013,"MERCHAN1",,,
735,6/30/2013,"2012-13","2011-12","B",,100,12,,8/29/2013,5/21/2013,5/21/2013,"MERCHAN1",,,
735,6/30/2013,"2012-13","2011-12","C",12,100,12,,8/29/2013,5/21/2013,5/21/2013,"MERCHAN1",,,
649,6/20/2013,"2012-13","2011-12","B",,100,5,,8/19/2013,5/16/2013,5/16/2013,"MERCHAN1",,,
649,6/20/2013,"2012-13","2011-12","C",5,100,5,,8/19/2013,5/16/2013,5/16/2013,"MERCHAN1",,,
606,6/21/2012,"2011-12","2010-11","F",10,,,,8/20/2012,5/10/2012,5/10/2012,"SHARE01",,"-",
206,6/30/2012,"2011-12","2010-11","F",15,,,,8/29/2012,4/29/2012,4/29/2012,"SHARE01",,"-",
317,6/30/2012,"2011-12","2010-11","F",15,,,,8/29/2012,4/29/2012,4/29/2012,"SHARE01",,"-",
728,7/29/2012,"2012-13","2011-12","B",,100,25,,9/27/2012,7/3/2012,7/3/2012,"MERCHAN1",,,
728,7/29/2012,"2012-13","2011-12","C",12,100,25,,9/27/2012,7/3/2012,7/3/2012,"MERCHAN1",,,
138,7/26/2011,"2011-12","2010-11","B",,100,15,,9/24/2011,5/29/2011,5/29/2011,"MERCHAN1",,,
138,7/26/2011,"2011-12","2010-11","C",255,100,15,,9/24/2011,5/29/2011,5/29/2011,"MERCHAN1",,,
728,7/29/2012,"2012-13","2011-12","F",1.25,,,,9/27/2012,7/3/2012,7/3/2012,"SHARE01",,"-",
117,6/29/2012,"2011-12","2010-11","F",10.5,,,,8/28/2012,6/12/2012,6/12/2012,"SHARE01",,"-",
494,10/4/2012,"2012-13","2011-12","F",10,,,,12/3/2012,9/12/2012,9/12/2012,"SHARE14",,"-",
171,9/20/2012,"2012-13","2011-12","F",10,,,,11/19/2012,9/13/2012,9/13/2012,"SHARE01",,"-",
166,9/20/2012,"2012-13","2011-12","F",15,,,,11/19/2012,9/13/2012,9/13/2012,"SHARE01",,"-",
177,9/20/2012,"2012-13","2011-12","F",5,,,,11/19/2012,9/13/2012,9/13/2012,"SHARE01",,"-",
174,9/20/2012,"2012-13","2011-12","F",5,,,,11/19/2012,9/13/2012,9/13/2012,"SHARE01",,"-",
615,10/4/2012,"2012-13","2011-12","F",7,,,,12/3/2012,9/19/2012,9/19/2012,"SHARE01",,"-",
151,10/20/2012,"2012-13","2011-12","F",25,,,,12/19/2012,10/3/2012,10/3/2012,"SHARE01",,"-",
138,11/11/2012,"2012-13","2011-12","B",,100,10,,1/10/2013,10/7/2012,10/7/2012,"MERCHAN1",,,
138,11/11/2012,"2012-13","2011-12","C",12,100,10,,1/10/2013,10/7/2012,10/7/2012,"MERCHAN1",,,
622,12/3/2012,"2012-13","2011-12","B",,100,10,,2/1/2013,11/15/2012,11/15/2012,"MERCHAN1",,,
622,12/3/2012,"2012-13","2011-12","C",11,100,10,,2/1/2013,11/15/2012,11/15/2012,"MERCHAN1",,,
202,12/27/2012,"2012-13","2011-12","F",10,,,,2/25/2013,11/22/2012,11/22/2012,"SHARE14",,"-",
610,12/28/2012,"2012-13","2011-12","B",,100,20,,2/26/2013,11/26/2012,11/26/2012,"MERCHAN1",,,
610,12/28/2012,"2012-13","2011-12","C",11,100,20,,2/26/2013,11/26/2012,11/26/2012,"MERCHAN1",,,
310,12/30/2012,"2012-13","2011-12","B",,100,5,,2/28/2013,11/27/2012,11/27/2012,"MERCHAN1",,,
310,12/30/2012,"2012-13","2011-12","C",12,100,5,,2/28/2013,11/27/2012,11/27/2012,"MERCHAN1",,,
607,12/27/2012,"2012-13","2011-12","F",5,,,,2/25/2013,11/27/2012,11/27/2012,"SHARE14",,"-",
307,1/5/2013,"2012-13","2011-12","F",10,,,,3/6/2013,11/21/2012,11/21/2012,"SHARE14",,"-",
307,1/5/2012,"2011-12","2010-11","F",10,,,,3/5/2012,11/21/2012,11/21/2012,"SHARE14",,"-",
302,2/16/2013,"2012-13","2011-12","B",,100,35,,4/17/2013,12/26/2012,12/26/2012,"INVEST",,,
302,2/16/2013,"2012-13","2011-12","C",12,100,35,,4/17/2013,12/26/2012,12/26/2012,"INVEST",,,
308,1/12/2013,"2012-13","2011-12","F",45,,,,3/13/2013,12/6/2012,12/6/2012,"SHARE01",,"-",
217,12/22/2012,"2012-13","2011-12","F",10,,,,2/20/2013,11/20/2012,11/20/2012,"SHARE01",,"-",
549,4/10/2013,"2012-13","2011-12","F",50,,,,6/9/2013,2/24/2013,2/24/2013,"SHARE14",,"-",
129,5/6/2013,"2012-13","2011-12","B",,100,10,,7/5/2013,4/18/2013,4/18/2013,"MERCHAN1",,,
129,5/6/2013,"2012-13","2011-12","C",12,100,10,,7/5/2013,4/18/2013,4/18/2013,"MERCHAN1",,,
123,4/27/2013,"2012-13","2011-12","B",,100,8,,6/26/2013,3/27/2013,3/27/2013,"MERCHAN1",,,
123,4/27/2013,"2012-13","2011-12","C",15,100,8,,6/26/2013,3/27/2013,3/27/2013,"MERCHAN1",,,
133,5/9/2013,"2012-13","2011-12","F",7.5,,,,7/8/2013,3/14/2013,3/14/2013," SHARE01",,"-",
297,5/4/2013,"2012-13","2011-12","B",,100,10,,7/3/2013,4/17/2013,4/17/2013,"MERCHAN1",,,
297,5/4/2013,"2012-13","2011-12","C",10,100,10,,7/3/2013,4/17/2013,4/17/2013,"MERCHAN1",,,
146,4/27/2013,"2012-13","2011-12","F",15,,,,6/26/2013,4/3/2013,4/3/2013,"SHARE01",,"-",
104,5/22/2013,"2012-13","2011-12","B",,100,17,,7/21/2013,4/11/2013,4/11/2013,"MERCHAN1",,,
104,5/22/2013,"2012-13","2011-12","C",17,100,17,,7/21/2013,4/11/2013,4/11/2013,"MERCHAN1",,,
732,3/27/2013,"2012-13","2011-12","F",10,,,,5/26/2013,3/5/2013,3/5/2013,"SHARE01",,"-",
229,3/30/2013,"2012-13","2011-12","F",15,,,,5/29/2013,3/7/2013,3/7/2013,"SHARE01",,"-",
621,5/9/2013,"2012-13","2011-12","F",50,,,,7/8/2013,4/15/2013,4/15/2013,"SHARE01",,"-",
108,6/6/2013,"2012-13","2011-12","F",10,,,,8/5/2013,5/13/2013,5/13/2013,"SHARE01",,"-",
726,6/8/2013,"2012-13","2011-12","B",,100,12,,8/7/2013,4/21/2013,4/21/2013,"MERCHAN1",,,
726,6/8/2013,"2012-13","2011-12","C",12,100,12,,8/7/2013,4/21/2013,4/21/2013,"MERCHAN1",,,
117,6/22/2013,"2012-13","2011-12","B",,100,10,,8/21/2013,5/22/2013,5/22/2013,"MERCHAN1",,,
117,6/22/2013,"2012-13","2011-12","C",10,100,10,,8/21/2013,5/22/2013,5/22/2013,"MERCHAN1",,,
457,6/22/2013,"2012-13","2011-12","B",,100,25,,8/21/2013,5/13/2013,5/13/2013,"MERCHAN1",,,
457,6/22/2013,"2012-13","2011-12","C",25,100,25,,8/21/2013,5/13/2013,5/13/2013,"MERCHAN1",,,
512,6/24/2013,"2012-13","2011-12","B",,100,20,,8/23/2013,5/26/2013,5/26/2013,"MERCHAN1",,,
512,6/24/2013,"2012-13","2011-12","C",20,100,20,,8/23/2013,5/26/2013,5/26/2013,"MERCHAN1",,,
468,6/29/2013,"2012-13","2011-12","B",,100,20,,8/28/2013,6/13/2013,6/13/2013,"MERCHAN1",,,
468,6/29/2013,"2012-13","2011-12","C",11,100,20,,8/28/2013,6/13/2013,6/13/2013,"MERCHAN1",,,
646,6/29/2013,"2012-13","2011-12","B",,100,5,,8/28/2013,5/12/2013,5/12/2013,"MERCHAN1",,,
646,6/29/2013,"2012-13","2011-12","C",5,100,5,,8/28/2013,5/12/2013,5/12/2013,"MERCHAN1",,,
741,7/4/2013,"2013-14","2012-13","B",,100,5,,9/2/2013,6/3/2013,6/3/2013,"MERCHAN1",,,
741,7/4/2013,"2013-14","2012-13","C",5,100,5,,9/2/2013,6/3/2013,6/3/2013,"MERCHAN1",,,
105,6/9/2013,"2012-13","2011-12","F",6,,,,8/8/2013,5/14/2013,5/14/2013,"INVEST",,,
137,3/28/2013,"2012-13","2011-12","F",5,,,,5/27/2013,3/12/2013,3/12/2013,"SHARE01",,"-",
125,8/14/2013,"2013-14","2012-13","B",,100,10,,10/13/2013,6/9/2013,6/9/2013,"MERCHAN1",,,
125,8/14/2013,"2013-14","2012-13","C",10,100,10,,10/13/2013,6/9/2013,6/9/2013,"MERCHAN1",,,
602,6/15/2013,"2012-13","2011-12","F",50,,,,8/14/2013,5/8/2013,5/8/2013,"SHARE01",,"-",
512,6/24/2013,"2012-13","2011-12","F",20,,,,8/23/2013,5/26/2013,5/26/2013,"SHARE01",,"-",
174,8/26/2013,"2013-14","2012-13","B",,100,8.726,,10/25/2013,8/26/2013,8/26/2013,"MERCHAN1",,,
183,8/26/2013,"2013-14","2012-13","B",,100,2.3607,,10/25/2013,8/26/2013,8/26/2013,"MERCHAN1",,,
317,6/15/2013,"2012-13","2011-12","F",25,,,,8/14/2013,4/17/2013,4/17/2013,"SHARE01",,"-",
257,9/8/2013,"2013-14","2012-13","B",,100,70,,11/7/2013,8/14/2013,8/14/2013,"MERCHAN1",,,
257,9/8/2013,"2013-14","2012-13","C",7,100,70,,11/7/2013,8/14/2013,8/14/2013,"MERCHAN1",,,
197,8/26/2013,"2013-14","2012-13","B",,100,10.2,,10/25/2013,8/26/2013,8/26/2013,"MERCHAN1",,,
195,8/26/2013,"2013-14","2012-13","B",,100,8.41,,10/25/2013,8/26/2013,8/26/2013,"MERCHAN1",,,
743,9/8/2013,"2013-14","2012-13","B",,100,15,,11/7/2013,7/11/2013,7/11/2013,"MERCHAN1",,,
743,9/8/2013,"2013-14","2012-13","C",15,100,15,,11/7/2013,7/11/2013,7/11/2013,"MERCHAN1",,,
164,8/30/2013,"2013-14","2012-13","F",20,,,,10/29/2013,8/25/2013,8/25/2013,"SHARE01",,"-",
162,8/30/2013,"2013-14","2012-13","F",100,,,,10/29/2013,8/25/2013,8/25/2013,"SHARE01",,"-",
169,8/30/2013,"2013-14","2012-13","F",10,,,,10/29/2013,8/25/2013,8/25/2013,"SHARE01",,"-",
727,8/22/2013,"2013-14","2012-13","F",32,,,,10/21/2013,6/18/2013,6/18/2013,"SHARE01",,"-",
728,10/2/2013,"2013-14","2012-13","B",,100,15,,12/1/2013,9/17/2013,9/17/2013,"MERCHAN1",,,
728,10/2/2013,"2013-14","2012-13","C",15,100,15,,12/1/2013,9/17/2013,9/17/2013,"MERCHAN1",,,
734,8/31/2013,"2013-14","2012-13","F",12,,,,10/30/2013,7/2/2013,7/2/2013,"SHARE01",,"-",
420,9/28/2013,"2013-14","2012-13","F",18,,,,11/27/2013,7/31/2013,7/31/2013,"SHARE01",,"-",
254,9/28/2013,"2013-14","2012-13","F",18,,,,11/27/2013,8/21/2013,8/21/2013,"SHARE01",,"-",
152,9/14/2013,"2013-14","2012-13","F",700,,,,11/13/2013,8/14/2013,8/14/2013,"SHARE01",,"-",
153,9/14/2013,"2013-14","2012-13","F",375,,,,11/13/2013,8/14/2013,8/14/2013,"SHARE01",,"-",
154,9/14/2013,"2013-14","2012-13","F",240,,,,11/13/2013,8/14/2013,8/14/2013,"SHARE01",,"-",
262,7/5/2013,"2013-14","2012-13","F",30,,,,9/3/2013,6/12/2013,6/12/2013,"SHARE01",,"-",
480,11/1/2013,"2013-14","2012-13","B",,100,10,,12/31/2013,9/22/2013,9/22/2013,"MERCHAN1",,,
480,11/1/2013,"2013-14","2012-13","C",10,100,10,,12/31/2013,9/22/2013,9/22/2013,"MERCHAN1",,,
161,10/2/2013,"2013-14","2012-13","F",25,,,,12/1/2013,9/2/2013,9/2/2013,"SHARE01",,"-",
168,9/29/2013,"2013-14","2012-13","F",10,,,,11/28/2013,8/29/2013,8/29/2013,"SHARE01",,"-",
166,9/29/2013,"2013-14","2012-13","F",20,,,,11/28/2013,8/29/2013,8/29/2013,"SHARE01",,"-",
445,6/21/2012,"2011-12","2010-11","B",,100,12.5,,8/20/2012,5/24/2012,5/24/2012,"MERCHAN1",,,
445,6/21/2012,"2011-12","2010-11","C",11,100,12.5,,8/20/2012,5/24/2012,5/24/2012,"MERCHAN1",,,
319,8/12/2012,"2012-13","2011-12","B",,100,25,,10/11/2012,7/15/2012,7/15/2012,"MERCHAN1",,,
319,8/12/2012,"2012-13","2011-12","C",15,100,25,,10/11/2012,7/15/2012,7/15/2012,"MERCHAN1",,,
209,8/20/2012,"2012-13","2011-12","I",50,,,,10/19/2012,8/13/2012,8/13/2012,"SHARE01",,"-",
211,6/30/2012,"2011-12","2010-11","F",10,,,,8/29/2012,6/12/2012,6/12/2012,"SHARE01",,"-",
420,9/19/2012,"2012-13","2011-12","F",18,,,,11/18/2012,7/25/2012,7/25/2012,"SHARE14",,"-",
254,9/19/2012,"2012-13","2011-12","F",18,,,,11/18/2012,8/13/2012,8/13/2012,"SHARE14",,"-",
468,6/21/2012,"2011-12","2010-11","F",12,,,,8/20/2012,6/8/2012,6/8/2012,"SHARE01",,"-",
475,12/28/2011,"2011-12","2010-11","F",200,,,,2/26/2012,11/9/2011,11/9/2011,"SHARE14",,"-",
477,9/25/2012,"2012-13","2011-12","F",25,,,,11/24/2012,8/26/2012,8/26/2012,"SHARE01",,"-",
408,9/29/2012,"2012-13","2011-12","F",50,,,,11/28/2012,8/27/2012,8/27/2012,"SHARE01",,"-",
485,11/20/2012,"2012-13","2011-12","I",100,,,,1/19/2013,11/8/2012,11/8/2012,"SHARE01",,"-",
564,11/18/2012,"2012-13","2011-12","B",,100,20,,1/17/2013,10/16/2012,10/16/2012,"MERCHAN1",,,
564,11/18/2012,"2012-13","2011-12","C",11,100,20,,1/17/2013,10/16/2012,10/16/2012,"MERCHAN1",,,
622,12/3/2012,"2012-13","2011-12","F",10,,,,2/1/2013,11/15/2012,11/15/2012,"SHARE01",,"-",
210,12/20/2012,"2012-13","2011-12","B",,100,25,,2/18/2013,12/5/2012,12/5/2012,"MERCHAN1",,,
210,12/20/2012,"2012-13","2011-12","C",11,100,25,,2/18/2013,12/5/2012,12/5/2012,"MERCHAN1",,,
401,12/20/2012,"2012-13","2011-12","B",,100,10,,2/18/2013,11/18/2012,11/18/2012,"MERCHAN1",,,
401,12/20/2012,"2012-13","2011-12","C",11,100,10,,2/18/2013,11/18/2012,11/18/2012,"MERCHAN1",,,
295,12/11/2012,"2012-13","2011-12","B",,100,10,,2/9/2013,11/8/2012,11/8/2012,"MERCHAN1",,,
295,12/11/2012,"2012-13","2011-12","C",12,100,10,,2/9/2013,11/8/2012,11/8/2012,"MERCHAN1",,,
214,12/20/2012,"2012-13","2011-12","B",,100,10,,2/18/2013,11/13/2012,11/13/2012,"MERCHAN1",,,
214,12/20/2012,"2012-13","2011-12","C",11,100,10,,2/18/2013,11/13/2012,11/13/2012,"MERCHAN1",,,
462,12/6/2012,"2012-13","2011-12","F",25,,,,2/4/2013,10/22/2012,10/22/2012,"SHARE14",,"-",
498,12/30/2012,"2012-13","2011-12","B",,100,5,,2/28/2013,11/1/2012,11/1/2012,"MERCHAN1",,,
498,12/30/2012,"2012-13","2011-12","C",10,100,5,,2/28/2013,11/1/2012,11/1/2012,"MERCHAN1",,,
640,12/23/2012,"2012-13","2011-12","B",,100,10,,2/21/2013,11/1/2012,11/1/2012,"MERCHAN1",,,
640,12/23/2012,"2012-13","2011-12","C",11,100,10,,2/21/2013,11/1/2012,11/1/2012,"MERCHAN1",,,
500,12/31/2012,"2012-13","2011-12","B",,100,20,,3/1/2013,12/17/2012,12/17/2012,"MERCHAN1",,,
500,12/31/2012,"2012-13","2011-12","C",11,100,20,,3/1/2013,12/17/2012,12/17/2012,"MERCHAN1",,,
480,12/25/2012,"2012-13","2011-12","B",,100,10,,2/23/2013,11/15/2012,11/15/2012,"MERCHAN1",,,
480,12/25/2012,"2012-13","2011-12","C",11,100,10,,2/23/2013,11/15/2012,11/15/2012,"MERCHAN1",,,
487,12/24/2012,"2012-13","2011-12","B",,100,10,,2/22/2013,11/15/2012,11/15/2012,"MERCHAN1",,,
487,12/24/2012,"2012-13","2011-12","C",10,100,10,,2/22/2013,11/15/2012,11/15/2012,"MERCHAN1",,,
657,12/23/2012,"2012-13","2011-12","B",,100,10,,2/21/2013,11/22/2012,11/22/2012,"MERCHAN1",,,
657,12/23/2012,"2012-13","2011-12","C",11,100,10,,2/21/2013,11/22/2012,11/22/2012,"MERCHAN1",,,
202,12/27/2012,"2012-13","2011-12","B",,100,50,,2/25/2013,11/22/2012,11/22/2012,"MERCHAN1",,,
202,12/27/2012,"2012-13","2011-12","C",11,100,50,,2/25/2013,11/22/2012,11/22/2012,"MERCHAN1",,,
410,12/19/2012,"2012-13","2011-12","B",,100,10,,2/17/2013,11/8/2012,11/8/2012,"MERCHAN1",,,
410,12/19/2012,"2012-13","2011-12","C",11,100,10,,2/17/2013,11/8/2012,11/8/2012,"MERCHAN1",,,
492,12/23/2012,"2012-13","2011-12","B",,100,10,,2/21/2013,11/15/2012,11/15/2012,"MERCHAN1",,,
492,12/23/2012,"2012-13","2011-12","C",11,100,10,,2/21/2013,11/15/2012,11/15/2012,"MERCHAN1",,,
464,12/6/2012,"2012-13","2011-12","F",10,,,,2/4/2013,11/5/2012,11/5/2012,"SHARE14",,"-",
561,12/27/2012,"2012-13","2011-12","F",10,,,,2/25/2013,11/15/2012,11/15/2012,"SHARE14",,"-",
498,12/30/2012,"2012-13","2011-12","F",5,,,,2/28/2013,11/1/2012,11/1/2012,"SHARE14",,"-",
491,12/31/2012,"2012-13","2011-12","F",15,,,,3/1/2013,12/17/2012,12/17/2012,"SHARE14",,"-",
360,12/27/2012,"2012-13","2011-12","F",10,,,,2/25/2013,12/20/2012,12/20/2012,"SHARE14",,"-",
442,12/27/2012,"2012-13","2011-12","F",10,,,,2/25/2013,11/11/2012,11/11/2012,"SHARE14",,"-",
549,2/10/2013,"2012-13","2011-12","F",50,,,,4/11/2013,2/20/2013,2/20/2013,"SHARE14",,"-",
655,1/15/2013,"2012-13","2011-12","B",,1000,1073.6,,3/16/2013,1/15/2013,1/15/2013,"MERCHAN1",,,
655,1/15/2013,"2012-13","2011-12","C",11,1000,1073.6,,3/16/2013,1/15/2013,1/15/2013,"MERCHAN1",,,
170,2/13/2013,"2012-13","2011-12","F",10,,,,4/14/2013,2/26/2013,2/26/2013,"SHARE01",,"-",
170,3/13/2013,"2012-13","2011-12","F",10,,,,5/12/2013,2/26/2013,2/26/2013,"SHARE01",,"-",
111,3/31/2013,"2012-13","2011-12","F",20,,,,5/30/2013,3/10/2013,3/10/2013,"SHARE01",,"-",
497,4/18/2013,"2012-13","2011-12","B",,100,25,,6/17/2013,3/25/2013,3/25/2013,"MERCHAN1",,,
497,4/18/2013,"2012-13","2011-12","C",11,100,25,,6/17/2013,3/25/2013,3/25/2013,"MERCHAN1",,,
753,4/20/2013,"2012-13","2011-12","B",,100,10,,6/19/2013,3/28/2013,3/28/2013,"MERCHAN1",,,
753,4/20/2013,"2012-13","2011-12","C",10,100,10,,6/19/2013,3/28/2013,3/28/2013,"MERCHAN1",,,
120,4/15/2013,"2012-13","2011-12","B",,100,17,,6/14/2013,3/21/2013,3/21/2013,"MERCHAN1",,,
120,4/15/2013,"2012-13","2011-12","C",12,100,17,,6/14/2013,3/21/2013,3/21/2013,"MERCHAN1",,,
484,4/21/2013,"2012-13","2011-12","F",180,,,,6/20/2013,3/31/2013,3/31/2013,"SHARE01",,"-",
719,5/27/2013,"2012-13","2011-12","B",,100,10,,7/26/2013,4/11/2013,4/11/2013,"MERCHAN1",,,
719,5/27/2013,"2012-13","2011-12","C",11,100,10,,7/26/2013,4/11/2013,4/11/2013,"MERCHAN1",,,
231,4/30/2013,"2012-13","2011-12","F",10,,,,6/29/2013,3/12/2013,3/12/2013,"SHARE01",,"-",
107,5/25/2013,"2012-13","2011-12","B",,100,10,,7/24/2013,5/9/2013,5/9/2013,"MERCHAN1",,,
107,5/25/2013,"2012-13","2011-12","C",10,100,10,,7/24/2013,5/9/2013,5/9/2013,"MERCHAN1",,,
718,5/15/2013,"2012-13","2011-12","B",,100,7.5,,7/14/2013,4/24/2013,4/24/2013,"MERCHAN1",,,
718,5/15/2013,"2012-13","2011-12","C",11,100,7.5,,7/14/2013,4/24/2013,4/24/2013,"MERCHAN1",,,
739,6/1/2013,"2012-13","2011-12","B",,100,12,,7/31/2013,3/28/2013,3/28/2013,"MERCHAN1",,,
739,6/1/2013,"2012-13","2011-12","C",12,100,12,,7/31/2013,3/28/2013,3/28/2013,"MERCHAN1",,,
746,5/16/2013,"2012-13","2011-12","F",5,,,,7/15/2013,4/11/2013,4/11/2013,"SHARE01",,"-",
301,5/16/2013,"2012-13","2011-12","F",110,,,,7/15/2013,3/28/2013,3/28/2013,"SHARE01",,"-",
605,5/8/2013,"2012-13","2011-12","F",10,,,,7/7/2013,3/6/2013,3/6/2013,"SHARE01",,"-",
144,6/30/2013,"2012-13","2011-12","B",,100,30,,8/29/2013,6/9/2013,6/9/2013,"MERCHAN1",,,
144,6/30/2013,"2012-13","2011-12","C",30,100,30,,8/29/2013,6/9/2013,6/9/2013,"MERCHAN1",,,
430,6/22/2013,"2012-13","2011-12","B",,100,5,,8/21/2013,5/26/2013,5/26/2013,"MERCHAN1",,,
430,6/22/2013,"2012-13","2011-12","C",5,100,5,,8/21/2013,5/26/2013,5/26/2013,"MERCHAN1",,,
218,5/29/2013,"2012-13","2011-12","F",50,,,,7/28/2013,4/24/2013,4/24/2013,"SHARE01",,"-",
449,6/13/2013,"2012-13","2011-12","F",18,,,,8/12/2013,5/12/2013,5/12/2013,"SHARE01",,"-",
459,6/12/2013,"2012-13","2011-12","F",150,,,,8/11/2013,5/6/2013,5/6/2013,"SHARE01",,"-",
126,6/6/2013,"2012-13","2011-12","F",14,,,,8/5/2013,5/20/2013,5/20/2013,"SHARE01",,"-",
606,6/27/2013,"2012-13","2011-12","B",,100,20,,8/26/2013,5/12/2013,5/12/2013,"MERCHAN1",,,
606,6/27/2013,"2012-13","2011-12","C",20,100,20,,8/26/2013,5/12/2013,5/12/2013,"MERCHAN1",,,
117,6/22/2013,"2012-13","2011-12","F",5,,,,8/21/2013,5/22/2013,5/22/2013,"SHARE01",,"-",
625,6/2/2013,"2012-13","2011-12","F",25,,,,8/1/2013,5/12/2013,5/12/2013,"SHARE01",,"-",
603,6/19/2013,"2012-13","2011-12","F",105,,,,8/18/2013,5/8/2013,5/8/2013,"SHARE01",,"-",
760,8/17/2013,"2013-14","2012-13","B",,100,12,,10/16/2013,7/16/2013,7/16/2013,"MERCHAN1",,,
760,8/17/2013,"2013-14","2012-13","C",12,100,12,,10/16/2013,7/16/2013,7/16/2013,"MERCHAN1",,,
188,9/2/2013,"2013-14","2012-13","B",,100,10,,11/1/2013,9/2/2013,9/2/2013,"MERCHAN1",,,
188,9/2/2013,"2013-14","2012-13","C",10,100,10,,11/1/2013,9/2/2013,9/2/2013,"MERCHAN1",,,
737,9/1/2013,"2013-14","2012-13","B",,100,18,,10/31/2013,7/18/2013,7/18/2013,"MERCHAN1",,,
737,9/1/2013,"2013-14","2012-13","C",10,100,18,,10/31/2013,7/18/2013,7/18/2013,"MERCHAN1",,,
485,8/19/2013,"2013-14","2012-13","I",150,,,,10/18/2013,8/4/2013,8/4/2013,"SHARE01",,"-",
415,7/31/2012,"2012-13","2011-12","F",0,,,,9/29/2012,7/31/2012,7/31/2012,"SHARE01",,"-",
729,6/26/2012,"2011-12","2010-11","F",5,,,,8/25/2012,5/2/2012,5/2/2012,"SHARE01",,"-",
136,6/26/2012,"2011-12","2010-11","F",10,,,,8/25/2012,5/15/2012,5/15/2012,"SHARE01",,"-",
455,6/12/2012,"2011-12","2010-11","F",80,,,,8/11/2012,5/16/2012,5/16/2012,"SHARE01",,"-",
142,6/28/2012,"2011-12","2010-11","F",15,,,,8/27/2012,5/8/2012,5/8/2012,"SHARE01",,"-",
451,6/14/2012,"2011-12","2010-11","F",30,,,,8/13/2012,5/14/2012,5/14/2012,"SHARE01",,"-",
106,4/22/2012,"2011-12","2010-11","F",5,,,,6/21/2012,3/6/2012,3/6/2012,"SHARE01",,"-",
549,8/14/2012,"2012-13","2011-12","I",90,,,,10/13/2012,7/31/2012,7/31/2012,"SHARE01",,"-",
601,9/26/2012,"2012-13","2011-12","F",35,,,,11/25/2012,8/29/2012,8/29/2012,"SHARE01",,"-",
172,8/20/2012,"2012-13","2011-12","F",5,,,,10/19/2012,8/12/2012,8/12/2012,"INVEST",,"5 %",
169,8/20/2012,"2012-13","2011-12","F",23,,,,10/19/2012,8/12/2012,8/12/2012,"INVEST",,"23 %",
173,8/20/2012,"2012-13","2011-12","F",5,,,,10/19/2012,8/12/2012,8/12/2012,"INVEST",,"5 %",
175,8/20/2012,"2012-13","2011-12","F",5,,,,10/19/2012,8/12/2012,8/12/2012,"INVEST",,"5%",
164,8/20/2012,"2012-13","2011-12","F",36,,,,10/19/2012,8/12/2012,8/12/2012,"INVEST",,"36 %",
167,8/20/2012,"2012-13","2011-12","F",37,,,,10/19/2012,8/12/2012,8/12/2012,"INVEST",,"37 %",
178,8/20/2012,"2012-13","2011-12","F",5,,,,10/19/2012,8/12/2012,8/12/2012,"INVEST",,"5 %",
163,8/20/2012,"2012-13","2011-12","F",33,,,,10/19/2012,6/30/2012,6/30/2012,"SHARE14",,"-",
565,10/18/2012,"2012-13","2011-12","B",,100,15,,12/17/2012,9/25/2012,9/25/2012,"MERCHAN1",,,
565,10/18/2012,"2012-13","2011-12","C",125,100,15,,12/17/2012,9/25/2012,9/25/2012,"MERCHAN1",,,
464,12/6/2012,"2012-13","2011-12","B",,100,30,,2/4/2013,11/5/2012,11/5/2012,"MERCHAN1",,,
464,12/6/2012,"2012-13","2011-12","C",11,100,30,,2/4/2013,11/5/2012,11/5/2012,"MERCHAN1",,,
310,12/30/2012,"2012-13","2011-12","F",30,,,,2/28/2013,11/27/2012,11/27/2012,"SHARE14",,"-",
511,12/29/2012,"2012-13","2011-12","F",5,,,,2/27/2013,11/27/2012,11/27/2012,"SHARE14",,"-",
278,12/20/2012,"2012-13","2011-12","F",31,,,,2/18/2013,11/5/2012,11/5/2012,"SHARE14",,"-",
657,12/23/2012,"2012-13","2011-12","F",35,,,,2/21/2013,11/22/2012,11/22/2012,"SHARE14",,"-",
413,12/23/2012,"2012-13","2011-12","F",15,,,,2/21/2013,11/8/2012,11/8/2012,"SHARE14",,"-",
638,12/31/2012,"2012-13","2011-12","F",1,,,,3/1/2013,12/20/2012,12/20/2012,"SHARE14",,"-",
306,1/2/2013,"2012-13","2011-12","F",10,,,,3/3/2013,11/7/2012,11/7/2012,"SHARE14",,"-",
750,3/5/2013,"2012-13","2011-12","R",,1,1,0,5/4/2013,2/28/2013,2/28/2013,"SHARE14",,,
309,1/26/2013,"2012-13","2011-12","F",45,,,,3/27/2013,12/24/2012,12/24/2012,"SHARE01",,"-",
140,3/28/2013,"2012-13","2011-12","B",,100,30,,5/27/2013,3/13/2013,3/13/2013,"MERCHAN1",,,
140,3/28/2013,"2012-13","2011-12","C",11,100,30,,5/27/2013,3/13/2013,3/13/2013,"MERCHAN1",,,
720,3/31/2013,"2012-13","2011-12","B",,100,15,,5/30/2013,2/28/2013,2/28/2013,"MERCHAN1",,,
720,3/31/2013,"2012-13","2011-12","C",12,100,15,,5/30/2013,2/28/2013,2/28/2013,"MERCHAN1",,,
132,3/28/2013,"2012-13","2011-12","B",,100,15,,5/27/2013,2/27/2013,2/27/2013,"MERCHAN1",,,
132,3/28/2013,"2012-13","2011-12","C",11,100,15,,5/27/2013,2/27/2013,2/27/2013,"MERCHAN1",,,
654,4/10/2013,"2012-13","2011-12","B",,100,10,,6/9/2013,2/24/2013,2/24/2013,"MERCHAN1",,,
654,4/10/2013,"2012-13","2011-12","C",12,100,10,,6/9/2013,2/24/2013,2/24/2013,"MERCHAN1",,,
137,3/28/2013,"2012-13","2011-12","B",,100,15,,5/27/2013,3/12/2013,3/12/2013,"MERCHAN1",,,
137,3/28/2013,"2012-13","2011-12","C",11,100,15,,5/27/2013,3/12/2013,3/12/2013,"MERCHAN1",,,
740,3/31/2013,"2012-13","2011-12","B",,100,10,,5/30/2013,3/14/2013,3/14/2013,"MERCHAN1",,,
740,3/31/2013,"2012-13","2011-12","C",11,100,10,,5/30/2013,3/14/2013,3/14/2013,"MERCHAN1",,,
298,3/28/2013,"2012-13","2011-12","B",,100,20,,5/27/2013,3/14/2013,3/14/2013,"MERCHAN1",,,
298,3/28/2013,"2012-13","2011-12","C",10,100,20,,5/27/2013,3/14/2013,3/14/2013,"MERCHAN1",,,
259,4/1/2013,"2012-13","2011-12","F",400,,,,5/31/2013,3/10/2013,3/10/2013,"SHARE01",,"-",
123,4/27/2013,"2012-13","2011-12","F",7,,,,6/26/2013,3/28/2013,3/28/2013,"SHARE01",,"-",
118,4/28/2013,"2012-13","2011-12","F",40,,,,6/27/2013,4/3/2013,4/3/2013,"SHARE14",,"-",
654,4/10/2013,"2012-13","2011-12","F",15,,,,6/9/2013,2/24/2013,2/24/2013,"SHARE01",,"-",
231,4/30/2013,"2012-13","2011-12","B",,100,5,,6/29/2013,3/12/2013,3/12/2013,"MERCHAN1",,,
231,4/30/2013,"2012-13","2011-12","C",11,100,5,,6/29/2013,3/12/2013,3/12/2013,"MERCHAN1",,,
750,4/25/2013,"2012-13","2011-12","B",,100,6,,6/24/2013,3/7/2013,3/7/2013,"MERCHAN1",,,
750,4/25/2013,"2012-13","2011-12","C",12,100,6,,6/24/2013,3/7/2013,3/7/2013,"MERCHAN1",,,
736,4/24/2013,"2012-13","2011-12","B",,100,10,,6/23/2013,3/20/2013,3/20/2013,"MERCHAN1",,,
736,4/24/2013,"2012-13","2011-12","C",13,100,10,,6/23/2013,3/20/2013,3/20/2013,"MERCHAN1",,,
209,5/8/2013,"2012-13","2011-12","B",,100,25,,7/7/2013,4/1/2013,4/1/2013,"MERCHAN1",,,
209,5/8/2013,"2012-13","2011-12","C",12,100,25,,7/7/2013,4/1/2013,4/1/2013,"MERCHAN1",,,
756,4/18/2012,"2011-12","2010-11","R",,2,1,,6/17/2012,4/24/2013,4/24/2013,"INVEST",,,
758,5/27/2013,"2012-13","2011-12","F",15,,,,7/26/2013,5/6/2013,5/6/2013,"SHARE01",,"-",
104,5/22/2013,"2012-13","2011-12","F",8,,,,7/21/2013,4/11/2013,4/11/2013,"SHARE01",,"-",
101,7/7/2013,"2013-14","2012-13","B",,100,12.5,,9/5/2013,4/30/2013,4/30/2013,"MERCHAN1",,,
101,7/7/2013,"2013-14","2012-13","C",12.5,100,12.5,,9/5/2013,4/30/2013,4/30/2013,"MERCHAN1",,,
226,6/15/2013,"2012-13","2011-12","B",,100,5,,8/14/2013,5/15/2013,5/15/2013,"MERCHAN1",,,
226,6/15/2013,"2012-13","2011-12","C",5,100,5,,8/14/2013,5/15/2013,5/15/2013,"MERCHAN1",,,
294,6/30/2013,"2012-13","2011-12","B",,100,10,,8/29/2013,6/10/2013,6/10/2013,"MERCHAN1",,,
294,6/30/2013,"2012-13","2011-12","C",10,100,10,,8/29/2013,6/10/2013,6/10/2013,"MERCHAN1",,,
447,6/22/2013,"2012-13","2011-12","B",,100,10,,8/21/2013,5/15/2013,5/15/2013,"MERCHAN1",,,
447,6/22/2013,"2012-13","2011-12","C",10,100,10,,8/21/2013,5/15/2013,5/15/2013,"MERCHAN1",,,
147,6/29/2013,"2012-13","2011-12","B",,100,10,,8/28/2013,5/21/2013,5/21/2013,"MERCHAN1",,,
147,6/29/2013,"2012-13","2011-12","C",10,100,10,,8/28/2013,5/21/2013,5/21/2013,"MERCHAN1",,,
624,6/20/2013,"2012-13","2011-12","F",20,,,,8/19/2013,5/12/2013,5/12/2013,"SHARE01",,"-",
557,6/27/2013,"2012-13","2011-12","B",,100,10,,8/26/2013,5/16/2013,5/16/2013,"MERCHAN1",,,
557,6/27/2013,"2012-13","2011-12","C",10,100,10,,8/26/2013,5/16/2013,5/16/2013,"MERCHAN1",,,
319,7/15/2013,"2013-14","2012-13","B",,100,15,,9/13/2013,5/20/2013,5/20/2013,"MERCHAN1",,,
319,7/15/2013,"2013-14","2012-13","C",15,100,15,,9/13/2013,5/20/2013,5/20/2013,"MERCHAN1",,,
296,6/11/2013,"2012-13","2011-12","F",25,,,,8/10/2013,5/12/2013,5/12/2013,"SHARE01",,"-",
455,6/11/2013,"2012-13","2011-12","F",80,,,,8/10/2013,5/12/2013,5/12/2013,"SHARE01",,"-",
731,6/11/2013,"2012-13","2011-12","F",10,,,,8/10/2013,4/30/2013,4/30/2013,"SHARE01",,"-",
121,6/13/2013,"2012-13","2011-12","F",5,,,,8/12/2013,4/22/2013,4/22/2013,"SHARE01",,"-",
312,6/19/2013,"2012-13","2011-12","F",12.5,,,,8/18/2013,5/14/2013,5/14/2013,"SHARE01",,"-",
144,6/30/2013,"2012-13","2011-12","F",30,,,,8/29/2013,6/9/2013,6/9/2013,"SHARE01",,"-",
142,6/11/2013,"2012-13","2011-12","F",12.5,,,,8/10/2013,5/9/2013,5/9/2013,"SHARE01",,"-",
549,7/30/2013,"2013-14","2012-13","F",90,,,,9/28/2013,7/29/2013,7/29/2013,"SHARE01",,"-",
148,8/4/2013,"2013-14","2012-13","B",,100,50,,10/3/2013,7/16/2013,7/16/2013,"MERCHAN1",,,
148,8/4/2013,"2013-14","2012-13","C",10,100,50,,10/3/2013,7/16/2013,7/16/2013,"MERCHAN1",,,
174,8/26/2013,"2013-14","2012-13","C",9,100,8.726,,10/25/2013,8/26/2013,8/26/2013,"MERCHAN1",,,
183,8/26/2013,"2013-14","2012-13","C",9,100,2.3607,,10/25/2013,8/26/2013,8/26/2013,"MERCHAN1",,,
311,9/26/2013,"2013-14","2012-13","B",,100,20,,11/25/2013,8/19/2013,8/19/2013,"MERCHAN1",,,
311,9/26/2013,"2013-14","2012-13","C",20,100,20,,11/25/2013,8/19/2013,8/19/2013,"MERCHAN1",,,
765,9/29/2013,"2013-14","2012-13","B",,100,8,,11/28/2013,8/26/2013,8/26/2013,"MERCHAN1",,,
765,9/29/2013,"2013-14","2012-13","C",8,100,8,,11/28/2013,8/26/2013,8/26/2013,"MERCHAN1",,,
181,10/15/2013,"2013-14","2012-13","F",110,,,,12/14/2013,10/3/2013,10/3/2013,"SHARE01",,"-",
641,6/15/2013,"2012-13","2011-12","F",10,,,,8/14/2013,5/8/2013,5/8/2013,"SHARE01",,"-",
743,9/8/2013,"2013-14","2012-13","F",13,,,,11/7/2013,7/11/2013,7/11/2013,"SHARE01",,"-",
728,10/2/2013,"2013-14","2012-13","F",2,,,,12/1/2013,9/17/2013,9/17/2013,"SHARE01",,"-",
140,6/19/2012,"2011-12","2010-11","F",40,,,,8/18/2012,5/27/2012,5/27/2012,"SHARE01",,"-",
125,7/4/2012,"2012-13","2011-12","B",,100,14,,9/2/2012,5/22/2012,5/22/2012,"MERCHAN1",,,
125,7/4/2012,"2012-13","2011-12","C",12,100,14,,9/2/2012,5/22/2012,5/22/2012,"MERCHAN1",,,
738,7/12/2012,"2012-13","2011-12","B",,100,12,,9/10/2012,5/27/2012,5/27/2012,"MERCHAN1",,,
641,1/9/2014,"2013-14","2012-13","R",,1,1,5,3/10/2014,1/9/2014,1/9/2014,"MERCHAN1",,,
737,9/6/2012,"2012-13","2011-12","B",,100,18,,11/5/2012,7/9/2012,7/9/2012,"MERCHAN1",,,
737,9/6/2012,"2012-13","2011-12","C",11,100,18,,11/5/2012,7/9/2012,7/9/2012,"MERCHAN1",,,
192,9/20/2012,"2012-13","2011-12","F",11,,,,11/19/2012,9/2/2012,9/2/2012,"SHARE14",,"-",
161,9/6/2012,"2012-13","2011-12","F",20,,,,11/5/2012,9/6/2012,9/6/2012,"INVEST",,"20 %",
311,9/27/2012,"2012-13","2011-12","F",10,,,,11/26/2012,8/8/2012,8/8/2012,"SHARE01",,"-",
752,11/14/2012,"2012-13","2011-12","B",,100,15,,1/13/2013,9/13/2012,9/13/2012,"MERCHAN1",,,
752,11/14/2012,"2012-13","2011-12","C",12,100,15,,1/13/2013,9/13/2012,9/13/2012,"MERCHAN1",,,
232,11/13/2012,"2012-13","2011-12","F",10,,,,1/12/2013,9/13/2012,9/13/2012,"SHARE14",,"-",
743,11/7/2012,"2012-13","2011-12","F",15,,,,1/6/2013,9/25/2012,9/25/2012,"SHARE14",,"-",
194,12/26/2012,"2012-13","2011-12","F",3,,,,2/24/2013,11/26/2012,11/26/2012,"SHARE14",,"-",
194,12/10/2012,"2012-13","2011-12","F",3,,,,2/8/2013,11/26/2012,11/26/2012,"SHARE14",,"-",
563,11/17/2012,"2012-13","2011-12","F",20,,,,1/16/2013,9/24/2012,9/24/2012,"INVEST",,"-",
603,12/20/2012,"2012-13","2011-12","I",170,,,,2/18/2013,12/10/2012,12/10/2012,"SHARE14",,"-",
752,11/14/2012,"2012-13","2011-12","F",10,,,,1/13/2013,9/13/2012,9/13/2012,"SHARE14",,"-",
634,12/26/2012,"2012-13","2011-12","F",10,,,,2/24/2013,11/8/2012,11/8/2012,"SHARE14",,"-",
476,12/6/2012,"2012-13","2011-12","F",16,,,,2/4/2013,11/5/2012,12/5/2012,"SHARE14",,"-",
303,1/19/2013,"2012-13","2011-12","F",30,,,,3/20/2013,12/5/2012,12/5/2012,"SHARE14",,"-",
355,12/10/2012,"2012-13","2011-12","F",20,,,,2/8/2013,11/11/2012,11/11/2012,"SHARE14",,"-",
215,12/8/2012,"2012-13","2011-12","F",22,,,,2/6/2013,11/21/2012,11/21/2012,"SHARE14",,"-",
492,12/23/2012,"2012-13","2011-12","F",10,,,,2/21/2013,11/15/2012,11/15/2012,"SHARE14",,"-",
309,1/26/2013,"2012-13","2011-12","B",,100,30,,3/27/2013,12/24/2012,12/24/2012,"MERCHAN1",,,
309,1/26/2013,"2012-13","2011-12","C",11,100,30,,3/27/2013,12/24/2012,12/24/2012,"MERCHAN1",,,
415,12/27/2012,"2012-13","2011-12","F",7,,,,2/25/2013,11/15/2012,11/15/2012,"SHARE14",,"-",
436,12/29/2012,"2012-13","2011-12","F",10,,,,2/27/2013,11/11/2012,11/11/2012,"SHARE14",,"-",
732,3/27/2013,"2012-13","2011-12","B",,100,20,,5/26/2013,3/5/2013,3/5/2013,"MERCHAN1",,,
732,3/27/2013,"2012-13","2011-12","C",11,100,20,,5/26/2013,3/5/2013,3/5/2013,"MERCHAN1",,,
115,4/18/2013,"2012-13","2011-12","B",,100,16,,6/17/2013,3/27/2013,3/27/2013,"MERCHAN1",,,
115,4/18/2013,"2012-13","2011-12","C",11,100,16,,6/17/2013,3/27/2013,3/27/2013,"MERCHAN1",,,
130,3/31/2013,"2012-13","2011-12","B",,100,5,,5/30/2013,3/11/2013,3/11/2013,"MERCHAN1",,,
130,3/31/2013,"2012-13","2011-12","C",11,100,5,,5/30/2013,3/11/2013,3/11/2013,"MERCHAN1",,,
500,4/11/2013,"2012-13","2011-12","B",,100,20,,6/10/2013,3/6/2013,3/6/2013,"MERCHAN1",,,
119,4/29/2013,"2012-13","2011-12","B",,100,10,,6/28/2013,4/9/2013,4/9/2013,"MERCHAN1",,,
119,4/29/2013,"2012-13","2011-12","C",11,100,10,,6/28/2013,4/9/2013,4/9/2013,"MERCHAN1",,,
500,4/11/2013,"2012-13","2011-12","C",15,100,20,,6/10/2013,3/6/2013,3/6/2013,"MERCHAN1",,,
146,4/27/2013,"2012-13","2011-12","B",,100,10,,6/26/2013,4/3/2013,4/3/2013,"MERCHAN1",,,
146,4/27/2013,"2012-13","2011-12","C",12,100,10,,6/26/2013,4/3/2013,4/3/2013,"MERCHAN1",,,
143,4/24/2013,"2012-13","2011-12","B",,100,20,,6/23/2013,3/28/2013,3/28/2013,"MERCHAN1",,,
143,4/24/2013,"2012-13","2011-12","C",13,100,20,,6/23/2013,3/28/2013,3/28/2013,"MERCHAN1",,,
112,5/14/2013,"2012-13","2011-12","B",,100,17,,7/13/2013,4/18/2013,4/18/2013,"MERCHAN1",,,
112,5/14/2013,"2012-13","2011-12","C",15,100,17,,7/13/2013,4/18/2013,4/18/2013,"MERCHAN1",,,
644,5/9/2013,"2012-13","2011-12","F",11,,,,7/8/2013,3/7/2013,3/7/2013,"SHARE01",,"-",
128,6/4/2013,"2012-13","2011-12","B",,100,20,,8/3/2013,5/9/2013,5/9/2013,"MERCHAN1",,,
128,6/4/2013,"2012-13","2011-12","C",20,100,20,,8/3/2013,5/9/2013,5/9/2013,"MERCHAN1",,,
131,5/8/2013,"2012-13","2011-12","F",16,,,,7/7/2013,4/2/2013,4/2/2013,"SHARE01",,"-",
550,5/19/2013,"2012-13","2011-12","F",10,,,,7/18/2013,4/22/2013,4/22/2013,"SHARE01",,"-",
751,5/7/2013,"2012-13","2011-12","F",10,,,,7/6/2013,4/15/2013,4/15/2013,"SHARE01",,"-",
209,5/8/2013,"2012-13","2011-12","F",75,,,,7/7/2013,4/1/2013,4/1/2013,"SHARE01",,"-",
745,6/13/2013,"2012-13","2011-12","B",,100,20,,8/12/2013,4/18/2013,4/18/2013,"MERCHAN1",,,
745,6/13/2013,"2012-13","2011-12","C",12,100,20,,8/12/2013,4/18/2013,4/18/2013,"MERCHAN1",,,
756,6/1/2013,"2012-13","2011-12","B",,100,5,,7/31/2013,5/9/2013,5/9/2013,"MERCHAN1",,,
756,6/1/2013,"2012-13","2011-12","C",5,100,5,,7/31/2013,5/9/2013,5/9/2013,"MERCHAN1",,,
121,6/13/2013,"2012-13","2011-12","B",,100,15,,8/12/2013,4/22/2013,4/22/2013,"MERCHAN1",,,
121,6/13/2013,"2012-13","2011-12","C",15,100,15,,8/12/2013,4/22/2013,4/22/2013,"MERCHAN1",,,
499,6/5/2013,"2012-13","2011-12","B",,100,5,,8/4/2013,5/9/2013,5/9/2013,"MERCHAN1",,,
499,6/5/2013,"2012-13","2011-12","C",5,100,5,,8/4/2013,5/9/2013,5/9/2013,"MERCHAN1",,,
449,6/13/2013,"2012-13","2011-12","B",,100,15,,8/12/2013,5/12/2013,5/12/2013,"MERCHAN1",,,
449,6/13/2013,"2012-13","2011-12","C",15,100,15,,8/12/2013,5/12/2013,5/12/2013,"MERCHAN1",,,
109,6/16/2013,"2012-13","2011-12","B",,100,10,,8/15/2013,5/13/2013,5/13/2013,"MERCHAN1",,,
109,6/16/2013,"2012-13","2011-12","C",10,100,10,,8/15/2013,5/13/2013,5/13/2013,"MERCHAN1",,,
312,6/19/2013,"2012-13","2011-12","B",,100,12.5,,8/18/2013,5/14/2013,5/14/2013,"MERCHAN1",,,
312,6/19/2013,"2012-13","2011-12","C",12,100,12.5,,8/18/2013,5/14/2013,5/14/2013,"MERCHAN1",,,
618,6/29/2013,"2012-13","2011-12","B",,100,15,,8/28/2013,5/20/2013,5/20/2013,"MERCHAN1",,,
618,6/29/2013,"2012-13","2011-12","C",15,100,15,,8/28/2013,5/20/2013,5/20/2013,"MERCHAN1",,,
124,4/30/2013,"2012-13","2011-12","R",,3,1,,6/29/2013,7/15/2013,7/15/2013,"INVEST",,,
451,5/30/2013,"2012-13","2011-12","F",33,,,,7/29/2013,5/14/2013,5/14/2013,"SHARE01",,"-",
950,5/22/2013,"2012-13","2011-12","F",13.58,,,,7/21/2013,4/11/2013,4/11/2013,"SHARE01",,"-",
477,9/25/2013,"2013-14","2012-13","B",,100,30,,11/24/2013,8/26/2013,8/26/2013,"MERCHAN1",,,
477,9/25/2013,"2013-14","2012-13","C",30,100,30,,11/24/2013,8/26/2013,8/26/2013,"MERCHAN1",,,
601,9/26/2013,"2013-14","2012-13","F",40,,,,11/25/2013,8/27/2013,8/27/2013,"SHARE01",,"-",
408,9/14/2013,"2013-14","2012-13","F",45,,,,11/13/2013,8/5/2013,8/5/2013,"SHARE01",,"-",
615,9/19/2013,"2013-14","2012-13","F",8,,,,11/18/2013,9/4/2013,9/4/2013,"SHARE01",,"-",
738,9/7/2013,"2013-14","2012-13","F",7,,,,11/6/2013,7/11/2013,7/11/2013,"SHARE01",,"-",
477,9/25/2013,"2013-14","2012-13","F",25,,,,11/24/2013,8/26/2013,8/26/2013,"SHARE01",,"-",
138,11/7/2013,"2013-14","2012-13","B",,1,9,,1/6/2014,11/7/2013,11/7/2013,"MERCHAN1",,,
158,9/14/2013,"2013-14","2012-13","F",120,,,,11/13/2013,8/14/2013,8/14/2013,"SHARE01",,"-",
744,6/24/2013,"2012-13","2011-12","R",,5,3,0,8/23/2013,10/30/2013,10/30/2013,"SHARE01",,,
232,11/4/2013,"2013-14","2012-13","B",,100,10,,1/3/2014,9/12/2013,9/12/2013,"MERCHAN1",,,
232,11/4/2013,"2013-14","2012-13","C",10,100,10,,1/3/2014,9/12/2013,9/12/2013,"MERCHAN1",,,
214,11/7/2013,"2013-14","2012-13","B",,100,10,,1/6/2014,10/9/2013,10/9/2013,"MERCHAN1",,,
214,11/7/2013,"2013-14","2012-13","C",10,100,10,,1/6/2014,10/9/2013,10/9/2013,"MERCHAN1",,,
665,11/20/2013,"2013-14","2012-13","B",,100,15,,1/19/2014,10/28/2013,10/28/2013,"MERCHAN1",,,
665,11/20/2013,"2013-14","2012-13","C",15,100,15,,1/19/2014,10/28/2013,10/28/2013,"MERCHAN1",,,
148,11/16/2013,"2013-14","2012-13","B",,100,2100,,1/15/2014,11/30/2013,11/30/2013,"MERCHAN1",,,
148,11/16/2013,"2013-14","2012-13","C",21,100,2100,,1/15/2014,10/30/2013,10/30/2013,"MERCHAN1",,,
563,10/26/2013,"2013-14","2012-13","F",20,,,,12/25/2013,9/26/2013,9/26/2013,"SHARE01",,"-",
318,11/13/2013,"2013-14","2012-13","B",,100,5,,1/12/2014,10/1/2013,10/1/2013,"MERCHAN1",,,
318,11/13/2013,"2013-14","2012-13","C",5,100,5,,1/12/2014,10/1/2013,10/1/2013,"MERCHAN1",,,
259,11/30/2013,"2013-14","2012-13","F",100,,,,1/29/2014,11/17/2013,11/17/2013,"SHARE01",,"-",
259,11/30/2013,"2013-14","2012-13","I",100,,,,1/29/2014,11/17/2013,11/17/2013,"SHARE01",,"-",
475,12/26/2013,"2013-14","2012-13","F",20,,,,2/24/2014,11/12/2013,11/12/2013,"SHARE01",,"-",
281,12/26/2013,"2013-14","2012-13","F",10,,,,2/24/2014,11/28/2013,11/28/2013,"SHARE01",,"-",
306,1/4/2014,"2013-14","2012-13","F",10,,,,3/5/2014,11/5/2013,11/5/2013,"SHARE01",,"-",
436,12/28/2013,"2013-14","2012-13","F",10,,,,2/26/2014,11/12/2013,11/12/2013,"SHARE01",,"-",
734,7/12/2012,"2012-13","2011-12","F",10,,,,9/10/2012,5/10/2012,5/10/2012,"SHARE01",,"-",
301,8/5/2012,"2012-13","2011-12","I",200,,,,10/4/2012,8/1/2012,8/1/2012,"SHARE01",,"-",
152,8/20/2012,"2012-13","2011-12","F",600,,,,10/19/2012,8/12/2012,8/12/2012,"SHARE01",,"-",
153,8/20/2012,"2012-13","2011-12","F",300,,,,10/19/2012,8/12/2012,8/12/2012,"SHARE01",,"-",
154,8/20/2012,"2012-13","2011-12","F",200,,,,10/19/2012,8/12/2012,8/12/2012,"SHARE01",,"-",
155,8/20/2012,"2012-13","2011-12","F",185,,,,10/19/2012,8/12/2012,8/12/2012,"SHARE01",,"-",
156,8/20/2012,"2012-13","2011-12","F",170,,,,10/19/2012,8/12/2012,8/12/2012,"SHARE01",,"-",
157,8/20/2012,"2012-13","2011-12","F",100,,,,10/19/2012,8/12/2012,8/12/2012,"SHARE01",,"-",
158,8/20/2012,"2012-13","2011-12","F",110,,,,10/19/2012,8/12/2012,8/15/2012,"SHARE01",,"-",
159,8/20/2012,"2012-13","2011-12","F",100,,,,10/19/2012,8/12/2012,8/12/2012,"SHARE01",,"-",
311,9/27/2012,"2012-13","2011-12","B",,100,15,,11/26/2012,8/8/2012,8/8/2012,"MERCHAN1",,,
311,9/27/2012,"2012-13","2011-12","C",15,100,15,,11/26/2012,8/8/2012,8/8/2012,"MERCHAN1",,,
743,11/7/2012,"2012-13","2011-12","B",,100,15,,1/6/2013,9/25/2012,9/25/2012,"MERCHAN1",,,
743,11/7/2012,"2012-13","2011-12","C",12,100,15,,1/6/2013,9/25/2012,9/25/2012,"MERCHAN1",,,
474,10/22/2012,"2012-13","2011-12","B",,100,15,,12/21/2012,9/9/2012,9/9/2012,"MERCHAN1",,,
474,10/22/2012,"2012-13","2011-12","C",12,100,15,,12/21/2012,9/9/2012,9/9/2012,"MERCHAN1",,,
656,11/6/2012,"2012-13","2011-12","B",,100,15,,1/5/2013,10/7/2012,10/7/2012,"MERCHAN1",,,
656,11/6/2012,"2012-13","2011-12","C",11,100,15,,1/5/2013,10/7/2012,10/7/2012,"MERCHAN1",,,
168,9/20/2012,"2012-13","2011-12","F",6,,,,11/19/2012,9/13/2012,9/13/2012,"SHARE14",,"-",
261,12/18/2012,"2012-13","2011-12","F",15,,,,2/16/2013,11/17/2012,11/17/2012,"SHARE14",,"-",
745,1/30/2013,"2012-13","2011-12","R",,10,1,,3/31/2013,1/29/2013,1/29/2013,"SHARE14",,,
135,3/25/2013,"2012-13","2011-12","B",,100,30,,5/24/2013,2/28/2013,2/28/2013,"MERCHAN1",,,
135,3/25/2013,"2012-13","2011-12","C",11,100,30,,5/24/2013,2/28/2013,2/28/2013,"MERCHAN1",,,
365,4/23/2013,"2012-13","2011-12","B",,100,20,,6/22/2013,4/7/2013,4/7/2013,"MERCHAN1",,,
365,4/23/2013,"2012-13","2011-12","C",11,100,20,,6/22/2013,4/7/2013,4/7/2013,"MERCHAN1",,,
305,4/28/2013,"2012-13","2011-12","B",,100,20,,6/27/2013,3/28/2013,3/28/2013,"MERCHAN1",,,
305,4/28/2013,"2012-13","2011-12","C",12,100,20,,6/27/2013,3/28/2013,3/28/2013,"MERCHAN1",,,
127,5/9/2013,"2012-13","2011-12","B",,100,15,,7/8/2013,4/7/2013,4/7/2013,"MERCHAN1",,,
127,5/9/2013,"2012-13","2011-12","C",15,100,15,,7/8/2013,4/7/2013,4/7/2013,"MERCHAN1",,,
103,5/12/2013,"2012-13","2011-12","B",,100,10,,7/11/2013,4/11/2013,4/11/2013,"MERCHAN1",,,
103,5/12/2013,"2012-13","2011-12","C",10,100,10,,7/11/2013,4/11/2013,4/11/2013,"MERCHAN1",,,
550,5/19/2013,"2012-13","2011-12","B",,100,10,,7/18/2013,4/22/2013,4/22/2013,"MERCHAN1",,,
550,5/19/2013,"2012-13","2011-12","C",10,100,10,,7/18/2013,4/22/2013,4/22/2013,"MERCHAN1",,,
133,5/9/2013,"2012-13","2011-12","B",,10000,1019,,7/8/2013,3/14/2013,3/14/2013,"MERCHAN1",,,
133,5/9/2013,"2012-13","2011-12","C",11,10000,1019,,7/8/2013,3/14/2013,3/14/2013,"MERCHAN1",,,
116,5/27/2013,"2012-13","2011-12","B",,100,10,,7/26/2013,4/30/2013,4/30/2013,"MERCHAN1",,,
116,5/27/2013,"2012-13","2011-12","C",11,100,10,,7/26/2013,4/30/2013,4/30/2013,"MERCHAN1",,,
203,5/12/2013,"2012-13","2011-12","F",20,,,,7/11/2013,4/17/2013,4/17/2013,"SHARE01",,"-",
718,5/15/2013,"2012-13","2011-12","F",7.5,,,,7/14/2013,4/24/2013,4/24/2013,"SHARE01",,"-",
141,6/20/2013,"2012-13","2011-12","B",,100,12,,8/19/2013,4/30/2013,4/30/2013,"MERCHAN1",,,
141,6/20/2013,"2012-13","2011-12","C",12,100,12,,8/19/2013,4/30/2013,4/30/2013,"MERCHAN1",,,
749,6/18/2013,"2012-13","2011-12","B",,100,10,,8/17/2013,4/29/2013,4/29/2013,"MERCHAN1",,,
749,6/18/2013,"2012-13","2011-12","C",10,100,10,,8/17/2013,4/29/2013,4/29/2013,"MERCHAN1",,,
301,7/31/2013,"2013-14","2012-13","I",200,,,,9/29/2013,7/30/2013,7/30/2013,"SHARE01",,"-",
138,7/27/2013,"2013-14","2012-13","B",,100,10,,9/25/2013,6/5/2013,6/5/2013,"MERCHAN1",,,
138,7/27/2013,"2013-14","2012-13","C",10,100,10,,9/25/2013,6/5/2013,6/5/2013,"MERCHAN1",,,
136,7/7/2013,"2013-14","2012-13","F",18,,,,9/5/2013,5/15/2013,5/15/2013,"SHARE01",,"-",
180,9/8/2013,"2013-14","2012-13","B",,100,5,,11/7/2013,7/11/2013,7/11/2013,"MERCHAN1",,,
180,9/8/2013,"2013-14","2012-13","C",5,100,5,,11/7/2013,7/11/2013,7/11/2013,"MERCHAN1",,,
106,8/21/2013,"2013-14","2012-13","F",10,,,,10/20/2013,4/4/2013,4/4/2013,"SHARE01",,"-",
549,7/30/2013,"2013-14","2012-13","I",90,,,,9/28/2013,7/29/2013,7/29/2013,"SHARE01",,"-",
167,8/30/2013,"2013-14","2012-13","F",25,,,,10/29/2013,8/25/2013,8/25/2013,"INVEST",,,
155,9/14/2013,"2013-14","2012-13","F",240,,,,11/13/2013,8/14/2013,8/14/2013,"SHARE01",,"-",
156,9/14/2013,"2013-14","2012-13","F",200,,,,11/13/2013,8/14/2013,8/14/2013,"SHARE01",,"-",
157,9/14/2013,"2013-14","2012-13","F",105,,,,11/13/2013,8/14/2013,8/14/2013,"SHARE01",,"-",
159,9/14/2013,"2013-14","2012-13","F",110,,,,11/13/2013,8/14/2013,8/14/2013,"SHARE01",,"-",
563,10/26/2013,"2013-14","2012-13","B",,100,15,,12/25/2013,9/26/2013,9/26/2013,"MERCHAN1",,,
563,10/26/2013,"2013-14","2012-13","C",15,100,15,,12/25/2013,9/26/2013,9/26/2013,"MERCHAN1",,,
211,6/8/2013,"2012-13","2011-12","F",10,,,,8/7/2013,5/14/2013,5/14/2013,"SHARE01",,"-",
194,11/20/2013,"2013-14","2012-13","B",,100,3.6,,1/19/2014,11/20/2013,11/20/2013,"MERCHAN1",,,
194,11/20/2013,"2013-14","2012-13","C",11,100,3.6,,1/19/2014,11/20/2013,11/20/2013,"MERCHAN1",,,
474,11/28/2013,"2013-14","2012-13","B",,100,15,,1/27/2014,11/6/2013,11/6/2013,"MERCHAN1",,,
474,11/28/2013,"2013-14","2012-13","C",15,100,15,,1/27/2014,11/6/2013,11/6/2013,"MERCHAN1",,,
622,12/11/2013,"2013-14","2012-13","B",,100,12.5,,2/9/2014,11/18/2013,11/18/2013,"MERCHAN1",,,
622,12/11/2013,"2013-14","2012-13","C",12,100,12.5,,2/9/2014,11/18/2013,11/18/2013,"MERCHAN1",,,
233,12/19/2013,"2013-14","2012-13","B",,100,15,,2/17/2014,11/12/2013,11/12/2013,"MERCHAN1",,,
233,12/19/2013,"2013-14","2012-13","C",15,100,15,,2/17/2014,11/12/2013,11/12/2013,"MERCHAN1",,,
298,12/12/2013,"2013-14","2012-13","B",,100,5,,2/10/2014,11/13/2013,11/13/2013,"MERCHAN1",,,
298,12/12/2013,"2013-14","2012-13","C",5,100,5,,2/10/2014,11/13/2013,11/13/2013,"MERCHAN1",,,
423,12/12/2013,"2013-14","2012-13","B",,100,16,,2/10/2014,11/12/2013,11/12/2013,"MERCHAN1",,,
423,12/12/2013,"2013-14","2012-13","C",16,100,16,,2/10/2014,11/12/2013,11/12/2013,"MERCHAN1",,,
417,12/12/2013,"2013-14","2012-13","B",,100,15,,2/10/2014,11/12/2013,11/12/2013,"MERCHAN1",,,
417,12/12/2013,"2013-14","2012-13","C",15,100,15,,2/10/2014,11/12/2013,11/12/2013,"MERCHAN1",,,
491,12/21/2013,"2013-14","2012-13","B",,100,3,,2/19/2014,11/28/2013,11/28/2013,"MERCHAN1",,,
491,12/21/2013,"2013-14","2012-13","C",3,100,3,,2/19/2014,11/28/2013,11/28/2013,"MERCHAN1",,,
656,12/4/2013,"2013-14","2012-13","B",,100,12,,2/2/2014,10/3/2013,10/3/2013,"MERCHAN1",,,
656,12/4/2013,"2013-14","2012-13","C",12,100,12,,2/2/2014,10/3/2013,10/3/2013,"MERCHAN1",,,
660,12/8/2013,"2013-14","2012-13","B",,100,8,,2/6/2014,11/17/2013,11/17/2013,"MERCHAN1",,,
660,12/8/2013,"2013-14","2012-13","C",8,100,8,,2/6/2014,11/17/2013,11/17/2013,"MERCHAN1",,,
464,12/17/2013,"2013-14","2012-13","B",,100,25,,2/15/2014,11/25/2013,11/25/2013,"MERCHAN1",,,
464,12/17/2013,"2013-14","2012-13","C",25,100,25,,2/15/2014,11/25/2013,11/25/2013,"MERCHAN1",,,
603,12/25/2013,"2013-14","2012-13","I",195,,,,2/23/2014,12/5/2013,12/5/2013,"SHARE01",,"-",
210,12/23/2013,"2013-14","2012-13","B",,100,12,,2/21/2014,12/5/2013,12/5/2013,"MERCHAN1",,,
270,12/15/2013,"2013-14","2012-13","B",,100,10,,2/13/2014,11/18/2013,11/18/2013,"MERCHAN1",,,
202,12/26/2013,"2013-14","2012-13","B",,100,50,,2/24/2014,11/21/2013,11/21/2013,"MERCHAN1",,,
289,12/26/2013,"2013-14","2012-13","B",,100,10,,2/24/2014,11/20/2013,11/20/2013,"MERCHAN1",,,
668,12/30/2013,"2013-14","2012-13","B",,100,12,,2/28/2014,12/12/2013,12/12/2013,"MERCHAN1",,,
564,12/22/2013,"2013-14","2012-13","B",,100,10,,2/20/2014,11/7/2013,11/7/2013,"MERCHAN1",,,
401,12/25/2013,"2013-14","2012-13","B",,100,25,,2/23/2014,11/21/2013,11/21/2013,"MERCHAN1",,,
647,12/21/2013,"2013-14","2012-13","B",,100,5,,2/19/2014,11/19/2013,11/19/2013,"MERCHAN1",,,
760,8/8/2012,"2012-13","2011-12","B",,100,14,,10/7/2012,7/9/2012,7/9/2012,"MERCHAN1",,,
760,8/8/2012,"2012-13","2011-12","C",11,100,14,,10/7/2012,7/9/2012,7/9/2012,"MERCHAN1",,,
743,8/26/2012,"2012-13","2010-11","B",,100,10,,10/25/2012,8/5/2012,8/5/2012,"MERCHAN1",,,
743,8/26/2012,"2012-13","2010-11","C",15,100,10,,10/25/2012,8/5/2012,8/5/2012,"MERCHAN1",,,
477,9/25/2012,"2012-13","2011-12","B",,100,40,,11/24/2012,8/26/2012,8/26/2012,"MERCHAN1",,,
223,1/13/2014,"2013-14","2012-13","F",7,,,,3/14/2014,11/11/2013,11/11/2013,"SHARE01",,"-",
476,12/17/2013,"2013-14","2012-13","F",12,,,,2/15/2014,11/25/2013,11/25/2013,"SHARE01",,"-",
610,3/7/2014,"2013-14","2012-13","B",,100,10,,5/6/2014,11/7/2013,11/7/2013,"MERCHAN1",,,
213,12/28/2013,"2013-14","2012-13","F",50,,,,2/26/2014,12/1/2013,12/1/2013,"SHARE01",,"-",
106,3/25/2014,"2013-14","2012-13","B",,100,5,,5/24/2014,3/10/2014,3/10/2014,"MERCHAN1",,,
951,3/15/2014,"2013-14","2012-13","F",80,,,,5/14/2014,3/4/2014,3/4/2014,"SHARE01",,"-",
264,12/24/2013,"2013-14","2012-13","F",3,,,,2/22/2014,11/27/2013,11/27/2013,"SHARE01",,"-",
101,4/21/2014,"2013-14","2012-13","B",,100,7,,6/20/2014,3/25/2014,3/25/2014,"MERCHAN1",,,
447,4/12/2014,"2013-14","2012-13","B",,100,10,,6/11/2014,3/20/2014,3/20/2014,"MERCHAN1",,,
126,5/8/2014,"2013-14","2012-13","B",,100,15,,7/7/2014,4/16/2014,4/16/2014,"MERCHAN1",,,
137,4/10/2014,"2013-14","2012-13","C",10,100,10,,6/9/2014,3/18/2014,3/18/2014,"MERCHAN1",,,
135,3/30/2014,"2013-14","2012-13","F",5,,,,5/29/2014,3/6/2014,3/6/2014,"SHARE01",,"-",
459,5/6/2014,"2013-14","2012-13","F",400,,,,7/5/2014,4/20/2014,4/20/2014,"SHARE01",,"-",
203,5/20/2014,"2013-14","2012-13","F",20,,,,7/19/2014,4/17/2014,4/17/2014,"SHARE01",,"-",
606,5/25/2014,"2013-14","2012-13","B",,100,15,,7/24/2014,5/8/2014,5/8/2014,"MERCHAN1",,,
449,6/16/2014,"2013-14","2012-13","B",,100,10,,8/15/2014,5/20/2014,5/20/2014,"MERCHAN1",,,
105,6/15/2014,"2013-14","2012-13","B",,100,10,,8/14/2014,5/8/2014,5/8/2014,"MERCHAN1",,,
109,5/11/2014,"2013-14","2012-13","F",15,,,,7/10/2014,4/6/2014,4/6/2014,"SHARE01",,"-",
721,5/18/2014,"2013-14","2012-13","F",10,,,,7/17/2014,3/31/2014,3/31/2014,"SHARE01",,"-",
621,5/14/2014,"2013-14","2012-13","F",55,,,,7/13/2014,4/16/2014,4/16/2014,"SHARE01",,"-",
756,5/28/2014,"2013-14","2012-13","F",12.5,,,,7/27/2014,5/4/2014,5/4/2014,"SHARE01",,"-",
731,6/9/2014,"2013-14","2012-13","F",5,,,,8/8/2014,4/27/2014,4/27/2014,"SHARE14",,"-",
760,8/21/2014,"2014-15","2013-14","B",,100,5,,10/20/2014,8/4/2014,8/4/2014,"MERCHAN1",,,
151,9/9/2014,"2014-15","2013-14","R",,2,1,400,11/8/2014,9/9/2014,9/9/2014,"MERCHAN1",,,
149,8/3/2014,"2014-15","2013-14","R",,1,1,,10/2/2014,8/3/2014,8/3/2014,"MERCHAN1",,,
152,9/12/2014,"2014-15","2013-14","F",800,,,,11/11/2014,8/12/2014,8/12/2014,"SHARE07",,".0",
153,9/12/2014,"2014-15","2013-14","F",400,,,,11/11/2014,8/12/2014,8/12/2014,"SHARE07",,".",
154,9/12/2014,"2014-15","2013-14","F",250,,,,11/11/2014,8/12/2014,8/12/2014,"SHARE07",,".",
155,9/12/2014,"2014-15","2013-14","F",250,,,,11/11/2014,8/12/2014,8/12/2014,"SHARE07",,".",
156,9/12/2014,"2014-15","2013-14","F",225,,,,11/11/2014,8/12/2014,8/12/2014,"SHARE07",,".",
157,9/12/2014,"2014-15","2013-14","F",110,,,,11/11/2014,8/12/2014,8/12/2014,"SHARE07",,".",
158,9/12/2014,"2014-15","2013-14","F",130,,,,11/11/2014,8/12/2014,8/12/2014,"SHARE07",,".",
159,9/12/2014,"2014-15","2013-14","F",120,,,,11/11/2014,8/12/2014,8/12/2014,"SHARE07",,".",
186,9/20/2014,"2014-15","2013-14","F",10,,,,11/19/2014,8/20/2014,8/20/2014,"SHARE07",,,
233,10/23/2014,"2014-15","2013-14","B",,100,20,,12/22/2014,9/30/2014,9/30/2014,"MERCHAN1",,,
427,8/30/2014,"2014-15","2013-14","F",10,,,,10/29/2014,8/14/2014,8/14/2014,"SHARE07",,".",
211,3/1/2014,"2013-14","2012-13","F",10,,,,4/30/2014,12/29/2013,12/29/2013,"SHARE07",,".",
491,12/24/2014,"2014-15","2013-14","B",,100,3,,2/22/2015,12/2/2014,12/2/2014,"MERCHAN1",,,
464,12/18/2014,"2014-15","2013-14","B",,100,25,,2/16/2015,11/25/2014,11/25/2014,"MERCHAN1",,,
513,12/14/2014,"2014-15","2013-14","B",,100,10,,2/12/2015,11/25/2014,11/25/2014,"MERCHAN1",,,
459,12/15/2014,"2014-15","2013-14","I",175,,,,2/13/2015,12/15/2014,12/15/2014,"SHARE07",,".",
553,1/7/2015,"2014-15","2013-14","F",20,,,,3/8/2015,11/19/2014,11/19/2014,"SHARE14",,"shares",
198,2/24/2015,"2014-15","2013-14","F",3,,,,4/25/2015,2/24/2015,2/24/2015,"SHARE14",,"-",
198,1/24/2015,"2014-15","2013-14","F",3,,,,3/25/2015,2/24/2015,2/24/2015,"SHARE14",,"-",
753,5/9/2015,"2014-15","2013-14","B",,100,10,,7/8/2015,4/2/2015,4/2/2015,"MERCHAN1",,,
484,4/19/2015,"2014-15","2013-14","F",220,,,,6/18/2015,3/30/2015,3/30/2015,"SHARE14",,"-",
301,4/30/2010,"2009-10","2008-09","F",110,,,,6/29/2010,3/10/2015,3/10/2015,"SHARE14",,"-",
301,4/30/2015,"2014-15","2013-14","F",110,,,,6/29/2015,3/10/2015,3/10/2015,"SHARE14",,"-",
125,6/8/2015,"2014-15","2013-14","B",,100,10,,8/7/2015,5/10/2015,5/10/2015,"MERCHAN1",,,
203,5/5/2015,"2014-15","2013-14","F",20,,,,7/4/2015,4/16/2015,4/16/2015,"SHARE14",,"-",
727,6/11/2015,"2014-15","2013-14","B",,100,40,,8/10/2015,4/23/2015,4/23/2015,"MERCHAN1",,,
644,5/21/2015,"2014-15","2013-14","F",10,,,,7/20/2015,3/19/2015,3/19/2015,"SHARE14",,"-",
729,6/25/2015,"2014-15","2013-14","B",,100,10,,8/24/2015,5/17/2015,5/17/2015,"MERCHAN1",,,
757,6/16/2015,"2014-15","2013-14","B",,100,10,,8/15/2015,5/21/2015,5/21/2015,"MERCHAN1",,,
445,5/31/2015,"2014-15","2013-14","B",,100,12.5,,7/30/2015,5/17/2015,5/17/2015,"MERCHAN1",,,
129,6/16/2015,"2014-15","2013-14","B",,100,10,,8/15/2015,5/14/2015,5/14/2015,"MERCHAN1",,,
699,6/24/2015,"2014-15","2013-14","B",,100,10,,8/23/2015,5/20/2015,5/20/2015,"MERCHAN1",,,
447,6/13/2015,"2014-15","2013-14","B",,100,10,,8/12/2015,5/18/2015,5/18/2015,"MERCHAN1",,,
758,6/8/2015,"2014-15","2013-14","F",15,,,,8/7/2015,5/13/2015,5/13/2015,"SHARE14",,"-",
744,6/29/2015,"2014-15","2013-14","F",5,,,,8/28/2015,5/10/2015,5/10/2015,"SHARE14",,"-",
759,7/11/2015,"2015-16","2014-15","F",10,,,,9/9/2015,6/23/2015,6/23/2015,"SHARE14",,"-",
661,8/7/2015,"2015-16","2014-15","B",,100,10,,10/6/2015,7/9/2015,7/9/2015,"MERCHAN1",,,
743,8/31/2015,"2015-16","2014-15","B",,100,10,,10/30/2015,7/14/2015,7/14/2015,"MERCHAN1",,,
512,6/28/2015,"2014-15","2013-14","F",15,,,,8/27/2015,5/21/2015,5/21/2015,"SHARE14",,"-",
717,9/1/2015,"2015-16","2014-15","B",,100,22,,10/12/2015,8/12/2015,8/12/2015,"MERCHAN1",,,
171,8/13/2015,"2015-16","2014-15","B",,100,6.233,,10/12/2015,9/3/2015,9/3/2015,"MERCHAN1",,,
174,8/13/2015,"2015-16","2014-15","B",,100,6.861,,10/12/2015,9/3/2015,9/3/2015,"MERCHAN1",,,
183,8/14/2015,"2015-16","2014-15","B",,100,10.05,,10/13/2015,9/7/2015,9/7/2015,"MERCHAN1",,,
168,8/16/2015,"2015-16","2014-15","B",,100,7.65,,10/15/2015,9/7/2015,9/7/2015,"MERCHAN1",,,
186,8/13/2015,"2015-16","2014-15","B",,100,10,,10/12/2015,9/3/2015,9/3/2015,"MERCHAN1",,,
177,8/13/2015,"2015-16","2014-15","B",,100,8.5761,,10/12/2015,9/3/2015,9/3/2015,"MERCHAN1",,,
950,4/26/2015,"2014-15","2013-14","F",11.18,,,,6/25/2015,4/16/2015,4/16/2015,"SHARE14",,"-",
167,9/2/2015,"2015-16","2014-15","F",32,,,,11/1/2015,9/2/2015,9/2/2015,"SHARE14",,"-",
172,9/2/2015,"2015-16","2014-15","F",5,,,,11/1/2015,9/2/2015,9/2/2015,"SHARE14",,"-",
173,9/2/2015,"2015-16","2014-15","F",7.5,,,,11/1/2015,9/2/2015,9/2/2015,"SHARE14",,"-",
169,9/2/2015,"2015-16","2014-15","F",10,,,,11/1/2015,9/2/2015,9/2/2015,"SHARE14",,"-",
175,9/2/2015,"2015-16","2014-15","F",7,,,,11/1/2015,9/2/2015,9/2/2015,"SHARE14",,"-",
178,9/2/2015,"2015-16","2014-15","F",5,,,,11/1/2015,9/2/2015,9/2/2015,"SHARE14",,"-",
179,9/2/2015,"2015-16","2014-15","F",5,,,,11/1/2015,9/2/2015,9/2/2015,"SHARE14",,"-",
738,9/29/2015,"2015-16","2014-15","B",,100,5,,11/28/2015,8/20/2015,8/20/2015,"MERCHAN1",,,
400,9/21/2015,"2015-16","2014-15","B",,100,7,,11/20/2015,8/30/2015,8/30/2015,"MERCHAN1",,,
312,6/25/2015,"2014-15","2013-14","F",40,,,,8/24/2015,5/31/2015,5/31/2015,"SHARE14",,"-",
102,6/28/2015,"2014-15","2013-14","F",15,,,,8/27/2015,5/10/2015,5/10/2015,"SHARE14",,"-",
176,9/6/2015,"2015-16","2014-15","F",4,,,,11/5/2015,9/6/2015,9/6/2015,"SHARE14",,"-",
185,9/6/2015,"2015-16","2014-15","F",4.5,,,,11/5/2015,9/6/2015,9/6/2015,"SHARE14",,"-",
652,7/2/2015,"2015-16","2014-15","I",5,,,,8/31/2015,7/2/2015,7/2/2015,"SHARE14",,"-",
320,6/28/2015,"2014-15","2013-14","F",25,,,,8/27/2015,5/17/2015,5/17/2015,"SHARE14",,"-",
735,7/15/2015,"2015-16","2014-15","F",6,,,,9/13/2015,5/19/2015,5/19/2015,"SHARE14",,"-",
199,8/31/2015,"2015-16","2014-15","F",13,,,,10/30/2015,8/31/2015,8/31/2015,"SHARE14",,"-",
262,7/31/2015,"2015-16","2014-15","F",20,,,,9/29/2015,7/14/2015,7/14/2015,"SHARE14",,"-",
210,12/23/2013,"2013-14","2012-13","F",8,,,,2/21/2014,12/5/2013,12/5/2013,"SHARE01",,"-",
132,3/15/2014,"2013-14","2012-13","B",,100,15,,5/14/2014,2/17/2014,2/17/2014,"MERCHAN1",,,
720,3/23/2014,"2013-14","2012-13","B",,100,15,,5/22/2014,2/26/2014,2/26/2014,"MERCHAN1",,,
427,12/24/2013,"2013-14","2012-13","F",10,,,,2/22/2014,11/10/2013,11/10/2013,"SHARE01",,"-",
427,12/28/2013,"2013-14","2012-13","F",10,,,,2/26/2014,11/21/2013,11/21/2013,"SHARE01",,"-",
760,1/16/2014,"2013-14","2012-13","R",,1,1,20,3/17/2014,1/16/2014,1/16/2014,"MERCHAN1",,,
127,2/10/2014,"2013-14","2012-13","R",,2,1,10,4/11/2014,2/10/2014,2/10/2014,"MERCHAN1",,,
114,3/31/2014,"2013-14","2012-13","B",,100,5,,5/30/2014,3/13/2014,3/13/2014,"MERCHAN1",,,
130,3/31/2014,"2013-14","2012-13","B",,100,10,,5/30/2014,3/13/2014,3/13/2014,"MERCHAN1",,,
740,3/31/2014,"2013-14","2012-13","B",,100,5,,5/30/2014,3/2/2014,3/2/2014,"MERCHAN1",,,
135,3/30/2014,"2013-14","2012-13","B",,100,25,,5/29/2014,3/6/2014,3/6/2014,"MERCHAN1",,,
654,4/2/2014,"2013-14","2012-13","F",15,,,,6/1/2014,2/13/2014,2/13/2014,"SHARE01",,"-",
114,3/31/2014,"2013-14","2012-13","F",16,,,,5/30/2014,3/13/2014,3/13/2014,"SHARE01",,"-",
140,5/25/2014,"2013-14","2012-13","F",15,,,,7/24/2014,4/7/2014,4/7/2014,"SHARE01",,"-",
116,6/2/2014,"2013-14","2012-13","F",6,,,,8/1/2014,5/6/2014,5/6/2014,"SHARE01",,"-",
218,5/22/2014,"2013-14","2012-13","F",380,,,,7/21/2014,4/17/2014,4/17/2014,"SHARE01",,"-",
745,5/27/2014,"2013-14","2012-13","F",20,,,,7/26/2014,4/17/2014,4/17/2014,"SHARE01",,"-",
550,5/11/2014,"2013-14","2012-13","F",15,,,,7/10/2014,3/31/2014,3/31/2014,"SHARE01",,"-",
718,5/18/2014,"2013-14","2012-13","F",12.5,,,,7/17/2014,4/24/2014,4/24/2014,"SHARE01",,"-",
725,5/29/2014,"2013-14","2012-13","F",5,,,,7/28/2014,4/29/2014,4/29/2014,"SHARE01",,"-",
746,5/29/2014,"2013-14","2012-13","F",5,,,,7/28/2014,4/30/2014,4/30/2014,"SHARE01",,"-",
294,6/25/2014,"2013-14","2012-13","B",,100,15,,8/24/2014,4/17/2014,4/17/2014,"MERCHAN1",,,
759,7/16/2014,"2014-15","2013-14","B",,100,5,,9/14/2014,6/19/2014,6/19/2014,"MERCHAN1",,,
136,6/24/2014,"2013-14","2012-13","F",20,,,,8/23/2014,5/15/2014,5/15/2014,"SHARE01",,"-",
457,6/21/2014,"2013-14","2012-13","F",75,,,,8/20/2014,5/12/2014,5/12/2014,"SHARE01",,"-",
610,3/7/2014,"2013-14","2012-13","C",184.74,10,1,,5/6/2014,11/7/2013,11/7/2013,"SHARE01",,"-",
457,6/21/2014,"2013-14","2012-13","C",831.6,4,1,,8/20/2014,5/12/2014,5/12/2014,"SHARE01",,"-",
144,7/21/2014,"2014-15","2013-14","F",20,,,,9/19/2014,7/3/2014,7/3/2014,"SHARE02",,"-",
141,6/19/2014,"2013-14","2012-13","F",14,,,,8/18/2014,4/28/2014,4/28/2014,"SHARE07",,".",
172,9/20/2014,"2014-15","2013-14","F",5,,,,11/19/2014,8/20/2014,8/20/2014,"MERCHAN1",,".",
741,10/19/2014,"2014-15","2013-14","R",,2,1,0,12/18/2014,10/19/2014,10/19/2014,"MERCHAN1",,,
669,10/30/2014,"2014-15","2013-14","B",,100,25,,12/29/2014,9/25/2014,9/25/2014,"MERCHAN1",,,
622,10/30/2014,"2014-15","2013-14","B",,100,5,,12/29/2014,10/2/2014,10/2/2014,"MERCHAN1",,,
254,9/28/2014,"2014-15","2013-14","F",20,,,,11/27/2014,8/21/2014,8/21/2014,"SHARE07",,".",
675,12/2/2014,"2014-15","2013-14","B",,100,10,,1/31/2015,11/5/2014,11/5/2014,"MERCHAN1",,,
668,12/7/2014,"2014-15","2013-14","B",,100,15,,2/5/2015,11/9/2014,11/9/2014,"MERCHAN1",,,
441,12/15/2014,"2014-15","2013-14","B",,100,10,,2/13/2015,11/19/2014,11/19/2014,"MERCHAN1",,,
401,12/20/2014,"2014-15","2013-14","B",,100,20,,2/22/2015,11/5/2014,11/5/2014,"MERCHAN1",,,
656,12/24/2014,"2014-15","2013-14","B",,100,10,,2/22/2015,10/20/2014,10/20/2014,"MERCHAN1",,,
170,2/10/2015,"2014-15","2013-14","F",10,,,,4/11/2015,2/10/2015,2/10/2015,"SHARE14",,"-",
215,12/13/2014,"2014-15","2013-14","F",22,,,,2/11/2015,11/20/2014,11/20/2014,"SHARE14",,"-",
322,1/29/2015,"2014-15","2013-14","F",25,,,,3/30/2015,11/27/2014,11/27/2014,"SHARE14",,"-",
694,3/15/2015,"2014-15","2013-14","B",,100,11,,5/14/2015,2/18/2015,2/18/2015,"MERCHAN1",,,
550,3/14/2015,"2014-15","2013-14","B",,100,5,,5/13/2015,2/18/2015,2/18/2015,"MERCHAN1",,,
764,2/23/2015,"2014-15","2013-14","B",,100,55,,4/24/2015,2/5/2015,2/5/2015,"MERCHAN1",,,
264,12/23/2014,"2014-15","2013-14","F",5,,,,2/21/2015,11/26/2014,11/26/2014,"SHARE14",,"-",
122,3/31/2015,"2014-15","2013-14","F",5,,,,5/30/2015,3/10/2015,3/10/2015,"SHARE14",,"-",
112,3/31/2015,"2014-15","2013-14","F",14,,,,5/30/2015,3/15/2015,3/15/2015,"SHARE14",,"-",
117,3/30/2015,"2014-15","2013-14","F",18,,,,5/29/2015,3/10/2015,3/10/2015,"SHARE14",,"-",
209,4/28/2015,"2014-15","2013-14","B",,100,25,,6/27/2015,3/15/2015,3/15/2015,"MERCHAN1",,,
137,4/23/2015,"2014-15","2013-14","B",,100,10,,6/22/2015,3/18/2015,3/18/2015,"MERCHAN1",,,
140,5/31/2015,"2014-15","2013-14","F",10,,,,7/30/2015,4/8/2015,4/8/2015,"SHARE14",,"-",
449,6/16/2015,"2014-15","2013-14","F",20,,,,8/15/2015,5/20/2015,5/20/2015,"SHARE14",,"-",
499,8/6/2015,"2015-16","2014-15","B",,100,10,,10/5/2015,6/29/2015,6/29/2015,"MERCHAN1",,,
465,6/6/2015,"2014-15","2013-14","F",30,,,,8/5/2015,5/10/2015,5/10/2015,"SHARE14",,"-",
763,6/25/2015,"2014-15","2013-14","F",8,,,,8/24/2015,5/13/2015,5/13/2015,"SHARE14",,"-",
142,6/23/2015,"2014-15","2013-14","F",7,,,,8/22/2015,5/7/2015,5/7/2015,"SHARE14",,"-",
743,8/31/2015,"2015-16","2014-15","F",15,,,,10/30/2015,7/14/2015,8/14/2015,"SHARE14",,"-",
455,6/11/2015,"2014-15","2013-14","F",100,,,,8/10/2015,5/13/2015,5/13/2015,"SHARE14",,"-",
622,11/12/2015,"2015-16","2014-15","B",,100,5,,1/11/2016,10/21/2015,10/21/2015,"MERCHAN1",,,
168,9/7/2015,"2015-16","2014-15","F",10,,,,11/6/2015,9/7/2015,9/7/2015,"SHARE14",,"-",
420,9/30/2015,"2015-16","2014-15","F",20,,,,11/29/2015,8/18/2015,8/18/2015,"SHARE14",,"-",
601,10/4/2015,"2015-16","2014-15","F",45,,,,12/3/2015,9/9/2015,9/9/2015,"SHARE14",,"-",
214,11/26/2015,"2015-16","2014-15","B",,100,10,,1/25/2016,10/25/2015,10/25/2015,"MERCHAN1",,,
728,8/16/2015,"2015-16","2014-15","F",35,,,,10/15/2015,7/22/2015,7/22/2015,"SHARE14",,"-",
674,11/25/2015,"2015-16","2014-15","B",,100,5,,1/24/2016,10/28/2015,10/28/2015,"MERCHAN1",,,
311,9/16/2015,"2015-16","2014-15","F",15,,,,11/15/2015,8/18/2015,8/18/2015,"SHARE14",,"-",
494,10/28/2015,"2015-16","2014-15","F",5,,,,12/27/2015,9/17/2015,9/17/2015,"SHARE14",,"-",
199,8/9/2015,"2015-16","2014-15","F",45,,,,10/8/2015,6/30/2015,6/30/2015,"SHARE14",,"-",
144,8/9/2015,"2015-16","2014-15","F",45,,,,10/8/2015,6/30/2015,6/30/2015,"SHARE14",,"-",
725,5/30/2015,"2014-15","2013-14","F",10,,,,7/29/2015,4/29/2015,4/29/2015,"SHARE14",,"-",
141,6/23/2015,"2014-15","2013-14","F",7,,,,8/22/2015,5/7/2015,5/7/2015,"SHARE14",,"-",
321,12/15/2015,"2015-16","2014-15","B",,100,10,,2/13/2016,11/18/2015,11/18/2015,"MERCHAN1",,,
474,12/15/2015,"2015-16","2014-15","B",,100,18,,2/13/2016,11/19/2015,11/19/2015,"MERCHAN1",,,
139,6/10/2015,"2014-15","2013-14","F",20,,,,8/9/2015,5/11/2015,5/11/2015,"SHARE14",,"-",
225,6/25/2015,"2014-15","2013-14","F",22,,,,8/24/2015,5/14/2015,5/14/2015,"SHARE14",,"-",
695,12/7/2015,"2015-16","2014-15","B",,100,30,,2/5/2016,11/15/2015,11/15/2015,"MERCHAN1",,,
660,12/6/2015,"2015-16","2014-15","B",,100,10,,2/4/2016,11/18/2015,11/18/2015,"MERCHAN1",,,
700,12/17/2015,"2015-16","2014-15","B",,100,7,,2/15/2016,11/19/2015,11/19/2015,"MERCHAN1",,,
217,12/19/2015,"2015-16","2014-15","B",,100,20,,2/17/2016,11/24/2015,11/24/2015,"MERCHAN1",,,
491,12/26/2015,"2015-16","2014-15","B",,100,5,,2/24/2016,12/9/2015,12/9/2015,"MERCHAN1",,,
401,12/21/2015,"2015-16","2014-15","B",,100,10,,2/19/2016,11/17/2015,11/17/2015,"MERCHAN1",,,
213,12/23/2015,"2015-16","2014-15","B",,100,10,,2/21/2016,11/19/2015,11/19/2015,"MERCHAN1",,,
298,12/15/2015,"2015-16","2014-15","B",,100,10,,2/13/2016,11/19/2015,11/19/2015,"MERCHAN1",,,
306,1/2/2016,"2015-16","2014-15","B",,100,5,,3/2/2016,11/12/2015,11/12/2015,"MERCHAN1",,,
647,12/19/2015,"2015-16","2014-15","B",,100,7,,2/17/2016,11/12/2015,11/12/2015,"MERCHAN1",,,
492,12/28/2015,"2015-16","2014-15","B",,100,10,,2/26/2016,11/12/2015,11/12/2015,"MERCHAN1",,,
415,12/27/2015,"2015-16","2014-15","B",,100,20,,2/25/2016,11/17/2015,11/17/2015,"MERCHAN1",,,
294,12/20/2015,"2015-16","2014-15","B",,100,5,,2/18/2016,10/28/2015,10/28/2015,"MERCHAN1",,,
691,12/27/2015,"2015-16","2014-15","B",,100,15,,2/25/2016,11/23/2015,11/23/2015,"MERCHAN1",,,
417,12/30/2015,"2015-16","2014-15","B",,100,10,,2/28/2016,12/15/2015,12/15/2015,"MERCHAN1",,,
257,12/30/2015,"2015-16","2014-15","B",,100,15,,2/28/2016,12/15/2015,12/15/2015,"MERCHAN1",,,
423,12/30/2015,"2015-16","2014-15","B",,100,17,,2/28/2016,12/15/2015,12/15/2015,"MERCHAN1",,,
270,12/27/2015,"2015-16","2014-15","B",,100,25,,2/25/2016,11/15/2015,11/15/2015,"MERCHAN1",,,
640,12/22/2015,"2015-16","2014-15","B",,100,10,,2/20/2016,11/18/2015,11/18/2015,"MERCHAN1",,,
308,1/25/2014,"2013-14","2012-13","B",,100,10,,3/26/2014,12/4/2013,12/4/2013,"MERCHAN1",,,
303,1/25/2014,"2013-14","2012-13","F",30,,,,3/26/2014,12/4/2013,12/4/2013,"SHARE01",,"-",
494,10/30/2013,"2013-14","2012-13","F",10,,,,12/29/2013,9/19/2013,9/19/2013,"SHARE01",,"-",
658,7/27/2013,"2013-14","2012-13","F",15,,,,9/25/2013,5/16/2013,5/16/2013,"SHARE01",,"-",
112,3/30/2014,"2013-14","2012-13","B",,100,13.5,,5/29/2014,3/13/2014,3/13/2014,"MERCHAN1",,,
450,3/13/2014,"2013-14","2012-13","B",,100,5,,5/12/2014,2/16/2014,2/16/2014,"MERCHAN1",,,
654,4/2/2014,"2013-14","2012-13","B",,100,10,,6/1/2014,2/13/2014,2/13/2014,"MERCHAN1",,,
122,3/31/2014,"2013-14","2012-13","B",,100,10,,5/30/2014,3/16/2014,3/16/2014,"MERCHAN1",,,
115,4/17/2014,"2013-14","2012-13","B",,100,5,,6/16/2014,3/27/2014,3/27/2014,"MERCHAN1",,,
319,4/16/2014,"2013-14","2012-13","B",,100,15,,6/15/2014,3/25/2014,3/25/2014,"MERCHAN1",,,
146,3/30/2014,"2013-14","2012-13","B",,100,15,,5/29/2014,3/5/2014,3/5/2014,"MERCHAN1",,,
137,4/10/2014,"2013-14","2012-13","B",,100,10,,6/9/2014,3/18/2014,3/18/2014,"MERCHAN1",,,
127,4/10/2014,"2013-14","2012-13","B",,100,10,,6/9/2014,3/11/2014,3/11/2014,"MERCHAN1",,,
181,1/1/2014,"2013-14","2012-13","F",105.32,,,,3/2/2014,12/31/2013,12/31/2013,"SHARE01",,"-",
209,4/28/2014,"2013-14","2012-13","B",,100,25,,6/27/2014,3/10/2014,3/10/2014,"MERCHAN1",,,
365,4/24/2014,"2013-14","2012-13","B",,100,15,,6/23/2014,4/10/2014,4/10/2014,"MERCHAN1",,,
143,4/28/2014,"2013-14","2012-13","B",,100,10,,6/27/2014,4/10/2014,4/10/2014,"MERCHAN1",,,
757,4/16/2014,"2013-14","2012-13","B",,100,12.5,,6/15/2014,3/31/2014,3/31/2014,"MERCHAN1",,,
118,3/30/2014,"2013-14","2012-13","F",40,,,,5/29/2014,3/13/2014,3/13/2014,"SHARE01",,"-",
301,7/31/2013,"2013-14","2012-13","F",110,,,,9/29/2013,3/25/2014,3/25/2014,"SHARE01",,"-",
301,5/8/2014,"2013-14","2012-13","F",110,,,,7/7/2014,3/25/2014,3/25/2014,"SHARE01",,"-",
950,5/31/2014,"2013-14","2012-13","F",12.8,,,,7/30/2014,4/3/2014,4/3/2014,"MERCHAN1",,".",
230,6/21/2014,"2013-14","2012-13","B",,100,25,,8/20/2014,5/15/2014,5/15/2014,"MERCHAN1",,,
500,6/19/2014,"2013-14","2012-13","B",,100,15,,8/18/2014,5/12/2014,5/12/2014,"MERCHAN1",,,
761,7/9/2014,"2014-15","2013-14","B",,100,15,,9/7/2014,5/12/2014,5/12/2014,"MERCHAN1",,,
497,6/12/2014,"2013-14","2012-13","F",5,,,,8/11/2014,4/29/2014,4/29/2014,"SHARE14",,"-",
449,6/16/2014,"2013-14","2012-13","F",20,,,,8/15/2014,5/20/2014,5/20/2014,"SHARE14",,"share dept",
736,5/28/2014,"2013-14","2012-13","F",6,,,,7/27/2014,4/28/2014,4/28/2014,"SHARE14",,"-",
625,5/29/2014,"2013-14","2012-13","F",15,,,,7/28/2014,5/14/2014,5/14/2014,"SHARE14",,"-",
624,6/25/2014,"2013-14","2012-13","F",27.5,,,,8/24/2014,5/14/2014,5/14/2014,"SHARE14",,"-",
603,6/19/2014,"2013-14","2012-13","F",105,,,,8/18/2014,5/8/2014,5/8/2014,"SHARE14",,"-",
499,8/27/2014,"2014-15","2013-14","B",,100,10,,10/26/2014,6/25/2014,6/25/2014,"MERCHAN1",,,
183,9/1/2014,"2014-15","2013-14","B",,100,10.462,,10/31/2014,9/1/2014,9/1/2014,"MERCHAN1",,,
163,7/27/2014,"2014-15","2013-14","F",30,,,,9/25/2014,6/30/2014,6/30/2014,"MERCHAN1",,,
782,7/27/2014,"2014-15","2013-14","F",30,,,,9/25/2014,6/30/2014,6/30/2014,"MERCHAN1",,,
177,8/31/2014,"2014-15","2013-14","B",,100,8.115,,10/30/2014,8/31/2014,8/31/2014,"MERCHAN1",,,
193,9/1/2014,"2014-15","2013-14","B",,100,9.2,,10/31/2014,9/1/2014,9/1/2014,"MERCHAN1",,,
174,9/1/2014,"2014-15","2013-14","B",,100,8.937,,10/31/2014,9/1/2014,9/1/2014,"MERCHAN1",,,
684,11/29/2014,"2014-15","2013-14","B",,100,15,,1/28/2015,11/6/2014,11/6/2014,"MERCHAN1",,,
601,9/23/2014,"2014-15","2013-14","F",45,,,,11/22/2014,8/27/2014,8/27/2014,"SHARE07",,".",
494,10/23/2014,"2014-15","2013-14","F",10,,,,12/22/2014,9/17/2014,9/17/2014,"SHARE14",,".",
688,11/30/2014,"2014-15","2013-14","B",,100,20,,1/29/2015,11/6/2014,11/6/2014,"MERCHAN1",,,
214,11/27/2014,"2014-15","2013-14","B",,100,10,,1/26/2015,10/20/2014,10/20/2014,"MERCHAN1",,,
234,12/21/2014,"2014-15","2013-14","B",,100,15,,2/19/2015,10/21/2014,10/21/2014,"MERCHAN1",,,
310,12/23/2014,"2014-15","2013-14","F",38,,,,2/21/2015,11/6/2014,11/6/2014,"SHARE07",,".",
672,12/18/2014,"2014-15","2013-14","F",15,,,,2/16/2015,11/10/2014,11/10/2014,"SHARE14",,"-",
233,10/23/2014,"2014-15","2013-14","F",5,,,,12/22/2014,9/30/2014,9/30/2014,"SHARE14",,"-",
307,1/17/2015,"2014-15","2013-14","F",10,,,,3/18/2015,11/25/2014,11/25/2014,"SHARE14",,"-",
303,1/17/2015,"2014-15","2013-14","F",30,,,,3/18/2015,11/25/2014,11/25/2014,"SHARE14",,"-",
436,12/27/2014,"2014-15","2013-14","F",10,,,,2/25/2015,11/13/2014,11/13/2014,"SHARE14",,"-",
306,1/3/2015,"2014-15","2013-14","F",5,,,,3/4/2015,11/13/2014,11/13/2014,"SHARE14",,"-",
213,12/24/2014,"2014-15","2013-14","F",35,,,,2/22/2015,11/27/2014,11/27/2014,"SHARE14",,"-",
674,11/13/2014,"2014-15","2013-14","F",10,,,,1/12/2015,10/15/2014,10/15/2014,"SHARE14",,"-",
124,4/16/2015,"2014-15","2013-14","B",,100,5,,6/15/2015,4/1/2015,4/1/2015,"MERCHAN1",,,
549,4/21/2015,"2014-15","2013-14","F",65,,,,6/20/2015,2/18/2015,2/18/2015,"SHARE14",,"-",
443,3/31/2015,"2014-15","2013-14","F",12.5,,,,5/30/2015,2/12/2015,2/12/2015,"SHARE14",,"-",
732,3/30/2015,"2014-15","2013-14","F",12.5,,,,5/29/2015,3/9/2015,3/9/2015,"SHARE14",,"-",
108,3/31/2015,"2014-15","2013-14","F",10,,,,5/30/2015,3/4/2015,3/4/2015,"SHARE14",,"-",
209,4/30/2015,"2014-15","2013-14","F",35,,,,6/29/2015,3/15/2015,3/15/2015,"SHARE14",,"-",
220,6/22/2015,"2014-15","2013-14","B",,100,10,,8/21/2015,5/4/2015,5/4/2015,"MERCHAN1",,,
457,6/20/2015,"2014-15","2013-14","B",,100,20,,8/19/2015,5/13/2015,5/13/2015,"MERCHAN1",,,
755,6/16/2015,"2014-15","2013-14","B",,100,12,,8/15/2015,5/14/2015,5/14/2015,"MERCHAN1",,,
746,5/7/2015,"2014-15","2013-14","F",5,,,,7/6/2015,4/20/2015,4/20/2015,"SHARE14",,"-",
230,6/27/2015,"2014-15","2013-14","B",,100,12.5,,8/26/2015,5/14/2015,5/14/2015,"MERCHAN1",,,
736,5/14/2015,"2014-15","2013-14","F",8,,,,7/13/2015,4/9/2015,4/9/2015,"SHARE14",,"-",
457,6/20/2015,"2014-15","2013-14","F",80,,,,8/19/2015,5/13/2015,5/13/2015,"SHARE14",,"-",
131,6/11/2015,"2014-15","2013-14","F",12,,,,8/10/2015,4/23/2015,4/23/2015,"SHARE14",,"-",
605,6/13/2015,"2014-15","2013-14","F",10,,,,8/12/2015,5/7/2015,5/7/2015,"SHARE14",,"-",
721,5/21/2015,"2014-15","2013-14","F",5,,,,7/20/2015,5/4/2015,5/4/2015,"SHARE14",,"-",
231,6/15/2015,"2014-15","2013-14","F",15,,,,8/14/2015,4/12/2015,4/12/2015,"SHARE14",,"-",
243,6/15/2015,"2014-15","2013-14","F",10,,,,8/14/2015,5/13/2015,5/13/2015,"SHARE14",,"-",
468,6/20/2015,"2014-15","2013-14","F",5,,,,8/19/2015,5/13/2015,5/13/2015,"SHARE14",,"-",
166,8/16/2015,"2015-16","2014-15","B",,100,25.5,,10/15/2015,9/7/2015,9/7/2015,"MERCHAN1",,,
184,8/13/2015,"2015-16","2014-15","B",,100,10.0418,,10/12/2015,9/3/2015,9/3/2015,"MERCHAN1",,,
187,8/14/2015,"2015-16","2014-15","B",,100,6.579,,10/13/2015,9/7/2015,9/7/2015,"MERCHAN1",,,
193,8/14/2015,"2015-16","2014-15","B",,100,5.322,,10/13/2015,9/7/2015,9/7/2015,"MERCHAN1",,,
195,8/14/2015,"2015-16","2014-15","B",,100,11.867,,10/13/2015,9/7/2015,9/7/2015,"MERCHAN1",,,
197,8/13/2015,"2015-16","2014-15","B",,100,7.513,,10/12/2015,9/3/2015,9/3/2015,"MERCHAN1",,,
698,8/11/2015,"2015-16","2014-15","B",,100,1.8,,10/10/2015,9/1/2015,9/1/2015,"MERCHAN1",,,
675,8/27/2015,"2015-16","2014-15","B",,100,10,,10/26/2015,7/2/2015,7/2/2015,"MERCHAN1",,,
161,8/13/2015,"2015-16","2014-15","B",,100,44.75,,10/12/2015,9/7/2015,9/7/2015,"MERCHAN1",,,
180,9/15/2015,"2015-16","2014-15","B",,100,6,,11/14/2015,8/18/2015,8/18/2015,"MERCHAN1",,,
734,8/16/2015,"2015-16","2014-15","F",10,,,,10/15/2015,6/30/2015,6/30/2015,"SHARE14",,"-",
484,8/20/2015,"2015-16","2014-15","I",100,,,,10/19/2015,8/20/2015,8/20/2015,"SHARE14",,"-",
188,9/6/2015,"2015-16","2014-15","F",11,,,,11/5/2015,9/6/2015,9/6/2015,"SHARE14",,"-",
615,10/15/2015,"2015-16","2014-15","F",10,,,,12/14/2015,9/28/2015,9/28/2015,"SHARE14",,"-",
459,6/21/2015,"2014-15","2013-14","I",100,,,,8/20/2015,5/12/2015,5/12/2015,"SHARE14",,"-",
738,9/29/2015,"2015-16","2014-15","F",17,,,,11/28/2015,8/20/2015,8/20/2015,"SHARE14",,"-",
459,7/26/2015,"2015-16","2014-15","I",500,,,,9/24/2015,8/5/2015,8/5/2015,"SHARE14",,"-",
318,12/31/2015,"2015-16","2014-15","B",,100,8,,2/29/2016,11/19/2015,11/19/2015,"MERCHAN1",,,
410,12/27/2015,"2015-16","2014-15","B",,100,40,,2/25/2016,11/17/2015,11/17/2015,"MERCHAN1",,,
413,12/20/2015,"2015-16","2014-15","B",,100,15,,2/18/2016,11/19/2015,11/19/2015,"MERCHAN1",,,
441,12/23/2015,"2015-16","2014-15","B",,100,6,,2/21/2016,12/8/2015,12/8/2015,"MERCHAN1",,,
556,12/28/2015,"2015-16","2014-15","B",,100,8,,2/26/2016,11/19/2015,11/19/2015,"MERCHAN1",,,
289,12/27/2015,"2015-16","2014-15","B",,100,15,,2/25/2016,11/19/2015,11/19/2015,"MERCHAN1",,,
732,3/30/2014,"2013-14","2012-13","F",15,,,,5/29/2014,3/11/2014,3/11/2014,"SHARE01",,"-",
146,3/30/2013,"2012-13","2011-12","F",15,,,,5/29/2013,3/5/2013,3/5/2013,"SHARE01",,"-",
146,3/30/2014,"2013-14","2012-13","F",15,,,,5/29/2014,3/5/2014,3/5/2014,"SHARE01",,"-",
454,4/24/2014,"2013-14","2012-13","F",300,,,,6/23/2014,3/12/2014,3/12/2014,"SHARE01",,"-",
641,4/10/2014,"2013-14","2012-13","F",10,,,,6/9/2014,3/20/2014,3/20/2014,"SHARE01",,"-",
736,5/28/2014,"2013-14","2012-13","B",,100,4,,7/27/2014,4/28/2014,4/28/2014,"MERCHAN1",,,
725,5/29/2014,"2013-14","2012-13","B",,100,5,,7/28/2014,4/29/2014,4/29/2014,"MERCHAN1",,,
102,5/29/2014,"2013-14","2012-13","B",,100,20,,7/28/2014,4/13/2014,4/13/2014,"MERCHAN1",,,
721,5/18/2014,"2013-14","2012-13","B",,100,20,,7/17/2014,3/31/2014,3/31/2014,"MERCHAN1",,,
140,5/25/2014,"2013-14","2012-13","B",,100,10,,7/24/2014,4/7/2014,4/7/2014,"MERCHAN1",,,
755,6/18/2014,"2013-14","2012-13","B",,100,15,,8/17/2014,5/15/2014,5/15/2014,"MERCHAN1",,,
125,6/17/2014,"2013-14","2012-13","B",,100,11,,8/16/2014,4/27/2014,4/27/2014,"MERCHAN1",,,
751,5/20/2014,"2013-14","2012-13","F",10,,,,7/19/2014,4/16/2014,4/16/2014,"SHARE01",,"-",
104,5/31/2014,"2013-14","2012-13","F",8,,,,7/30/2014,4/3/2014,4/3/2014,"SHARE01",,"-",
138,6/22/2014,"2013-14","2012-13","B",,100,12.5,,8/21/2014,5/15/2014,5/15/2014,"MERCHAN1",,,
744,6/18/2014,"2013-14","2012-13","B",,100,10,,8/17/2014,5/12/2014,5/12/2014,"MERCHAN1",,,
749,6/24/2014,"2013-14","2012-13","B",,100,10,,8/23/2014,4/29/2014,4/29/2014,"MERCHAN1",,,
142,6/19/2014,"2013-14","2012-13","B",,100,5,,8/18/2014,5/11/2014,5/11/2014,"MERCHAN1",,,
735,6/19/2014,"2013-14","2012-13","B",,100,12,,6/18/2014,5/11/2014,5/11/2014,"MERCHAN1",,,
147,6/29/2014,"2013-14","2012-13","B",,100,15,,8/28/2014,5/21/2014,5/21/2014,"MERCHAN1",,,
148,7/20/2014,"2014-15","2013-14","B",,100,25,,9/18/2014,6/25/2014,6/25/2014,"MERCHAN1",,,
451,6/16/2014,"2013-14","2012-13","F",15,,,,8/15/2014,5/28/2014,5/28/2014,"SHARE07",,".",
759,7/16/2014,"2014-15","2013-14","F",15,,,,9/14/2014,6/19/2014,6/19/2014,"SHARE07",,".",
413,12/18/2014,"2014-15","2013-14","F",15,,,,2/16/2015,11/16/2014,11/16/2014,"SHARE14",,"-",
688,11/30/2014,"2014-15","2013-14","F",5,,,,1/29/2015,11/6/2014,11/6/2014,"SHARE14",,"-",
684,11/29/2014,"2014-15","2013-14","F",5,,,,1/28/2015,11/6/2014,11/6/2014,"SHARE14",,"-",
298,12/15/2014,"2014-15","2013-14","F",10,,,,2/13/2015,11/13/2014,11/13/2014,"SHARE14",,"-",
690,12/21/2014,"2014-15","2013-14","F",5,,,,2/19/2015,11/20/2014,11/20/2014,"SHARE14",,"-",
442,12/23/2014,"2014-15","2013-14","F",10,,,,2/21/2015,11/10/2014,11/10/2014,"SHARE14",,"-",
210,12/24/2014,"2014-15","2013-14","F",17,,,,2/22/2015,11/30/2014,11/30/2014,"SHARE14",,"-",
634,12/28/2014,"2014-15","2013-14","F",10,,,,2/26/2015,11/5/2014,11/5/2014,"SHARE14",,"-",
151,12/20/2014,"2014-15","2013-14","F",450,,,,2/18/2015,12/3/2014,12/3/2014,"SHARE14",,"-",
564,12/24/2014,"2014-15","2013-14","F",10,,,,2/22/2015,11/12/2014,11/12/2014,"SHARE14",,"-",
491,12/24/2014,"2014-15","2013-14","F",12,,,,2/22/2015,12/2/2014,12/2/2014,"SHARE14",,"-",
728,11/3/2014,"2014-15","2013-14","F",40,,,,1/2/2015,10/16/2014,10/16/2014,"SHARE14",,"-",
357,12/14/2014,"2014-15","2013-14","F",5,,,,2/12/2015,11/19/2014,11/19/2014,"SHARE14",,"-",
475,12/28/2014,"2014-15","2013-14","F",20,,,,2/26/2015,11/11/2014,11/11/2014,"SHARE14",,"-",
223,1/12/2015,"2014-15","2013-14","F",7.5,,,,3/13/2015,11/13/2014,11/13/2014,"SHARE14",,"-",
610,12/26/2014,"2014-15","2013-14","F",11,,,,2/24/2015,11/20/2014,11/20/2014,"SHARE14",,"-",
485,1/29/2015,"2014-15","2013-14","I",225,,,,3/30/2015,1/29/2015,1/29/2015,"SHARE14",,"-",
415,12/28/2014,"2014-15","2013-14","F",10,,,,2/26/2015,11/17/2014,11/17/2014,"SHARE14",,"-",
133,4/26/2015,"2014-15","2013-14","F",10,,,,6/25/2015,4/9/2015,4/9/2015,"SHARE14",,"-",
115,5/13/2015,"2014-15","2013-14","B",,100,10,,7/12/2015,4/21/2015,4/21/2015,"MERCHAN1",,,
101,5/17/2015,"2014-15","2013-14","B",,100,12.5,,7/16/2015,4/23/2015,4/23/2015,"MERCHAN5",,,
120,5/14/2015,"2014-15","2013-14","B",,100,15,,7/13/2015,4/16/2015,4/16/2015,"MERCHAN5",,,
670,5/28/2015,"2014-15","2013-14","B",,100,15,,7/27/2015,5/12/2015,5/12/2015,"MERCHAN5",,,
497,5/28/2015,"2014-15","2013-14","B",,100,20,,7/27/2015,5/12/2015,5/12/2015,"MERCHAN5",,,
731,6/9/2015,"2014-15","2013-14","B",,100,15,,8/8/2015,4/26/2015,4/26/2015,"MERCHAN1",,,
465,6/6/2015,"2014-15","2013-14","B",,100,5,,8/5/2015,5/10/2015,5/10/2015,"MERCHAN1",,,
317,6/16/2015,"2014-15","2013-14","B",,100,15,,8/15/2015,5/20/2015,5/20/2015,"MERCHAN1",,,
603,6/25/2015,"2014-15","2013-14","F",105,,,,8/24/2015,5/10/2015,5/10/2015,"MERCHAN1",,"-",
719,7/29/2015,"2015-16","2014-15","B",,100,10,,9/27/2015,7/8/2015,7/8/2015,"MERCHAN1",,,
730,8/27/2015,"2015-16","2014-15","B",,100,20,,10/26/2015,7/30/2015,7/30/2015,"MERCHAN1",,,
153,8/12/2015,"2015-16","2014-15","F",450,,,,10/11/2015,8/12/2015,8/12/2015,"MERCHAN1",,,
477,9/16/2015,"2015-16","2014-15","B",,100,12.5,,11/15/2015,8/13/2015,8/13/2015,"MERCHAN1",,,
233,10/15/2015,"2015-16","2014-15","B",,100,20,,12/14/2015,9/20/2015,9/20/2015,"MERCHAN1",,,
563,10/18/2015,"2015-16","2014-15","B",,100,10,,12/17/2015,9/28/2015,9/28/2015,"MERCHAN1",,,
163,7/30/2015,"2015-16","2014-15","F",28,,,,9/28/2015,6/30/2015,6/30/2015,"MERCHAN1",,,
234,11/19/2015,"2015-16","2014-15","B",,100,12,,1/18/2016,10/14/2015,10/14/2015,"MERCHAN1",,,
673,11/18/2015,"2015-16","2014-15","B",,100,25,,1/17/2016,10/27/2015,10/27/2015,"MERCHAN1",,,
671,10/27/2015,"2015-16","2014-15","F",27,,,,12/26/2015,10/8/2015,10/8/2015,"SHARE14",,"-",
485,8/13/2015,"2015-16","2014-15","F",50,,,,10/12/2015,6/18/2015,6/18/2015,"SHARE14",,"-",
207,6/24/2015,"2014-15","2013-14","F",10,,,,8/23/2015,5/18/2015,5/18/2015,"SHARE14",,"-",
659,11/26/2015,"2015-16","2014-15","F",20,,,,1/25/2016,10/18/2015,10/18/2015,"SHARE14",,"-",
669,12/20/2015,"2015-16","2014-15","B",,100,15,,2/18/2016,11/22/2015,11/22/2015,"MERCHAN1",,,
565,12/22/2015,"2015-16","2014-15","B",,100,10,,2/20/2016,12/7/2015,12/7/2015,"MERCHAN1",,,
560,12/30/2015,"2015-16","2014-15","B",,100,10,,2/28/2016,11/18/2015,11/18/2015,"MERCHAN1",,,
610,12/26/2015,"2015-16","2014-15","B",,100,10,,2/24/2016,11/26/2015,11/26/2015,"MERCHAN1",,,
488,12/26/2015,"2015-16","2014-15","B",,100,10,,2/24/2016,11/29/2015,11/29/2015,"MERCHAN1",,,
656,12/22/2015,"2015-16","2014-15","B",,100,10,,2/20/2016,12/7/2015,12/7/2015,"MERCHAN1",,,
688,12/28/2015,"2015-16","2014-15","B",,100,20,,2/26/2016,11/15/2015,11/15/2015,"MERCHAN1",,,
442,12/20/2015,"2015-16","2014-15","F",10,,,,2/18/2016,11/15/2015,11/15/2015,"SHARE14",,"-",
692,12/28/2015,"2015-16","2014-15","B",,100,5,,2/26/2016,11/22/2015,11/22/2015,"MERCHAN1",,,
634,12/23/2015,"2015-16","2014-15","F",10,,,,2/21/2016,11/12/2015,11/12/2015,"SHARE14",,"-",
261,12/23/2015,"2015-16","2014-15","F",15,,,,2/21/2016,12/8/2015,12/8/2015,"SHARE14",,"-",
684,12/23/2015,"2015-16","2014-15","F",5,,,,2/21/2016,12/6/2015,12/6/2015,"SHARE14",,"-",
357,12/5/2015,"2015-16","2014-15","F",20,,,,2/3/2016,11/15/2015,11/15/2015,"SHARE14",,"-",
234,11/19/2015,"2015-16","2014-15","F",3,,,,1/18/2016,10/14/2015,10/14/2015,"SHARE14",,"-",
487,12/27/2015,"2015-16","2014-15","F",12,,,,2/25/2016,11/18/2015,11/18/2015,"SHARE14",,"-",
210,12/21/2015,"2015-16","2014-15","F",16,,,,2/19/2016,12/6/2015,12/6/2015,"SHARE14",,"-",
232,11/8/2015,"2015-16","2014-15","F",17,,,,1/7/2016,9/20/2015,9/20/2015,"SHARE14",,"-",
674,11/25/2015,"2015-16","2014-15","F",10,,,,1/24/2016,10/28/2015,10/28/2015,"SHARE14",,"-",
215,12/20/2015,"2015-16","2014-15","F",12,,,,2/18/2016,11/17/2015,11/17/2015,"SHARE14",,"-",
553,12/23/2015,"2015-16","2014-15","F",20,,,,2/21/2016,11/26/2015,11/26/2015,"SHARE14",,"-",
151,12/26/2015,"2015-16","2014-15","F",35,,,,2/24/2016,11/30/2015,11/30/2015,"SHARE14",,"-",
194,12/1/2015,"2015-16","2014-15","F",10,,,,1/30/2016,12/23/2015,12/23/2015,"SHARE14",,"-",
462,12/28/2015,"2015-16","2014-15","F",25,,,,2/26/2016,12/3/2015,12/3/2015,"SHARE14",,"-",
310,12/22/2015,"2015-16","2014-15","F",15,,,,2/20/2016,12/1/2015,12/1/2015,"SHARE14",,"-",
209,11/17/2015,"2015-16","2014-15","I",40,,,,1/16/2016,11/17/2015,11/17/2015,"SHARE14",,"-",
561,12/23/2015,"2015-16","2014-15","F",12,,,,2/21/2016,11/19/2015,11/19/2015,"SHARE14",,"-",
607,12/20/2015,"2015-16","2014-15","F",5,,,,2/18/2016,11/25/2015,11/25/2015,"SHARE14",,"-",
270,12/27/2015,"2015-16","2014-15","F",15,,,,2/25/2016,11/15/2015,11/15/2015,"SHARE14",,"-",
427,12/30/2015,"2015-16","2014-15","F",5,,,,2/28/2016,11/26/2015,11/26/2015,"SHARE14",,"-",
603,12/14/2015,"2015-16","2014-15","I",215,,,,2/12/2016,12/14/2015,12/14/2015,"SHARE14",,"-",
657,12/15/2015,"2015-16","2014-15","F",25,,,,2/13/2016,11/17/2015,11/17/2015,"SHARE14",,"-",
310,12/24/2013,"2013-14","2012-13","F",35,,,,2/22/2014,11/5/2013,11/5/2013,"SHARE01",,"-",
764,2/20/2014,"2013-14","2012-13","B",,100,12,,4/21/2014,2/3/2014,2/3/2014,"MERCHAN1",,,
309,1/17/2014,"2013-14","2012-13","F",70,,,,3/18/2014,11/28/2013,11/28/2013,"SHARE14",,"-",
500,9/8/2013,"2013-14","2012-13","R",,3,2,0,11/7/2013,2/25/2014,2/25/2014,"MERCHAN1",,,
259,4/12/2016,"2015-16","2014-15","F",550,,,,6/11/2016,3/14/2016,3/14/2016,"SHARE14",,"-",
162,10/10/2013,"2013-14","2012-13","B",,1,2.482,,12/9/2013,1/8/2014,1/8/2014,"MERCHAN1",,,
170,1/29/2014,"2013-14","2012-13","F",10,,,,3/30/2014,2/11/2014,2/11/2014,"SHARE01",,"-",
485,4/12/2014,"2013-14","2012-13","F",500,,,,6/11/2014,3/12/2014,3/12/2014,"SHARE01",,"-",
485,4/12/2014,"2013-14","2012-13","I",500,,,,6/11/2014,3/12/2014,3/12/2014,"SHARE01",,"-",
106,3/25/2014,"2013-14","2012-13","F",5,,,,5/24/2014,3/10/2014,3/10/2014,"SHARE01",,"-",
137,4/10/2014,"2013-14","2012-13","F",5,,,,6/9/2014,3/18/2014,3/18/2014,"SHARE01",,"-",
108,4/17/2014,"2013-14","2012-13","F",20,,,,6/16/2014,3/11/2014,3/11/2014,"SHARE01",,"-",
229,3/29/2014,"2013-14","2012-13","F",13,,,,5/28/2014,2/11/2014,2/11/2014,"SHARE01",,"-",
811,4/8/2014,"2013-14","2012-13","F",25,,,,6/7/2014,3/18/2014,3/18/2014,"SHARE01",,"-",
718,5/15/2014,"2013-14","2012-13","B",,100,5,,7/14/2014,4/24/2014,4/24/2014,"MERCHAN1",,,
107,5/31/2014,"2013-14","2012-13","B",,100,15,,7/30/2014,5/14/2014,5/14/2014,"MERCHAN1",,,
455,6/10/2014,"2013-14","2012-13","B",,100,20,,8/9/2014,5/12/2014,5/12/2014,"MERCHAN1",,,
128,6/29/2014,"2013-14","2012-13","B",,100,10,,8/28/2014,5/8/2014,5/8/2014,"MERCHAN1",,,
468,6/27/2014,"2013-14","2012-13","B",,100,30,,8/26/2014,6/11/2014,6/11/2014,"MERCHAN1",,,
134,6/8/2014,"2013-14","2012-13","F",12.5,,,,8/7/2014,5/12/2014,5/12/2014,"SHARE01",,"-",
652,7/10/2014,"2014-15","2013-14","F",5,,,,9/8/2014,6/30/2014,6/30/2014,"SHARE01",,"-",
652,7/10/2014,"2014-15","2013-14","I",5,,,,9/8/2014,6/30/2014,6/30/2014,"SHARE01",,"-",
296,6/10/2014,"2013-14","2012-13","F",25,,,,8/9/2014,5/12/2014,5/12/2014,"SHARE01",,"-",
455,6/10/2014,"2013-14","2012-13","F",85,,,,8/9/2014,5/12/2014,5/12/2014,"SHARE01",,"-",
139,6/18/2014,"2013-14","2012-13","F",20,,,,8/17/2014,5/11/2014,5/11/2014,"SHARE01",,"-",
730,7/17/2014,"2014-15","2013-14","B",,100,10,,9/15/2014,6/30/2014,6/30/2014,"MERCHAN1",,,
602,6/26/2014,"2013-14","2012-13","F",50,,,,8/25/2014,5/7/2014,5/7/2014,"SHARE07",,".",
320,6/23/2014,"2013-14","2012-13","F",10,,,,8/22/2014,5/18/2014,5/18/2014,"SHARE07",,".",
459,8/7/2014,"2014-15","2013-14","I",275,,,,10/6/2014,7/7/2014,7/7/2014,"SHARE07",,".",
658,7/9/2014,"2014-15","2013-14","F",10,,,,9/7/2014,5/15/2014,5/15/2014,"SHARE07",,".",
665,10/23/2014,"2014-15","2013-14","B",,100,15,,12/22/2014,9/29/2014,9/29/2014,"MERCHAN1",,,
498,10/19/2014,"2014-15","2013-14","B",,100,10,,12/18/2014,9/21/2014,9/21/2014,"MERCHAN1",,,
257,10/21/2014,"2014-15","2013-14","B",,100,50,,12/20/2014,9/30/2014,9/30/2014,"MERCHAN1",,,
232,11/10/2014,"2014-15","2013-14","B",,100,5,,1/9/2015,9/22/2014,9/22/2014,"MERCHAN1",,,
171,9/1/2014,"2014-15","2013-14","F",7,,,,10/31/2014,9/1/2014,9/1/2014,"SHARE07",,".",
730,7/17/2014,"2014-15","2013-14","F",20,,,,9/15/2014,6/30/2014,6/30/2014,"SHARE07",,".",
665,10/23/2014,"2014-15","2013-14","F",5,,,,12/22/2014,9/29/2014,9/29/2014,"SHARE07",,".",
306,1/3/2015,"2014-15","2013-14","B",,100,10,,3/4/2015,11/13/2014,11/13/2014,"MERCHAN5",,,
474,12/18/2014,"2014-15","2013-14","B",,100,18,,2/16/2015,11/19/2014,11/19/2014,"MERCHAN5",,,
289,12/28/2014,"2014-15","2013-14","B",,100,10,,2/26/2015,11/16/2014,11/16/2014,"MERCHAN5",,,
423,12/23/2014,"2014-15","2013-14","B",,100,20,,2/21/2015,11/20/2014,11/20/2014,"MERCHAN5",,,
217,12/20/2014,"2014-15","2013-14","B",,100,10,,2/18/2015,11/20/2014,11/20/2014,"MERCHAN5",,,
556,12/25/2014,"2014-15","2013-14","B",,100,15,,2/23/2015,11/17/2014,11/17/2014,"MERCHAN5",,,
321,12/28/2014,"2014-15","2013-14","B",,100,5,,2/26/2015,11/23/2014,11/23/2014,"MERCHAN5",,,
743,12/24/2014,"2014-15","2013-14","B",,100,15,,2/22/2015,11/20/2014,11/20/2014,"MERCHAN5",,,
488,12/12/2014,"2014-15","2013-14","B",,100,10,,2/10/2015,11/25/2014,11/25/2014,"MERCHAN5",,,
610,12/26/2014,"2014-15","2013-14","B",,100,10,,2/24/2015,11/20/2014,11/20/2014,"MERCHAN5",,,
560,12/23/2014,"2014-15","2013-14","B",,100,10,,2/21/2015,11/16/2014,11/16/2014,"MERCHAN5",,,
690,12/21/2014,"2014-15","2013-14","B",,100,10,,2/19/2015,11/20/2014,11/20/2014,"MERCHAN5",,,
743,12/24/2014,"2014-15","2013-14","F",10,,,,2/22/2015,11/20/2014,11/20/2014,"SHARE14",,"-",
321,12/28/2014,"2014-15","2013-14","F",10,,,,2/26/2015,11/23/2014,11/23/2014,"SHARE14",,"-",
278,12/24/2014,"2014-15","2013-14","F",32,,,,2/22/2015,11/13/2014,11/13/2014,"SHARE14",,"-",
308,2/7/2015,"2014-15","2013-14","F",90,,,,4/8/2015,12/11/2014,12/11/2014,"SHARE14",,"-",
199,8/25/2014,"2014-15","2013-14","F",12,,,,10/24/2014,8/25/2014,8/25/2014,"SHARE14",,"-",
194,11/25/2014,"2014-15","2013-14","F",5,,,,1/24/2015,11/25/2014,11/25/2014,"SHARE14",,"-",
437,12/22/2014,"2014-15","2013-14","F",10,,,,2/20/2015,12/15/2014,12/15/2014,"SHARE14",,"-",
132,3/24/2015,"2014-15","2013-14","B",,100,10,,5/23/2015,3/1/2015,3/1/2015,"MERCHAN1",,,
781,3/25/2015,"2014-15","2013-14","B",,100,2.5,,5/24/2015,2/26/2015,2/26/2015,"MERCHAN1",,,
135,3/30/2015,"2014-15","2013-14","B",,100,25,,5/29/2015,3/9/2015,3/9/2015,"MERCHAN5",,,
660,12/28/2014,"2014-15","2013-14","F",23,,,,2/26/2015,12/2/2014,12/2/2014,"SHARE14",,"-",
740,3/19/2015,"2014-15","2013-14","F",10,,,,5/18/2015,3/2/2015,3/2/2015,"SHARE14",,"-",
740,3/19/2015,"2014-15","2013-14","O",1949.38,10,1,,5/18/2015,3/2/2015,3/2/2015,"SHARE14",,"-",
720,3/30/2015,"2014-15","2013-14","F",10,,,,5/29/2015,3/4/2015,3/4/2015,"SHARE14",,"-",
132,3/24/2015,"2014-15","2013-14","F",15,,,,5/23/2015,3/2/2015,3/2/2015,"SHARE14",,"-",
114,3/29/2015,"2014-15","2013-14","F",15,,,,5/28/2015,3/15/2015,3/15/2015,"SHARE14",,"-",
259,4/12/2015,"2014-15","2013-14","F",450,,,,6/11/2015,3/5/2015,3/5/2015,"SHARE14",,"-",
736,5/14/2015,"2014-15","2013-14","B",,100,4,,7/13/2015,4/9/2015,4/9/2015,"MERCHAN5",,,
696,5/21/2015,"2014-15","2013-14","B",,100,15,,7/20/2015,4/23/2015,4/23/2015,"MERCHAN5",,,
302,2/14/2015,"2014-15","2013-14","F",100,,,,4/15/2015,12/22/2014,12/22/2014,"SHARE14",,"-",
309,1/16/2015,"2014-15","2013-14","F",95,,,,3/17/2015,12/4/2014,12/4/2014,"SHARE14",,"-",
229,3/28/2015,"2014-15","2013-14","F",15,,,,5/27/2015,3/9/2015,3/9/2015,"SHARE14",,"-",
618,6/13/2015,"2014-15","2013-14","B",,100,15,,8/12/2015,5/21/2015,5/21/2015,"MERCHAN1",,,
140,5/31/2015,"2014-15","2013-14","B",,100,10,,7/30/2015,4/8/2015,4/8/2015,"MERCHAN1",,,
449,6/16/2015,"2014-15","2013-14","B",,100,10,,8/15/2015,5/20/2015,5/20/2015,"MERCHAN1",,,
749,6/15/2015,"2014-15","2013-14","B",,100,10,,8/14/2015,4/22/2015,4/22/2015,"MERCHAN1",,,
762,6/25/2015,"2014-15","2013-14","B",,100,12,,8/24/2015,5/4/2015,5/4/2015,"MERCHAN1",,,
305,6/28/2015,"2014-15","2013-14","B",,100,5,,8/27/2015,5/17/2015,5/17/2015,"MERCHAN1",,,
735,7/25/2015,"2015-16","2014-15","B",,100,6,,9/23/2015,5/19/2015,5/19/2015,"MERCHAN1",,,
138,7/25/2015,"2015-16","2014-15","B",,100,10,,9/23/2015,5/21/2015,5/21/2015,"MERCHAN1",,,
750,5/30/2015,"2014-15","2013-14","F",10,,,,7/29/2015,5/12/2015,5/12/2015,"SHARE14",,"-",
123,5/24/2015,"2014-15","2013-14","F",10,,,,7/23/2015,5/6/2015,5/6/2015,"SHARE14",,"-",
565,6/25/2015,"2014-15","2013-14","F",20,,,,8/24/2015,5/24/2015,5/24/2015,"SHARE14",,"-",
477,9/16/2015,"2015-16","2014-15","F",30,,,,11/15/2015,8/13/2015,8/13/2015,"SHARE14",,"-",
296,6/11/2015,"2014-15","2013-14","F",30,,,,8/10/2015,5/13/2015,5/13/2015,"SHARE14",,"-",
494,10/28/2015,"2015-16","2014-15","B",,100,10,,12/27/2015,9/17/2015,9/17/2015,"MERCHAN1",,,
136,7/23/2015,"2015-16","2014-15","F",20,,,,9/21/2015,5/19/2015,5/19/2015,"SHARE14",,"-",
698,9/1/2015,"2015-16","2014-15","F",7.5,,,,10/31/2015,9/1/2015,9/1/2015,"SHARE14",,"-",
606,6/25/2015,"2014-15","2013-14","F",10,,,,8/24/2015,5/14/2015,5/14/2015,"SHARE14",,"-",
622,11/12/2015,"2015-16","2014-15","F",15,,,,1/11/2016,10/21/2015,10/21/2015,"SHARE14",,"-",
408,8/27/2015,"2015-16","2014-15","F",60,,,,10/26/2015,7/30/2015,7/30/2015,"SHARE14",,"-",
658,7/9/2015,"2015-16","2014-15","F",10,,,,9/7/2015,5/18/2015,5/18/2015,"SHARE14",,"-",
696,8/20/2015,"2015-16","2014-15","I",10,,,,10/19/2015,8/20/2015,8/20/2015,"SHARE14",,"-",
694,12/14/2015,"2015-16","2014-15","B",,100,12,,2/12/2016,11/18/2015,11/18/2018,"MERCHAN1",,,
684,12/23/2015,"2015-16","2014-15","B",,100,10,,2/21/2016,12/6/2015,12/6/2015,"MERCHAN1",,,
202,12/17/2015,"2015-16","2014-15","B",,100,20,,2/15/2016,11/22/2015,11/22/2015,"MERCHAN1",,,
413,12/7/2013,"2013-14","2012-13","F",12,,,,2/5/2014,11/13/2013,11/13/2013,"SHARE01",,"-",
309,4/9/2014,"2013-14","2012-13","R",,3,2,10,6/8/2014,2/25/2014,2/25/2014,"SHARE14",,,
119,4/10/2014,"2013-14","2012-13","B",,100,10,,6/9/2014,3/20/2014,3/20/2014,"MERCHAN1",,,
259,4/23/2014,"2013-14","2012-13","F",520,,,,6/22/2014,3/12/2014,3/12/2014,"SHARE01",,"-",
124,5/8/2014,"2013-14","2012-13","B",,100,10,,7/7/2014,3/31/2014,3/31/2014,"MERCHAN1",,,
109,5/11/2014,"2013-14","2012-13","B",,100,10,,7/10/2014,4/6/2014,4/6/2014,"MERCHAN1",,,
661,5/15/2014,"2013-14","2012-13","B",,100,100,,7/14/2014,4/22/2014,4/22/2014,"MERCHAN1",,,
741,4/24/2014,"2013-14","2012-13","B",,100,5,,6/23/2014,4/3/2014,4/3/2014,"MERCHAN1",,,
742,5/15/2014,"2013-14","2012-13","B",,100,10,,7/14/2014,3/27/2014,3/27/2014,"MERCHAN1",,,
209,4/20/2014,"2013-14","2012-13","F",220,,,,6/19/2014,3/30/2014,3/30/2014,"SHARE01",,"-",
484,4/20/2014,"2013-14","2012-13","F",220,,,,6/19/2014,3/30/2014,3/30/2014,"SHARE01",,"-",
565,4/8/2014,"2013-14","2012-13","F",25,,,,6/7/2014,3/18/2014,3/18/2014,"SHARE01",,"-",
726,5/17/2014,"2013-14","2012-13","B",,100,10,,7/16/2014,4/7/2014,4/7/2014,"MERCHAN1",,,
143,4/28/2014,"2013-14","2012-13","F",10,,,,6/27/2014,4/10/2014,4/10/2014,"SHARE01",,"-",
719,4/30/2014,"2013-14","2012-13","F",30,,,,6/29/2014,3/12/2014,3/12/2014,"SHARE01",,"-",
209,4/28/2014,"2013-14","2012-13","F",100,,,,6/27/2014,3/10/2014,3/10/2014,"SHARE01",,"-",
742,5/15/2014,"2013-14","2012-13","F",5,,,,7/14/2014,3/27/2014,3/27/2014,"SHARE01",,"-",
117,5/31/2014,"2013-14","2012-13","F",12,,,,7/30/2014,4/24/2014,4/24/2014,"SHARE01",,"-",
113,3/30/2014,"2013-14","2012-13","F",12.5,,,,5/29/2014,3/13/2014,3/13/2014,"SHARE01",,"-",
123,6/12/2014,"2013-14","2012-13","B",,100,12,,8/11/2014,4/9/2014,4/9/2014,"MERCHAN1",,,
297,5/29/2014,"2013-14","2012-13","B",,100,10,,7/28/2014,5/8/2014,5/8/2014,"MERCHAN1",,,
465,6/7/2014,"2013-14","2012-13","B",,100,10,,8/6/2014,4/30/2014,4/30/2014,"MERCHAN1",,,
754,5/31/2014,"2013-14","2012-13","B",,100,15,,7/30/2014,4/28/2014,4/28/2014,"MERCHAN1",,,
739,6/8/2014,"2013-14","2012-13","B",,100,10,,8/7/2014,4/16/2014,4/16/2014,"MERCHAN1",,,
670,6/12/2014,"2013-14","2012-13","B",,100,10,,8/11/2014,5/8/2014,5/8/2014,"MERCHAN1",,,
762,6/22/2014,"2013-14","2012-13","B",,100,12,,8/21/2014,5/4/2014,5/4/2014,"MERCHAN1",,,
457,6/21/2014,"2013-14","2012-13","B",,100,25,,8/20/2014,5/12/2014,5/12/2014,"MERCHAN1",,,
452,6/21/2014,"2013-14","2012-13","B",,100,5,,8/20/2014,5/18/2014,5/18/2014,"MERCHAN1",,,
451,6/16/2014,"2013-14","2012-13","B",,100,20,,8/15/2014,5/28/2014,5/28/2014,"MERCHAN1",,,
320,6/30/2014,"2013-14","2012-13","B",,100,10,,8/29/2014,5/18/2014,5/18/2014,"MERCHAN1",,,
305,6/30/2014,"2013-14","2012-13","B",,100,15,,8/29/2014,5/18/2014,5/18/2014,"MERCHAN1",,,
731,6/9/2014,"2013-14","2012-13","B",,100,12,,8/8/2014,4/27/2014,4/27/2014,"MERCHAN1",,,
142,6/19/2014,"2013-14","2012-13","F",7.5,,,,8/18/2014,5/15/2014,5/15/2014,"SHARE14",,"-",
301,3/25/2014,"2013-14","2012-13","F",110,,,,5/24/2014,3/25/2014,3/25/2014,"SHARE14",,"-",
301,3/25/2014,"2013-14","2012-13","I",110,,,,5/24/2014,3/25/2014,3/25/2014,"SHARE14",,"-",
144,7/21/2014,"2014-15","2013-14","B",,100,38,,9/19/2014,7/3/2014,7/3/2014,"MERCHAN1",,,
750,5/24/2014,"2013-14","2012-13","F",5.2,,,,7/23/2014,4/22/2014,4/22/2014,"SHARE14",,"-",
191,7/2/2014,"2014-15","2013-14","F",3,,,,8/31/2014,6/2/2014,6/2/2014,"SHARE14",,"-",
123,6/12/2014,"2013-14","2012-13","F",8,,,,8/11/2014,4/9/2014,4/9/2014,"SHARE14",,"-",
465,6/7/2014,"2013-14","2012-13","F",25,,,,8/6/2014,4/30/2014,4/30/2014,"SHARE14",,"-",
225,6/25/2014,"2013-14","2012-13","F",22,,,,8/24/2014,5/15/2014,5/15/2014,"SHARE14",,"-",
549,8/5/2014,"2014-15","2013-14","I",95,,,,10/4/2014,8/5/2014,8/5/2014,"MERCHAN1",,".",
152,9/12/2013,"2013-14","2012-13","F",800,,,,11/11/2013,8/12/2014,8/12/2014,"SHARE07",,".",
673,10/9/2014,"2014-15","2013-14","B",,100,20,,12/8/2014,9/11/2014,9/11/2014,"MERCHAN1",,,
318,12/11/2014,"2014-15","2013-14","B",,100,17,,2/9/2015,11/6/2014,11/6/2014,"SHARE07",,,
487,12/18/2014,"2014-15","2013-14","F",10,,,,2/16/2015,11/18/2014,11/18/2014,"SHARE07",,".",
752,11/25/2014,"2014-15","2013-14","F",25,,,,1/24/2015,9/25/2014,9/25/2014,"SHARE07",,".",
615,12/11/2014,"2014-15","2013-14","F",8,,,,2/9/2015,11/13/2014,11/13/2014,"SHARE07",,".",
671,10/30/2014,"2014-15","2013-14","F",25,,,,12/29/2014,10/2/2014,10/2/2014,"SHARE14",,".",
665,11/23/2014,"2014-15","2013-14","F",5,,,,1/22/2015,9/29/2014,9/29/2014,"SHARE14",,".",
202,12/24/2014,"2014-15","2013-14","B",,100,35,,2/22/2015,11/27/2014,11/27/2014,"MERCHAN1",,,
640,12/28/2014,"2014-15","2013-14","B",,100,10,,2/26/2015,11/10/2014,11/10/2014,"MERCHAN5",,,
448,12/30/2014,"2014-15","2013-14","B",,100,5,,2/28/2015,11/17/2014,11/17/2014,"MERCHAN5",,,
492,12/29/2014,"2014-15","2013-14","B",,100,10,,2/27/2015,11/5/2014,11/5/2014,"MERCHAN5",,,
603,12/4/2014,"2014-15","2013-14","I",175,,,,2/2/2015,12/4/2014,12/4/2014,"SHARE14",,"-",
259,12/3/2014,"2014-15","2013-14","I",100,,,,2/1/2015,12/3/2014,12/3/2014,"SHARE14",,"-",
214,11/27/2014,"2014-15","2013-14","F",5,,,,1/26/2015,10/20/2014,10/20/2014,"SHARE14",,"-",
270,12/22/2014,"2014-15","2013-14","F",5,,,,2/20/2015,11/10/2014,11/10/2014,"SHARE14",,"-",
607,12/24/2014,"2014-15","2013-14","F",5,,,,2/22/2015,11/17/2014,11/17/2014,"SHARE14",,"-",
657,12/24/2014,"2014-15","2013-14","F",30,,,,2/22/2015,11/13/2014,11/13/2014,"SHARE14",,"-",
638,12/23/2014,"2014-15","2013-14","F",1.2,,,,2/21/2015,11/23/2014,11/23/2014,"SHARE14",,"-",
659,12/27/2014,"2014-15","2013-14","F",30,,,,2/25/2015,11/17/2014,11/17/2014,"SHARE14",,"-",
692,12/30/2014,"2014-15","2013-14","F",10,,,,2/28/2015,12/22/2014,12/22/2014,"SHARE14",,"-",
188,9/1/2014,"2014-15","2013-14","F",11,,,,10/31/2014,9/1/2014,9/1/2014,"SHARE14",,"-",
176,9/1/2014,"2014-15","2013-14","F",0.6,,,,10/31/2014,9/1/2014,9/1/2014,"SHARE14",,"-",
485,8/7/2014,"2014-15","2013-14","I",150,,,,10/6/2014,8/7/2014,8/7/2014,"SHARE14",,"-",
192,8/25/2014,"2014-15","2013-14","F",12,,,,10/24/2014,8/25/2014,8/25/2014,"SHARE14",,"-",
130,3/31/2015,"2014-15","2013-14","B",,100,10,,5/30/2015,3/16/2015,3/16/2015,"MERCHAN1",,,
218,4/15/2015,"2014-15","2013-14","F",380,,,,6/14/2015,3/12/2015,3/12/2015,"SHARE14",,"-",
259,5/12/2015,"2014-15","2013-14","F",450,,,,7/11/2015,3/5/2015,3/5/2015,"SHARE14",,"-",
455,6/11/2015,"2014-15","2013-14","B",,100,15,,8/10/2015,5/13/2015,5/13/2015,"MERCHAN1",,,
748,6/25/2015,"2014-15","2013-14","B",,100,10,,8/24/2015,5/11/2015,5/11/2015,"MERCHAN1",,,
763,6/25/2015,"2014-15","2013-14","B",,100,7,,8/24/2015,5/13/2015,5/13/2015,"MERCHAN1",,,
557,6/24/2015,"2014-15","2013-14","B",,100,10,,8/23/2015,5/14/2015,5/14/2015,"MERCHAN1",,,
145,6/29/2015,"2014-15","2013-14","B",,100,10,,8/28/2015,5/18/2015,5/18/2015,"MERCHAN1",,,
319,7/9/2015,"2015-16","2014-15","B",,100,15,,9/7/2015,5/19/2015,5/19/2015,"MERCHAN1",,,
134,6/9/2015,"2014-15","2013-14","F",13,,,,8/8/2015,5/18/2015,5/18/2015,"SHARE14",,"-",
754,7/25/2015,"2015-16","2014-15","B",,100,12,,9/23/2015,5/21/2015,5/21/2015,"MERCHAN1",,,
104,6/13/2015,"2014-15","2013-14","F",15,,,,8/12/2015,4/16/2015,4/16/2015,"SHARE14",,"-",
625,5/30/2015,"2014-15","2013-14","F",15,,,,7/29/2015,5/12/2015,5/12/2015,"SHARE14",,"-",
148,6/21/2015,"2014-15","2013-14","F",20,,,,8/20/2015,6/2/2015,6/2/2015,"SHARE14",,"-",
718,6/25/2015,"2014-15","2013-14","F",10,,,,8/24/2015,5/20/2015,5/20/2015,"SHARE14",,"-",
756,5/12/2015,"2014-15","2013-14","F",15,,,,7/11/2015,4/15/2015,4/15/2015,"SHARE14",,"-",
751,6/1/2015,"2014-15","2013-14","F",10,,,,7/31/2015,4/16/2015,4/16/2015,"SHARE14",,"-",
105,9/14/2015,"2015-16","2014-15","B",,100,10,,11/13/2015,8/30/2015,8/30/2015,"MERCHAN1",,,
451,6/14/2015,"2014-15","2013-14","F",28,,,,8/13/2015,5/25/2015,5/25/2015,"SHARE14",,"-",
301,8/3/2015,"2015-16","2014-15","I",200,,,,10/2/2015,8/3/2015,8/3/2015,"SHARE14",,"share",
305,6/28/2015,"2014-15","2013-14","F",10,,,,8/27/2015,5/17/2015,5/17/2015,"SHARE14",,"-",
641,6/13/2015,"2014-15","2013-14","F",10,,,,8/12/2015,5/13/2015,5/13/2015,"SHARE14",,"-",
687,11/12/2015,"2015-16","2014-15","B",,100,29,,1/11/2016,10/15/2015,10/15/2015,"MERCHAN1",,,
254,9/30/2015,"2015-16","2014-15","F",20,,,,11/29/2015,9/13/2015,9/13/2015,"SHARE14",,"-",
665,12/13/2015,"2015-16","2014-15","B",,100,15,,2/11/2016,11/19/2015,11/19/2015,"MERCHAN1",,,
724,6/9/2015,"2014-15","2013-14","F",10,,,,8/8/2015,4/22/2015,4/22/2015,"SHARE14",,"-",
761,6/13/2015,"2014-15","2013-14","F",5,,,,8/12/2015,5/19/2015,5/19/2015,"SHARE14",,"-",
299,12/14/2015,"2015-16","2014-15","B",,100,20,,2/12/2016,11/11/2015,11/11/2015,"MERCHAN1",,,
492,12/26/2013,"2013-14","2012-13","F",5,,,,2/24/2014,11/7/2013,11/7/2013,"SHARE01",,"-",
564,12/22/2013,"2013-14","2012-13","F",5,,,,2/20/2014,11/7/2013,11/7/2013,"SHARE01",,"-",
511,12/30/2013,"2013-14","2012-13","F",5,,,,2/28/2014,11/13/2013,11/13/2013,"SHARE01",,"-",
462,12/26/2013,"2013-14","2012-13","F",15,,,,2/24/2014,12/4/2013,12/4/2013,"SHARE01",,"-",
607,12/27/2013,"2013-14","2012-13","F",5,,,,2/25/2014,11/13/2013,11/13/2013,"SHARE01",,"-",
415,12/18/2013,"2013-14","2012-13","F",7,,,,2/16/2014,11/13/2013,11/13/2013,"SHARE01",,"-",
217,12/7/2013,"2013-14","2012-13","F",10,,,,2/5/2014,11/20/2013,11/20/2013,"SHARE01",,"-",
278,12/19/2013,"2013-14","2012-13","F",31,,,,2/17/2014,11/12/2013,11/12/2013,"SHARE01",,"-",
302,2/15/2014,"2013-14","2012-13","F",90,,,,4/16/2014,12/23/2013,12/23/2013,"SHARE01",,"-",
308,1/25/2014,"2013-14","2012-13","F",90,,,,3/26/2014,12/4/2013,12/4/2013,"SHARE01",,"-",
549,4/9/2014,"2013-14","2012-13","F",50,,,,6/8/2014,2/20/2014,2/20/2014,"SHARE01",,"-",
111,3/31/2014,"2013-14","2012-13","F",20,,,,5/30/2014,3/11/2014,3/11/2014,"SHARE01",,"-",
427,4/28/2014,"2013-14","2012-13","R",,1,2,0,6/27/2014,4/28/2014,4/28/2014,"MERCHAN1",,,
747,5/22/2014,"2013-14","2012-13","B",,100,12,,7/21/2014,4/8/2014,4/8/2014,"MERCHAN1",,,
129,5/28/2014,"2013-14","2012-13","B",,100,10,,7/27/2014,5/11/2014,5/11/2014,"MERCHAN1",,,
644,5/22/2014,"2013-14","2012-13","F",10,,,,7/21/2014,3/18/2014,3/18/2014,"SHARE01",,"-",
497,6/12/2014,"2013-14","2012-13","B",,100,20,,8/11/2014,4/29/2014,4/29/2014,"MERCHAN1",,,
758,5/29/2014,"2013-14","2012-13","F",17,,,,7/28/2014,5/12/2014,5/12/2014,"SHARE01",,"-",
729,6/26/2014,"2013-14","2012-13","B",,100,10,,8/25/2014,5/15/2014,5/15/2014,"MERCHAN1",,,
557,6/23/2014,"2013-14","2012-13","B",,100,10,,8/22/2014,5/15/2014,5/15/2014,"MERCHAN1",,,
445,6/30/2014,"2013-14","2012-13","B",,100,12.5,,8/29/2014,5/29/2014,5/29/2014,"MERCHAN1",,,
618,6/21/2014,"2013-14","2012-13","B",,100,15,,8/20/2014,5/18/2014,5/18/2014,"MERCHAN1",,,
131,6/26/2014,"2013-14","2012-13","F",12,,,,8/25/2014,5/12/2014,5/12/2014,"SHARE14",,"-",
763,6/26/2014,"2013-14","2012-13","F",20,,,,8/25/2014,5/14/2014,5/14/2014,"SHARE14",,"-",
724,6/16/2014,"2013-14","2012-13","F",10,,,,8/15/2014,5/15/2014,5/15/2014,"SHARE14",,"-",
317,6/28/2014,"2013-14","2012-13","F",25,,,,8/27/2014,5/8/2014,5/8/2014,"SHARE14",,"-",
184,9/1/2014,"2014-15","2013-14","B",,100,11.062,,10/31/2014,9/1/2014,9/1/2014,"MERCHAN1",,,
195,9/1/2014,"2014-15","2013-14","B",,100,8.1496,,10/31/2014,9/1/2014,9/1/2014,"MERCHAN1",,,
187,9/1/2014,"2014-15","2013-14","B",,100,9.372,,10/31/2014,9/1/2014,9/1/2014,"MERCHAN1",,,
197,9/1/2014,"2014-15","2013-14","B",,100,8.8,,10/31/2014,9/1/2014,9/1/2014,"MERCHAN1",,,
477,9/25/2014,"2014-15","2013-14","F",30,,,,11/24/2014,8/26/2014,8/26/2014,"SHARE07",,".",
209,9/17/2014,"2014-15","2013-14","I",160,,,,11/16/2014,9/17/2014,9/17/2014,"SHARE07",,".",
512,6/22/2014,"2013-14","2012-13","F",15,,,,8/21/2014,5/21/2014,5/21/2014,"SHARE07",,".",
717,9/6/2014,"2014-15","2013-14","B",,100,25.5,,11/5/2014,7/16/2014,7/16/2014,"MERCHAN1",,,
477,9/25/2014,"2014-15","2013-14","B",,100,15,,11/24/2014,8/26/2014,8/26/2014,"MERCHAN1",,,
120,5/18/2014,"2013-14","2012-13","F",10,,,,7/17/2014,4/23/2014,4/23/2014,"SHARE14",,"-",
408,9/6/2014,"2014-15","2013-14","F",50,,,,11/5/2014,7/23/2014,7/23/2014,"SHARE07",,".",
148,7/20/2014,"2014-15","2013-14","F",11,,,,9/18/2014,6/25/2014,6/25/2014,"SHARE07",,".",
753,11/20/2014,"2014-15","2013-14","R",,2,1,,1/19/2015,11/20/2014,11/20/2014,"MERCHAN1",,,
211,2/26/2015,"2014-15","2013-14","F",10,,,,4/27/2015,1/5/2015,1/5/2015,"SHARE07",,".",
553,1/7/2015,"2014-15","2013-14","B",,100,10,,3/8/2015,11/19/2014,11/19/2014,"MERCHAN5",,,
683,12/21/2014,"2014-15","2013-14","B",,100,15,,2/19/2015,11/20/2014,11/20/2014,"MERCHAN5",,,
692,12/30/2014,"2014-15","2013-14","B",,100,10,,2/28/2015,12/22/2014,12/22/2014,"MERCHAN5",,,
151,2/3/2015,"2014-15","2013-14","B",,1,9,,4/4/2015,2/3/2015,2/3/2015,"MERCHAN1",,,
217,12/20/2014,"2014-15","2013-14","F",20,,,,2/18/2015,11/20/2014,11/20/2014,"SHARE14",,"-",
462,12/28/2014,"2014-15","2013-14","F",25,,,,2/26/2015,12/2/2014,12/2/2014,"SHARE14",,"-",
308,2/7/2015,"2014-15","2013-14","B",,100,10,,4/8/2015,12/11/2014,12/11/2014,"MERCHAN1",,,
476,12/18/2014,"2014-15","2013-14","F",15,,,,2/16/2015,11/25/2014,11/25/2014,"SHARE14",,"-",
740,3/19/2015,"2014-15","2013-14","B",,100,10,,5/18/2015,3/2/2015,3/2/2015,"MERCHAN1",,,
119,3/30/2015,"2014-15","2013-14","B",,100,20,,5/29/2015,3/8/2015,3/8/2015,"MERCHAN1",,,
720,3/30/2015,"2014-15","2013-14","B",,100,5,,5/29/2015,3/4/2015,3/4/2015,"MERCHAN1",,,
113,3/30/2015,"2014-15","2013-14","F",15,,,,5/29/2015,3/10/2015,3/10/2015,"SHARE14",,"-",
106,3/31/2014,"2013-14","2012-13","F",10,,,,5/30/2014,3/10/2015,3/10/2015,"SHARE14",,"-",
106,3/31/2015,"2014-15","2013-14","F",10,,,,5/30/2015,3/10/2015,3/10/2015,"SHARE14",,"-",
111,3/31/2015,"2014-15","2013-14","F",20,,,,5/30/2015,3/11/2015,3/11/2015,"SHARE14",,"-",
122,3/31/2015,"2014-15","2013-14","B",,100,10,,5/30/2015,3/10/2015,3/10/2015,"MERCHAN5",,,
450,4/7/2015,"2014-15","2013-14","B",,100,5,,6/6/2015,2/26/2015,2/26/2015,"MERCHAN1",,,
121,4/30/2015,"2014-15","2013-14","B",,100,12.5,,6/29/2015,3/29/2015,3/29/2015,"MERCHAN1",,,
109,3/29/2015,"2014-15","2013-14","F",15,,,,5/28/2015,3/15/2015,3/15/2015,"SHARE14",,"-",
109,4/23/2015,"2014-15","2013-14","F",20,,,,6/22/2015,4/1/2015,4/1/2015,"SHARE14",,"-",
742,5/6/2015,"2014-15","2013-14","B",,100,10,,7/5/2015,3/9/2015,3/9/2015,"MERCHAN5",,,
146,4/30/2015,"2014-15","2013-14","B",,100,15,,6/29/2015,3/19/2015,3/19/2015,"MERCHAN5",,,
480,5/16/2015,"2014-15","2013-14","B",,100,20,,7/15/2015,12/21/2014,12/21/2014,"MERCHAN5",,,
781,3/25/2015,"2014-15","2013-14","F",10,,,,5/24/2015,3/5/2015,3/5/2015,"SHARE14",,"-",
118,3/30/2015,"2014-15","2013-14","F",40,,,,5/29/2015,3/15/2015,3/15/2015,"SHARE14",,,
137,4/23/2015,"2014-15","2013-14","F",5,,,,6/22/2015,3/18/2015,3/18/2015,"SHARE14",,"-",
146,4/30/2015,"2014-15","2013-14","F",15,,,,6/29/2015,3/19/2015,3/19/2015,"SHARE14",,"-",
721,5/21/2015,"2014-15","2013-14","B",,100,25,,7/20/2015,5/4/2015,5/4/2015,"MERCHAN1",,,
143,4/27/2015,"2014-15","2013-14","F",10,,,,6/26/2015,4/8/2015,4/8/2015,"SHARE14",,"-",
107,5/31/2015,"2014-15","2013-14","B",,100,15,,7/30/2015,5/14/2015,5/14/2015,"MERCHAN1",,,
742,5/6/2015,"2014-15","2013-14","F",5,,,,7/5/2015,3/9/2015,3/9/2015,"SHARE14",,"-",
621,4/30/2015,"2014-15","2013-14","F",55,,,,6/29/2015,4/9/2015,4/9/2015,"SHARE14",,"-",
121,4/30/2015,"2014-15","2013-14","F",12.5,,,,6/29/2015,3/29/2015,3/29/2015,"SHARE14",,"-",
452,6/13/2015,"2014-15","2013-14","B",,100,5,,8/12/2015,5/21/2015,5/21/2015,"MERCHAN1",,,
739,6/13/2015,"2014-15","2013-14","B",,100,10,,8/12/2015,4/22/2015,4/22/2015,"MERCHAN1",,,
693,6/4/2015,"2014-15","2013-14","B",,100,10,,8/3/2015,5/12/2015,5/12/2015,"MERCHAN1",,,
468,6/11/2015,"2014-15","2013-14","B",,100,25,,8/10/2015,5/14/2015,5/14/2015,"MERCHAN1",,,
115,5/13/2015,"2014-15","2013-14","F",14,,,,7/12/2015,4/21/2015,4/21/2015,"SHARE14",,"-",
696,5/21/2015,"2014-15","2013-14","F",20,,,,7/20/2015,4/23/2015,4/23/2015,"SHARE14",,"-",
141,6/23/2015,"2014-15","2013-14","B",,100,8,,8/22/2015,5/7/2015,5/7/2015,"INVEST",,,
646,6/13/2015,"2014-15","2013-14","B",,100,5,,8/12/2015,5/14/2015,5/14/2015,"MERCHAN1",,,
761,6/13/2015,"2014-15","2013-14","B",,100,10,,8/12/2015,5/19/2015,5/19/2015,"MERCHAN1",,,
452,6/13/2015,"2014-15","2013-14","F",10,,,,8/12/2015,5/21/2015,5/21/2015,"SHARE14",,"-",
760,8/10/2015,"2015-16","2014-15","B",,100,10,,10/9/2015,7/9/2015,7/9/2015,"MERCHAN1",,,
728,8/16/2015,"2015-16","2014-15","B",,100,10,,10/15/2015,7/23/2015,7/23/2015,"MERCHAN1",,,
719,7/29/2015,"2015-16","2014-15","F",20,,,,9/27/2015,7/8/2015,7/8/2015,"SHARE14",,"-",
152,8/20/2015,"2015-16","2014-15","F",1000,,,,10/19/2015,8/12/2015,8/12/2015,"MERCHAN1",,"-",
154,8/12/2015,"2015-16","2014-15","F",300,,,,10/11/2015,8/12/2015,8/12/2015,"MERCHAN1",,,
155,8/12/2015,"2015-16","2014-15","F",300,,,,10/11/2015,8/12/2015,8/12/2015,"MERCHAN1",,,
156,8/12/2015,"2015-16","2014-15","F",250,,,,10/11/2015,8/12/2015,8/12/2015,"MERCHAN1",,,
157,8/12/2015,"2015-16","2014-15","F",120,,,,10/11/2015,8/12/2015,8/12/2015,"MERCHAN1",,,
158,8/12/2015,"2015-16","2014-15","F",150,,,,10/11/2015,8/12/2015,8/12/2015,"MERCHAN1",,,
159,8/12/2015,"2015-16","2014-15","F",140,,,,10/11/2015,8/12/2015,8/12/2015,"MERCHAN1",,,
182,9/2/2015,"2015-16","2014-15","F",10,,,,11/1/2015,9/2/2015,9/2/2015,"SHARE14",,"-",
186,9/2/2015,"2015-16","2014-15","F",10,,,,11/1/2015,9/2/2015,9/2/2015,"SHARE14",,"-",
302,2/15/2014,"2013-14","2012-13","B",,100,10,,4/16/2014,12/23/2013,12/23/2013,"MERCHAN1",,,
657,12/24/2013,"2013-14","2012-13","F",40,,,,2/22/2014,11/10/2013,11/10/2013,"SHARE01",,"-",
307,1/18/2014,"2013-14","2012-13","F",15,,,,3/19/2014,12/1/2013,12/1/2013,"SHARE01",,"-",
659,12/14/2013,"2013-14","2012-13","F",40,,,,2/12/2014,11/10/2013,11/10/2013,"SHARE01",,"-",
491,12/21/2013,"2013-14","2012-13","F",17,,,,2/19/2014,11/28/2013,11/28/2013,"SHARE01",,"-",
121,5/15/2014,"2013-14","2012-13","B",,100,10,,7/14/2014,4/7/2014,4/7/2014,"MERCHAN1",,,
443,4/21/2014,"2013-14","2012-13","F",15,,,,6/20/2014,2/20/2014,2/20/2014,"SHARE01",,"-",
133,4/30/2014,"2013-14","2012-13","F",10,,,,6/29/2014,4/6/2014,4/6/2014,"SHARE01",,"-",
101,4/21/2014,"2013-14","2012-13","F",5,,,,6/20/2014,3/25/2014,3/25/2014,"SHARE01",,"-",
231,4/24/2014,"2013-14","2012-13","F",15,,,,6/23/2014,3/9/2014,3/9/2014,"SHARE01",,"-",
115,4/17/2014,"2013-14","2012-13","F",17,,,,6/16/2014,3/27/2014,3/27/2014,"SHARE01",,"-",
360,12/24/2013,"2013-14","2012-13","F",10,,,,2/22/2014,12/12/2013,12/12/2013,"SHARE01",,"-",
127,4/10/2014,"2013-14","2012-13","F",10,,,,6/9/2014,3/11/2014,3/11/2014,"SHARE01",,"-",
121,5/15/2014,"2013-14","2012-13","F",9,,,,7/14/2014,4/7/2014,4/7/2014,"SHARE01",,"-",
753,4/25/2014,"2013-14","2012-13","F",10,,,,6/24/2014,3/25/2014,3/25/2014,"SHARE01",,"-",
365,4/24/2014,"2013-14","2012-13","F",6,,,,6/23/2014,4/10/2014,4/10/2014,"SHARE01",,"-",
104,5/31/2014,"2013-14","2012-13","B",,100,10,,7/30/2014,4/3/2014,4/3/2014,"MERCHAN1",,,
116,6/2/2014,"2013-14","2012-13","B",,100,5,,8/1/2014,5/6/2014,5/6/2014,"MERCHAN1",,,
103,6/1/2014,"2013-14","2012-13","B",,100,15,,7/31/2014,4/24/2014,4/24/2014,"MERCHAN1",,,
758,5/29/2014,"2013-14","2012-13","B",,100,15,,7/28/2014,5/12/2014,5/12/2014,"MERCHAN1",,,
312,6/18/2014,"2013-14","2012-13","B",,100,5,,8/17/2014,5/14/2014,5/14/2014,"MERCHAN1",,,
610,3/7/2014,"2013-14","2012-13","F",11,,,,5/6/2014,11/7/2013,11/7/2013,"SHARE14",,"-",
748,6/25/2014,"2013-14","2012-13","B",,100,10,,8/24/2014,5/11/2014,5/11/2014,"MERCHAN1",,,
145,6/26/2014,"2013-14","2012-13","B",,100,11,,8/25/2014,5/19/2014,5/19/2014,"MERCHAN1",,,
220,6/21/2014,"2013-14","2012-13","B",,100,5,,8/20/2014,5/25/2014,5/25/2014,"MERCHAN1",,,
646,6/21/2014,"2013-14","2012-13","B",,100,5,,8/20/2014,5/12/2014,5/12/2014,"MERCHAN1",,,
605,6/21/2014,"2013-14","2012-13","F",10,,,,8/20/2014,4/28/2014,4/28/2014,"SHARE14",,"-",
312,6/18/2014,"2013-14","2012-13","F",25,,,,8/17/2014,5/14/2014,5/14/2014,"SHARE14",,"-",
207,6/26/2014,"2013-14","2012-13","F",10,,,,8/25/2014,5/19/2014,5/19/2014,"SHARE14",,"-",
734,6/29/2014,"2013-14","2012-13","F",12,,,,8/28/2014,5/8/2014,5/8/2014,"SHARE14",,"-",
168,8/31/2014,"2014-15","2013-14","B",,100,15,,10/30/2014,8/31/2014,8/31/2014,"MERCHAN1",,,
161,8/31/2014,"2014-15","2013-14","B",,100,50,,10/30/2014,8/31/2014,8/31/2014,"MERCHAN1",,,
166,8/31/2014,"2014-15","2013-14","B",,100,30,,10/30/2014,8/31/2014,8/31/2014,"MERCHAN1",,,
301,8/3/2014,"2014-15","2013-14","I",200,,,,10/2/2014,8/3/2014,8/3/2014,"SHARE07",,".",
180,9/15/2014,"2014-15","2013-14","B",,100,5,,11/14/2014,8/7/2014,8/7/2014,"MERCHAN1",,,
452,6/21/2014,"2013-14","2012-13","F",10,,,,8/20/2014,5/18/2014,5/18/2014,"SHARE14",,".",
164,9/20/2014,"2014-15","2013-14","F",20,,,,11/19/2014,8/20/2014,8/20/2014,"MERCHAN1",,,
167,9/20/2014,"2014-15","2013-14","F",30,,,,11/19/2014,8/20/2014,8/20/2014,"MERCHAN1",,,
173,9/20/2014,"2014-15","2013-14","F",5,,,,11/19/2014,8/20/2014,8/20/2014,"MERCHAN1",,,
175,9/20/2014,"2014-15","2013-14","F",5,,,,11/19/2014,8/20/2014,8/20/2014,"MERCHAN1",,,
179,9/20/2014,"2014-15","2013-14","F",5,,,,11/19/2014,8/20/2014,8/20/2014,"MERCHAN1",,,
178,9/20/2014,"2014-15","2013-14","F",5,,,,11/19/2014,8/20/2014,8/20/2014,"MERCHAN1",,,
182,9/20/2014,"2014-15","2013-14","F",10,,,,11/19/2014,8/20/2014,8/20/2014,"MERCHAN1",,,
169,9/20/2014,"2014-15","2013-14","F",10,,,,11/19/2014,8/20/2014,8/20/2014,"MERCHAN1",,,
622,10/30/2014,"2014-15","2013-14","F",15,,,,12/29/2014,10/2/2014,10/2/2014,"SHARE07",,".",
262,7/12/2014,"2014-15","2013-14","F",30,,,,9/10/2014,5/15/2014,5/15/2014,"SHARE07",,".",
311,9/25/2014,"2014-15","2013-14","F",15,,,,11/24/2014,8/10/2014,8/10/2014,"SHARE07",,".",
485,8/19/2014,"2014-15","2013-14","F",50,,,,10/18/2014,7/2/2014,7/2/2014,"SHARE07",,".",
420,9/28/2014,"2014-15","2013-14","F",20,,,,11/27/2014,8/7/2014,8/7/2014,"SHARE07",,".",
727,12/18/2014,"2014-15","2013-14","B",,100,40,,2/16/2015,10/28/2014,10/28/2014,"MERCHAN5",,,
687,12/15/2014,"2014-15","2013-14","B",,100,27,,2/13/2015,11/10/2014,11/10/2014,"MERCHAN5",,,
357,12/14/2014,"2014-15","2013-14","B",,100,5,,2/12/2015,11/19/2014,11/19/2014,"MERCHAN5",,,
691,12/29/2014,"2014-15","2013-14","B",,100,10,,2/27/2015,12/8/2014,12/8/2014,"MERCHAN1",,,
410,12/28/2014,"2014-15","2013-14","B",,100,26,,2/26/2015,11/13/2014,11/13/2014,"MERCHAN1",,,
647,12/20/2014,"2014-15","2013-14","B",,100,5,,2/18/2015,11/16/2014,11/16/2014,"MERCHAN1",,,
459,1/15/2015,"2014-15","2013-14","F",17.5,,,,3/16/2015,12/15/2014,12/15/2014,"SHARE14",,"-",
459,1/15/2015,"2014-15","2013-14","I",17.5,,,,3/16/2015,12/15/2014,12/15/2014,"SHARE14",,"-",
261,12/22/2014,"2014-15","2013-14","F",7.5,,,,2/20/2015,12/8/2014,12/8/2014,"SHARE14",,"-",
202,12/24/2014,"2014-15","2013-14","F",20,,,,2/22/2015,11/27/2014,11/27/2014,"SHARE14",,"-",
511,12/7/2014,"2014-15","2013-14","F",5,,,,2/5/2015,11/10/2014,11/10/2014,"SHARE14",,"-",
513,12/14/2014,"2014-15","2013-14","F",5,,,,2/12/2015,11/25/2014,11/25/2014,"SHARE14",,"-",
309,1/16/2015,"2014-15","2013-14","B",,100,10,,3/17/2015,12/4/2014,12/4/2014,"MERCHAN5",,,
563,10/12/2014,"2014-15","2013-14","F",10,,,,12/11/2014,9/4/2014,9/4/2014,"SHARE14",,"-",
232,11/10/2014,"2014-15","2013-14","F",15,,,,1/9/2015,9/22/2014,9/22/2014,"SHARE14",,"intehad",
322,1/29/2015,"2014-15","2013-14","B",,100,5,,3/30/2015,11/27/2014,11/27/2014,"MERCHAN5",,,
410,12/18/2014,"2014-15","2013-14","C",1,100,26,,2/16/2015,11/13/2014,11/13/2014,"SHARE14",,"-",
360,12/30/2014,"2014-15","2013-14","F",10,,,,2/28/2015,12/21/2014,12/21/2014,"SHARE14",,"-",
747,3/30/2015,"2014-15","2013-14","B",,100,10,,5/29/2015,3/15/2015,3/15/2015,"MERCHAN1",,,
108,3/31/2015,"2014-15","2013-14","B",,100,20,,5/30/2015,3/4/2015,3/4/2015,"MERCHAN1",,,
550,3/14/2015,"2014-15","2013-14","F",10,,,,5/13/2015,2/18/2015,2/18/2015,"SHARE14",,"-",
365,4/30/2015,"2014-15","2013-14","B",,100,20,,6/29/2015,4/15/2015,4/15/2015,"MERCHAN5",,,
126,5/4/2015,"2014-15","2013-14","B",,100,19,,7/3/2015,4/15/2015,4/15/2015,"MERCHAN5",,,
143,4/27/2015,"2014-15","2013-14","B",,100,5,,6/26/2015,4/8/2015,4/8/2015,"MERCHAN5",,,
127,4/23/2015,"2014-15","2013-14","F",20,,,,6/22/2015,3/30/2015,3/30/2015,"SHARE14",,,
454,4/23/2015,"2014-15","2013-14","F",420,,,,6/22/2015,3/12/2015,3/12/2015,"SHARE14",,"-",
747,3/30/2015,"2014-15","2013-14","F",5,,,,5/29/2015,3/15/2015,3/15/2015,"SHARE14",,,
135,3/30/2015,"2014-15","2013-14","F",10,,,,5/29/2015,3/9/2015,3/9/2015,"SHARE14",,"-",
654,3/25/2015,"2014-15","2013-14","F",25,,,,5/24/2015,2/17/2015,2/17/2015,"SHARE14",,"-",
142,6/24/2015,"2014-15","2013-14","B",,100,5,,8/23/2015,5/17/2015,5/17/2015,"MERCHAN1",,,
116,6/24/2015,"2014-15","2013-14","B",,100,10,,8/23/2015,5/18/2015,5/18/2015,"MERCHAN1",,,
103,6/17/2015,"2014-15","2013-14","B",,100,15,,8/16/2015,5/20/2015,5/20/2015,"MERCHAN1",,,
697,6/23/2015,"2014-15","2013-14","B",,100,15,,8/22/2015,5/21/2015,5/21/2015,"MERCHAN1",,,
226,6/25/2015,"2014-15","2013-14","B",,100,5,,8/24/2015,6/9/2015,6/9/2015,"MERCHAN1",,,
500,6/16/2015,"2014-15","2013-14","B",,100,15,,8/15/2015,5/11/2015,5/11/2015,"MERCHAN1",,,
102,6/28/2015,"2014-15","2013-14","B",,100,5,,8/27/2015,5/10/2015,5/10/2015,"MERCHAN1",,,
726,7/11/2015,"2015-16","2014-15","B",,100,10,,9/9/2015,5/10/2015,5/10/2015,"MERCHAN1",,,
128,6/10/2015,"2014-15","2013-14","F",10,,,,8/9/2015,4/9/2015,4/9/2015,"SHARE14",,"-",
602,6/13/2015,"2014-15","2013-14","F",50,,,,8/12/2015,5/13/2015,5/13/2015,"SHARE14",,"-",
745,5/21/2015,"2014-15","2013-14","F",20,,,,7/20/2015,4/13/2015,4/13/2015,"SHARE14",,"-",
699,6/24/2015,"2014-15","2013-14","F",65,,,,8/23/2015,5/20/2015,5/20/2015,"SHARE14",,"-",
497,5/28/2015,"2014-15","2013-14","F",6,,,,7/27/2015,5/12/2015,5/12/2015,"SHARE14",,"-",
549,7/9/2015,"2015-16","2014-15","I",80,,,,9/7/2015,7/29/2015,7/29/2015,"SHARE14",,"-",
624,6/16/2015,"2014-15","2013-14","F",25,,,,8/15/2015,5/17/2015,5/17/2015,"SHARE14",,"-",
147,7/30/2015,"2015-16","2014-15","B",,100,15,,9/28/2015,6/7/2015,6/7/2015,"MERCHAN1",,,
317,6/16/2015,"2014-15","2013-14","F",15,,,,8/15/2015,5/20/2015,5/20/2015,"SHARE14",,"-",
480,2/18/2016,"2015-16","2014-15","B",,100,20,,4/18/2016,12/30/2015,12/30/2015,"MERCHAN1",,,
156,2/28/2016,"2015-16","2014-15","F",0,,,,4/28/2016,2/28/2016,2/28/2016,"SHARE14",,"-",
108,3/31/2016,"2015-16","2014-15","F",20,,,,5/30/2016,3/15/2016,3/15/2016,"SHARE14",,"-",
550,5/21/2016,"2015-16","2014-15","B",,100,10,,7/20/2016,3/21/2016,3/21/2016,"MERCHAN1",,,
202,12/26/2013,"2013-14","2012-13","F",10,,,,2/24/2014,11/21/2013,11/21/2013,"SHARE01",,"-",
101,7/12/2016,"2016-17","2015-16","B",,100,12.5,,9/10/2016,5/31/2016,5/31/2016,"MERCHAN1",,,
750,6/23/2016,"2015-16","2014-15","B",,100,10,,8/22/2016,6/6/2016,6/6/2016,"MERCHAN1",,,
736,6/5/2016,"2015-16","2014-15","F",13,,,,8/4/2016,5/15/2016,5/15/2016,"SHARE14",,"-",
127,6/2/2016,"2015-16","2014-15","F",25,,,,8/1/2016,5/12/2016,5/12/2016,"SHARE14",,"-",
654,4/13/2016,"2015-16","2014-15","F",25,,,,6/12/2016,2/28/2016,2/28/2016,"SHARE14",,"-",
735,7/21/2016,"2016-17","2015-16","B",,100,5,,9/19/2016,5/25/2016,5/25/2016,"MERCHAN1",,,
102,7/28/2016,"2016-17","2015-16","F",22,,,,9/26/2016,6/12/2016,6/12/2016,"SHARE14",,"-",
116,6/20/2016,"2015-16","2014-15","F",12.75,,,,8/19/2016,4/25/2016,4/25/2016,"SHARE14",,"-",
624,5/19/2016,"2015-16","2014-15","I",27.5,,,,7/18/2016,5/19/2016,5/19/2016,"SHARE14",,"-",
296,5/19/2016,"2015-16","2014-15","F",35,,,,7/18/2016,5/19/2016,5/19/2016,"SHARE14",,"-",
193,9/6/2016,"2016-17","2015-16","B",,100,4.6083,,11/5/2016,9/6/2016,9/6/2016,"MERCHAN1",,,
195,9/6/2016,"2016-17","2015-16","B",,100,6.0137,,11/5/2016,9/6/2016,9/6/2016,"MERCHAN1",,,
192,8/22/2016,"2016-17","2015-16","F",13,,,,10/21/2016,8/22/2016,8/22/2016,"SHARE14",,"-",
182,8/31/2016,"2016-17","2015-16","F",7.5,,,,10/30/2016,8/31/2016,8/31/2016,"SHARE14",,"-",
184,9/6/2016,"2016-17","2015-16","B",,100,4.5005,,11/5/2016,9/6/2016,9/6/2016,"MERCHAN1",,,
187,9/6/2016,"2016-17","2015-16","B",,100,6.422,,11/5/2016,9/6/2016,9/6/2016,"MERCHAN1",,,
549,8/8/2016,"2016-17","2015-16","I",85,,,,10/7/2016,8/8/2016,8/8/2016,"SHARE14",,"-",
220,9/20/2016,"2016-17","2015-16","B",,100,10,,11/19/2016,8/31/2016,8/31/2016,"MERCHAN1",,,
220,9/20/2016,"2016-17","2015-16","F",5,,,,11/19/2016,8/31/2016,8/31/2016,"SHARE14",,"-",
760,9/22/2016,"2016-17","2015-16","F",10,,,,11/21/2016,8/28/2016,8/28/2016,"SHARE14",,"-",
735,7/21/2016,"2016-17","2015-16","F",5,,,,9/19/2016,5/25/2016,5/25/2016,"SHARE14",,"-",
743,9/15/2016,"2016-17","2015-16","F",20,,,,11/14/2016,8/8/2016,8/8/2016,"SHARE14",,"-",
168,9/6/2016,"2016-17","2015-16","F",10,,,,11/5/2016,9/6/2016,9/6/2016,"SHARE14",,"-",
673,11/14/2016,"2016-17","2015-16","B",,100,20,,1/13/2017,10/19/2016,10/19/2016,"MERCHAN1",,,
454,4/21/2016,"2015-16","2014-15","F",550,,,,6/20/2016,3/16/2016,3/16/2016,"SHARE14",,"-",
130,4/24/2016,"2015-16","2014-15","F",5,,,,6/23/2016,4/11/2016,4/11/2016,"SHARE14",,"-",
317,12/1/2016,"2016-17","2015-16","B",,100,10,,1/30/2017,5/24/2016,5/24/2016,"MERCHAN1",,,
563,9/29/2016,"2016-17","2015-16","F",10,,,,11/28/2016,9/7/2016,9/7/2016,"SHARE14",,"-",
319,10/6/2016,"2016-17","2015-16","F",5,,,,12/5/2016,9/19/2016,9/19/2016,"SHARE14",,"-",
665,12/11/2016,"2016-17","2015-16","B",,100,10,,2/9/2017,11/17/2016,11/17/2016,"MERCHAN1",,,
477,12/13/2016,"2016-17","2015-16","B",,100,10,,2/11/2017,11/14/2016,11/14/2016,"MERCHAN1",,,
247,12/18/2016,"2016-17","2015-16","B",,100,20,,2/16/2017,11/13/2016,11/13/2016,"MERCHAN1",,,
295,12/17/2016,"2016-17","2015-16","B",,100,2,,2/15/2017,11/21/2016,11/21/2016,"MERCHAN1",,,
499,12/18/2016,"2016-17","2015-16","B",,100,5,,2/16/2017,6/6/2016,6/6/2016,"MERCHAN1",,,
401,12/18/2016,"2016-17","2015-16","B",,100,10,,2/16/2017,12/7/2016,12/7/2016,"MERCHAN1",,,
647,12/17/2016,"2016-17","2015-16","B",,100,8,,2/15/2017,11/16/2016,11/16/2016,"MERCHAN1",,,
299,12/15/2016,"2016-17","2015-16","B",,100,10,,2/13/2017,11/17/2016,11/17/2016,"MERCHAN1",,,
474,12/15/2016,"2016-17","2015-16","B",,100,20,,2/13/2017,11/17/2016,11/17/2016,"MERCHAN1",,,
464,12/20/2016,"2016-17","2015-16","B",,100,20,,2/18/2017,11/30/2016,11/30/2016,"MERCHAN1",,,
135,12/15/2016,"2016-17","2015-16","R",,2,1,10,2/13/2017,12/15/2016,12/15/2016,"INVEST",,,
318,12/22/2016,"2016-17","2015-16","B",,100,5,,2/20/2017,11/17/2016,11/17/2016,"MERCHAN1",,,
556,12/25/2016,"2016-17","2015-16","B",,100,7,,2/23/2017,11/17/2016,11/17/2016,"MERCHAN1",,,
202,12/22/2016,"2016-17","2015-16","B",,100,5,,2/20/2017,11/21/2016,11/21/2016,"MERCHAN1",,,
491,12/15/2016,"2016-17","2015-16","B",,100,3,,2/23/2017,11/14/2016,11/14/2016,"MERCHAN1",,,
668,12/10/2016,"2016-17","2015-16","B",,100,7,,2/8/2017,11/21/2016,11/21/2016,"MERCHAN1",,,
560,12/28/2016,"2016-17","2015-16","B",,100,5,,2/26/2017,11/20/2016,11/20/2016,"MERCHAN1",,,
212,12/15/2016,"2016-17","2015-16","B",,100,3,,2/13/2017,11/17/2016,11/17/2016,"MERCHAN1",,,
298,12/29/2016,"2015-16","2014-15","B",,100,10,,2/27/2016,11/24/2016,11/24/2016,"MERCHAN1",,,
427,12/20/2016,"2016-17","2015-16","B",,100,10,,2/18/2017,11/21/2016,11/21/2016,"MERCHAN1",,,
695,12/20/2016,"2016-17","2015-16","B",,100,4,,2/18/2017,11/17/2016,11/17/2016,"MERCHAN1",,,
413,12/19/2016,"2016-17","2015-16","B",,100,5,,2/17/2017,11/21/2016,11/21/2016,"MERCHAN1",,,
691,12/21/2016,"2016-17","2015-16","B",,100,11,,2/19/2017,11/20/2016,11/20/2016,"MERCHAN1",,,
289,12/21/2016,"2016-17","2015-16","B",,100,10,,2/19/2017,11/22/2016,11/22/2016,"MERCHAN1",,,
694,12/20/2016,"2016-17","2015-16","B",,100,10,,2/18/2017,11/27/2016,11/27/2016,"MERCHAN1",,,
233,12/20/2016,"2016-17","2015-16","B",,100,10,,2/18/2017,11/23/2016,11/23/2016,"MERCHAN1",,,
557,12/22/2016,"2016-17","2015-16","B",,100,10,,2/20/2017,5/19/2016,5/19/2016,"MERCHAN1",,,
700,12/22/2016,"2016-17","2015-16","B",,100,12,,2/20/2017,11/24/2016,11/24/2016,"MERCHAN1",,,
410,12/26/2016,"2016-17","2015-16","B",,100,40,,2/24/2017,11/9/2016,11/9/2016,"MERCHAN1",,,
675,12/22/2016,"2016-17","2015-16","B",,100,10,,2/20/2017,11/24/2016,11/24/2016,"MERCHAN1",,,
299,12/15/2016,"2016-17","2015-16","F",20,,,,2/13/2017,11/17/2016,11/17/2016,"SHARE14",,"-",
603,12/18/2016,"2016-17","2015-16","F",225,,,,2/16/2017,12/18/2016,12/18/2016,"SHARE14",,"-",
603,12/18/2016,"2016-17","2015-16","I",225,,,,2/16/2017,12/18/2016,12/18/2016,"SHARE14",,"-",
261,9/21/2016,"2016-17","2015-16","F",20,,,,11/20/2016,9/7/2016,9/7/2016,"SHARE14",,"-",
261,9/21/2016,"2016-17","2015-16","C",1,100,50,,11/20/2016,9/7/2016,9/7/2016,"MERCHAN1",,,
687,2/7/2017,"2016-17","2015-16","R",,1,1,5,4/8/2017,2/7/2017,2/7/2017,"MERCHAN1",,,
270,12/27/2016,"2016-17","2015-16","F",25,,,,2/25/2017,11/21/2016,11/21/2016,"SHARE14",,"-",
660,12/15/2016,"2016-17","2015-16","F",10,,,,2/13/2017,11/17/2016,11/17/2016,"SHARE14",,"-",
688,12/28/2016,"2016-17","2015-16","F",10,,,,2/26/2017,11/24/2016,11/24/2016,"SHARE14",,"-",
692,12/28/2016,"2016-17","2015-16","F",15,,,,2/26/2017,11/24/2016,11/24/2016,"SHARE14",,"-",
254,12/22/2016,"2016-17","2015-16","F",20,,,,2/20/2017,11/17/2016,11/17/2016,"SHARE14",,"-",
247,12/18/2016,"2016-17","2015-16","F",10,,,,2/16/2017,11/13/2016,11/13/2016,"SHARE14",,"-",
457,11/19/2016,"2016-17","2015-16","F",85,,,,1/18/2017,5/22/2016,5/22/2016,"SHARE14",,"-",
312,12/15/2016,"2016-17","2015-16","F",35,,,,2/13/2017,11/24/2016,11/24/2016,"SHARE14",,"-",
308,2/4/2017,"2016-17","2015-16","F",100,,,,4/5/2017,12/15/2016,12/15/2016,"SHARE14",,"-",
852,1/31/2017,"2016-17","2015-16","F",5,,,,4/1/2017,1/1/2017,1/1/2017,"MERCHAN1",,,
853,1/31/2017,"2016-17","2015-16","F",5,,,,4/1/2017,1/1/2017,1/1/2017,"MERCHAN1",,,
854,1/31/2017,"2016-17","2015-16","F",5,,,,4/1/2017,1/1/2017,1/1/2017,"MERCHAN1",,,
855,1/31/2017,"2016-17","2015-16","F",5,,,,4/1/2017,1/1/2017,1/1/2017,"MERCHAN1",,,
856,1/31/2017,"2016-17","2015-16","F",10,,,,4/1/2017,1/1/2017,1/1/2017,"SHARE14",,"-",
225,12/15/2016,"2016-17","2015-16","F",12,,,,2/13/2017,11/17/2016,11/17/2016,"SHARE14",,"-",
194,12/5/2016,"2016-17","2015-16","F",5,,,,2/3/2017,12/5/2016,12/5/2016,"SHARE14",,"-",
123,3/30/2017,"2016-17","2015-16","B",,100,5,,5/29/2017,3/16/2017,3/16/2017,"MERCHAN1",,,
641,5/26/2016,"2015-16","2014-15","I",10,,,,7/25/2016,5/26/2016,5/26/2016,"SHARE14",,"-",
641,12/4/2016,"2016-17","2015-16","F",2,,,,2/2/2017,11/17/2016,11/17/2016,"SHARE14",,"-",
360,12/22/2016,"2016-17","2015-16","F",10,,,,2/20/2017,11/28/2016,11/28/2016,"SHARE14",,"-",
410,12/26/2016,"2016-17","2015-16","F",0.4,,,,2/24/2017,11/9/2017,11/9/2017,"SHARE14",,"-",
170,1/31/2017,"2016-17","2015-16","F",6,,,,4/1/2017,2/22/2017,2/22/2017,"SHARE14",,"-",
436,12/31/2016,"2016-17","2015-16","F",10,,,,3/1/2017,11/21/2016,11/21/2016,"SHARE14",,"-",
303,1/21/2017,"2016-17","2015-16","F",100,,,,3/22/2017,12/18/2016,12/18/2016,"SHARE14",,"-",
211,1/21/2017,"2016-17","2015-16","F",10,,,,3/22/2017,12/6/2016,12/6/2016,"SHARE14",,"-",
475,12/27/2016,"2016-17","2015-16","F",25,,,,2/25/2017,11/17/2016,11/17/2016,"SHARE14",,"-",
137,4/27/2017,"2016-17","2015-16","B",,100,5,,6/26/2017,3/16/2017,3/16/2017,"MERCHAN1",,,
127,4/27/2017,"2016-17","2015-16","B",,100,20,,6/26/2017,4/10/2017,4/10/2017,"MERCHAN1",,,
121,5/11/2017,"2016-17","2015-16","B",,100,10,,7/10/2017,4/20/2017,4/20/2017,"MERCHAN1",,,
731,6/5/2016,"2015-16","2014-15","B",,100,12,,8/4/2016,4/25/2016,4/25/2016,"MERCHAN1",,,
209,5/5/2016,"2015-16","2014-15","F",25,,,,7/4/2016,3/23/2016,3/23/2016,"SHARE14",,"-",
105,6/29/2016,"2015-16","2014-15","B",,100,15,,8/28/2016,5/31/2016,5/31/2016,"MERCHAN1",,,
747,5/19/2016,"2015-16","2014-15","F",7,,,,7/18/2016,4/13/2016,4/13/2016,"SHARE14",,"-",
198,4/5/2016,"2015-16","2014-15","F",6.5,,,,6/4/2016,4/5/2016,4/5/2016,"SHARE14",,"-",
137,4/21/2016,"2015-16","2014-15","F",5,,,,6/20/2016,3/10/2016,3/10/2016,"SHARE14",,"-",
126,5/30/2016,"2015-16","2014-15","F",19.5,,,,7/29/2016,5/8/2016,5/8/2016,"SHARE14",,"-",
781,6/23/2016,"2015-16","2014-15","F",10,,,,8/22/2016,5/31/2016,5/31/2016,"SHARE14",,"-",
125,7/14/2016,"2016-17","2015-16","F",12,,,,9/12/2016,5/15/2016,5/15/2016,"SHARE14",,"-",
320,4/27/2016,"2015-16","2014-15","F",25,,,,6/26/2016,4/5/2016,4/5/2016,"SHARE14",,"-",
225,5/19/2016,"2015-16","2014-15","F",23,,,,7/18/2016,5/19/2016,5/19/2016,"SHARE14",,"-",
192,8/31/2016,"2016-17","2015-16","F",12.5,,,,10/30/2016,8/31/2015,8/31/2015,"SHARE14",,"-",
192,8/31/2015,"2015-16","2014-15","F",12.5,,,,10/30/2015,8/31/2015,8/31/2015,"SHARE14",,"-",
179,8/31/2016,"2016-17","2015-16","F",5,,,,10/30/2016,8/31/2016,8/31/2016,"SHARE14",,"-",
186,8/31/2016,"2016-17","2015-16","F",10,,,,10/30/2016,8/31/2016,8/31/2016,"SHARE14",,"-",
734,7/28/2016,"2016-17","2015-16","F",10,,,,9/26/2016,6/2/2016,6/2/2016,"SHARE14",,"-",
762,6/28/2016,"2015-16","2014-15","F",6,,,,8/27/2016,5/19/2016,5/19/2016,"SHARE14",,"-",
261,9/21/2016,"2016-17","2015-16","B",,100,50,,11/20/2016,9/7/2016,9/7/2016,"MERCHAN1",,,
245,10/23/2016,"2016-17","2015-16","B",,100,2,,12/22/2016,9/29/2016,9/29/2016,"MERCHAN1",,,
497,11/24/2016,"2016-17","2015-16","B",,100,30,,1/23/2017,11/8/2016,11/8/2016,"MERCHAN1",,,
297,5/28/2016,"2015-16","2014-15","B",,100,5,,7/27/2016,5/9/2016,5/9/2016,"MERCHAN1",,,
670,11/24/2016,"2016-17","2015-16","B",,100,20,,1/23/2017,11/8/2016,11/8/2016,"MERCHAN1",,,
618,6/4/2016,"2015-16","2014-15","B",,100,15,,8/3/2016,5/12/2016,5/12/2016,"MERCHAN1",,,
693,11/10/2016,"2016-17","2015-16","B",,100,15,,1/9/2017,10/24/2016,10/24/2016,"MERCHAN1",,,
569,11/19/2016,"2016-17","2015-16","B",,100,15,,1/18/2017,5/12/2016,5/12/2016,"MERCHAN1",,,
752,11/24/2016,"2016-17","2015-16","B",,100,5,,1/23/2017,9/29/2016,9/29/2016,"MERCHAN1",,,
702,11/24/2016,"2016-17","2015-16","B",,100,20,,1/23/2017,11/3/2016,11/3/2016,"MERCHAN1",,,
684,11/24/2016,"2016-17","2015-16","B",,100,10,,1/23/2017,11/7/2016,11/7/2016,"MERCHAN1",,,
301,8/16/2016,"2016-17","2015-16","I",200,,,,10/15/2016,8/16/2016,8/16/2016,"SHARE14",,"-",
365,11/24/2016,"2016-17","2015-16","B",,100,15,,1/23/2017,11/3/2016,11/3/2016,"MERCHAN1",,,
245,10/23/2016,"2016-17","2015-16","F",20,,,,12/22/2016,9/29/2016,9/29/2016,"SHARE14",,"-",
485,11/8/2015,"2015-16","2014-15","I",300,,,,1/7/2016,11/8/2015,11/8/2015,"SHARE14",,"-",
622,10/26/2016,"2016-17","2015-16","F",15,,,,12/25/2016,10/5/2016,10/5/2016,"SHARE14",,"-",
728,8/23/2016,"2016-17","2015-16","F",39,,,,10/22/2016,8/7/2016,8/7/2016,"SHARE14",,"-",
553,12/15/2016,"2016-17","2015-16","B",,100,10,,2/13/2017,11/10/2016,11/10/2016,"MERCHAN1",,,
697,12/20/2016,"2016-17","2015-16","B",,100,15,,2/18/2017,5/19/2016,5/19/2016,"MERCHAN1",,,
640,12/21/2016,"2016-17","2015-16","B",,100,10,,2/19/2017,11/15/2016,11/15/2016,"MERCHAN1",,,
415,12/27/2016,"2016-17","2015-16","B",,100,30,,2/25/2017,11/17/2016,11/17/2016,"MERCHAN1",,,
234,12/22/2016,"2016-17","2015-16","B",,100,10,,2/20/2017,11/20/2016,11/20/2016,"MERCHAN1",,,
217,12/17/2016,"2016-17","2015-16","B",,100,10,,2/15/2017,11/22/2016,11/22/2016,"MERCHAN1",,,
423,12/29/2016,"2016-17","2015-16","B",,100,20,,2/27/2017,12/15/2016,12/15/2016,"MERCHAN1",,,
703,12/15/2016,"2016-17","2015-16","B",,100,10,,2/13/2017,11/17/2016,11/17/2016,"MERCHAN1",,,
213,12/22/2016,"2016-17","2015-16","B",,100,5,,2/20/2017,11/28/2016,11/28/2016,"MERCHAN1",,,
688,12/28/2016,"2016-17","2015-16","B",,100,10,,2/26/2017,11/24/2016,11/24/2016,"MERCHAN1",,,
477,12/13/2016,"2016-17","2015-16","F",40,,,,2/11/2017,11/14/2016,11/14/2016,"SHARE14",,"-",
625,12/20/2016,"2016-17","2015-16","F",15,,,,2/18/2017,11/28/2016,11/28/2016,"SHARE14",,"-",
310,12/26/2016,"2016-17","2015-16","F",20,,,,2/24/2017,11/17/2016,11/17/2016,"SHARE14",,"-",
672,12/12/2016,"2016-17","2015-16","F",15,,,,2/10/2017,11/17/2016,11/17/2016,"SHARE14",,"-",
296,12/4/2016,"2016-17","2015-16","I",20,,,,2/2/2017,12/4/2016,12/4/2016,"SHARE14",,"-",
455,12/4/2016,"2016-17","2015-16","I",75,,,,2/2/2017,12/4/2016,12/4/2016,"SHARE14",,"-",
442,12/20/2016,"2016-17","2015-16","F",10,,,,2/18/2017,11/20/2016,11/20/2016,"SHARE14",,"-",
486,12/27/2016,"2016-17","2015-16","F",5,,,,2/25/2017,11/20/2016,11/20/2016,"SHARE14",,"-",
262,12/21/2016,"2016-17","2015-16","F",30,,,,2/19/2017,12/5/2016,12/5/2016,"SHARE14",,"-",
497,11/14/2016,"2016-17","2015-16","F",5,,,,1/13/2017,11/8/2016,11/8/2016,"SHARE14",,"-",
497,11/24/2016,"2016-17","2015-16","F",5,,,,1/23/2017,11/8/2016,11/8/2016,"SHARE14",,"-",
365,11/24/2016,"2016-17","2015-16","F",10,,,,1/23/2017,11/3/2016,11/3/2016,"SHARE14",,"-",
357,12/18/2016,"2016-17","2015-16","F",5,,,,2/16/2017,11/16/2016,11/16/2016,"SHARE14",,"-",
451,12/29/2016,"2016-17","2015-16","F",26,,,,2/27/2017,12/14/2016,12/14/2016,"SHARE14",,"-",
234,12/22/2016,"2016-17","2015-16","F",5,,,,2/20/2017,11/20/2016,11/20/2016,"SHARE14",,"-",
564,12/20/2016,"2016-17","2015-16","F",10,,,,2/18/2017,11/7/2016,11/7/2016,"SHARE14",,"-",
400,12/19/2016,"2016-17","2015-16","F",12,,,,2/17/2017,6/7/2016,6/7/2016,"SHARE14",,"-",
565,12/22/2016,"2016-17","2015-16","F",22,,,,2/20/2017,11/10/2016,11/10/2016,"SHARE14",,"-",
494,12/19/2016,"2016-17","2015-16","F",10,,,,2/17/2017,11/17/2016,11/17/2016,"SHARE14",,"-",
223,1/18/2017,"2016-17","2015-16","F",10,,,,3/19/2017,11/30/2016,11/30/2016,"SHARE14",,"-",
755,3/21/2017,"2016-17","2015-16","B",,100,10,,5/20/2017,12/6/2016,12/6/2016,"MERCHAN1",,,
490,4/11/2017,"2016-17","2015-16","B",,100,20,,6/10/2017,3/15/2017,3/15/2017,"MERCHAN1",,,
484,2/14/2017,"2016-17","2015-16","I",175,,,,4/15/2017,2/14/2017,4/14/2017,"SHARE14",,"-",
484,2/24/2017,"2016-17","2015-16","I",175,,,,4/25/2017,2/14/2017,2/14/2017,"SHARE14",,"-",
657,12/11/2016,"2016-17","2015-16","F",20,,,,2/9/2017,11/17/2016,11/17/2016,"SHARE14",,"-",
111,4/27/2017,"2016-17","2015-16","B",,100,5,,6/26/2017,4/11/2017,4/11/2017,"MERCHAN1",,,
146,4/30/2017,"2016-17","2015-16","B",,100,10,,6/29/2017,3/16/2017,3/16/2017,"MERCHAN1",,,
120,4/30/2017,"2016-17","2015-16","B",,100,5,,6/29/2017,4/13/2017,4/13/2017,"MERCHAN1",,,
301,4/27/2017,"2016-17","2015-16","F",110,,,,6/26/2017,3/21/2017,3/21/2017,"SHARE14",,"-",
123,3/30/2017,"2016-17","2015-16","F",15,,,,5/29/2017,3/16/2017,3/16/2017,"SHARE14",,"-",
117,3/30/2017,"2016-17","2015-16","F",20,,,,5/29/2017,3/14/2017,3/14/2017,"SHARE14",,"-",
605,5/31/2017,"2016-17","2015-16","B",,1,9,,7/30/2017,5/31/2017,5/31/2017,"MERCHAN1",,,
754,5/20/2017,"2016-17","2015-16","B",,100,5,,7/19/2017,4/27/2017,4/27/2017,"MERCHAN1",,,
259,4/19/2017,"2016-17","2015-16","F",600,,,,6/18/2017,3/21/2017,3/21/2017,"SHARE14",,"-",
108,5/11/2017,"2016-17","2015-16","F",15,,,,7/10/2017,4/25/2017,4/25/2017,"SHARE14",,"-",
141,6/1/2017,"2016-17","2015-16","B",,100,5,,7/31/2017,4/26/2017,4/26/2017,"MERCHAN1",,,
190,5/31/2017,"2016-17","2015-16","F",7,,,,7/30/2017,5/31/2017,5/31/2017,"SHARE14",,"-",
113,5/8/2017,"2016-17","2015-16","F",16,,,,7/7/2017,4/20/2017,4/20/2017,"SHARE14",,"-",
746,6/15/2017,"2016-17","2015-16","B",,100,5,,8/14/2017,5/16/2017,5/16/2017,"MERCHAN1",,,
207,12/11/2016,"2016-17","2015-16","F",10,,,,2/9/2017,11/15/2016,11/15/2016,"SHARE14",,"-",
695,12/20/2016,"2016-17","2015-16","F",13,,,,2/18/2017,11/17/2016,11/17/2016,"SHARE14",,"-",
731,6/14/2017,"2016-17","2015-16","B",,100,13,,8/13/2017,5/2/2017,5/2/2017,"MERCHAN1",,,
107,6/11/2017,"2016-17","2015-16","B",,100,10,,8/10/2017,5/21/2017,5/21/2017,"MERCHAN1",,,
748,6/10/2017,"2016-17","2015-16","B",,100,8,,8/9/2017,5/22/2017,5/22/2017,"MERCHAN1",,,
130,6/15/2017,"2016-17","2015-16","B",,100,10,,8/14/2017,5/31/2017,5/31/2017,"MERCHAN1",,,
322,2/5/2017,"2016-17","2015-16","F",30,,,,4/6/2017,12/5/2016,12/5/2016,"SHARE14",,"-",
568,12/22/2016,"2016-17","2015-16","F",7.5,,,,2/20/2017,12/22/2016,12/22/2016,"SHARE14",,"-",
209,5/11/2017,"2016-17","2015-16","F",70,,,,7/10/2017,3/20/2017,3/20/2017,"SHARE14",,"-",
128,7/5/2017,"2017-18","2016-17","B",,100,5,,9/3/2017,4/27/2017,4/27/2017,"MERCHAN1",,,
762,7/9/2017,"2017-18","2016-17","B",,100,6,,9/7/2017,5/23/2017,5/23/2017,"MERCHAN1",,,
615,12/26/2016,"2016-17","2015-16","F",8,,,,2/24/2017,11/22/2016,11/22/2016,"SHARE14",,"-",
753,4/27/2016,"2015-16","2014-15","F",10,,,,6/26/2016,4/6/2016,4/6/2016,"SHARE14",,"-",
143,5/26/2016,"2015-16","2014-15","F",10,,,,7/25/2016,4/26/2016,4/26/2016,"SHARE14",,"-",
103,7/14/2016,"2016-17","2015-16","B",,100,12,,9/12/2016,6/12/2016,6/12/2016,"MERCHAN1",,,
148,6/27/2016,"2015-16","2014-15","F",18,,,,8/26/2016,6/12/2016,6/12/2016,"SHARE14",,"-",
602,5/26/2016,"2015-16","2014-15","F",50,,,,7/25/2016,5/26/2016,5/26/2016,"SHARE14",,"-",
724,6/26/2016,"2015-16","2014-15","F",10,,,,8/25/2016,5/18/2016,5/18/2016,"SHARE14",,"-",
459,6/8/2016,"2015-16","2014-15","F",150,,,,8/7/2016,5/19/2016,5/19/2016,"SHARE14",,"-",
459,6/8/2016,"2015-16","2014-15","I",150,,,,8/7/2016,5/19/2016,5/19/2016,"SHARE14",,"-",
128,6/26/2016,"2015-16","2014-15","F",13,,,,8/25/2016,5/17/2016,5/17/2016,"SHARE14",,"-",
317,5/28/2016,"2015-16","2014-15","F",30,,,,7/27/2016,5/24/2016,5/24/2016,"SHARE14",,"-",
317,5/24/2016,"2015-16","2014-15","I",30,,,,7/23/2016,5/24/2016,5/24/2016,"SHARE14",,"-",
319,5/19/2016,"2015-16","2014-15","I",10,,,,7/18/2016,5/19/2016,5/19/2016,"SHARE14",,"-",
718,6/27/2016,"2015-16","2014-15","F",10,,,,8/26/2016,5/19/2016,5/19/2016,"SHARE14",,"-",
730,8/27/2015,"2015-16","2014-15","F",13,,,,10/26/2015,7/30/2015,7/30/2015,"SHARE14",,"-",
133,5/11/2016,"2015-16","2014-15","F",6,,,,7/10/2016,4/18/2016,4/18/2016,"SHARE14",,"-",
756,5/22/2016,"2015-16","2014-15","F",17,,,,7/21/2016,5/3/2016,5/3/2016,"SHARE14",,"-",
161,3/2/2016,"2015-16","2014-15","F",25.93,,,,5/1/2016,3/2/2016,3/2/2016,"SHARE14",,"-",
758,5/31/2016,"2015-16","2014-15","F",15,,,,7/30/2016,5/12/2016,5/12/2016,"SHARE14",,"-",
115,5/29/2016,"2015-16","2014-15","F",6,,,,7/28/2016,5/11/2016,5/11/2016,"SHARE14",,"-",
652,8/31/2016,"2016-17","2015-16","F",5,,,,10/30/2016,4/13/2016,4/13/2016,"SHARE14",,"-",
123,5/12/2016,"2015-16","2014-15","F",12,,,,7/11/2016,4/26/2016,4/26/2016,"SHARE14",,"-",
950,5/11/2016,"2015-16","2014-15","F",10.34,,,,7/10/2016,5/11/2016,5/11/2016,"SHARE14",,"-",
159,8/17/2016,"2016-17","2015-16","F",200,,,,10/16/2016,8/17/2016,8/17/2016,"SHARE14",,"-",
172,8/31/2016,"2016-17","2015-16","F",5,,,,10/30/2016,8/31/2016,8/31/2016,"SHARE14",,"-",
763,6/29/2016,"2015-16","2014-15","F",12.5,,,,8/28/2016,5/22/2016,5/22/2016,"SHARE14",,"-",
144,9/26/2016,"2016-17","2015-16","B",,100,20,,11/25/2016,8/10/2016,8/10/2016,"MERCHAN1",,,
730,9/29/2016,"2016-17","2015-16","B",,100,5,,11/28/2016,9/5/2016,9/5/2016,"MERCHAN1",,,
468,12/19/2016,"2016-17","2015-16","B",,100,10,,2/17/2017,3/29/2016,3/29/2016,"MERCHAN1",,,
176,9/1/2016,"2016-17","2015-16","F",5,,,,10/31/2016,9/1/2016,9/1/2016,"SHARE14",,"-",
701,11/7/2016,"2016-17","2015-16","F",35,,,,1/6/2017,10/13/2016,10/13/2016,"SHARE14",,"-",
485,10/18/2016,"2016-17","2015-16","F",50,,,,12/17/2016,5/22/2016,5/22/2016,"SHARE14",,"-",
485,11/10/2016,"2016-17","2015-16","I",300,,,,1/9/2017,11/10/2016,11/10/2016,"SHARE14",,"-",
144,9/29/2016,"2016-17","2015-16","F",20,,,,11/28/2016,8/10/2016,8/10/2016,"SHARE14",,"-",
246,11/26/2016,"2016-17","2015-16","B",,100,5,,1/25/2017,6/9/2016,6/9/2016,"MERCHAN1",,,
492,12/28/2016,"2016-17","2015-16","B",,100,8,,2/26/2017,11/13/2016,11/13/2016,"MERCHAN1",,,
321,12/31/2016,"2016-17","2015-16","B",,100,10,,3/1/2017,12/18/2016,12/18/2016,"MERCHAN1",,,
500,12/22/2016,"2016-17","2015-16","B",,100,10,,2/20/2017,5/22/2016,5/22/2016,"MERCHAN1",,,
610,12/23/2016,"2016-17","2015-16","B",,100,10,,2/21/2017,11/27/2016,11/27/2016,"MERCHAN1",,,
624,12/14/2016,"2016-17","2015-16","F",10,,,,2/12/2017,11/20/2016,11/20/2016,"SHARE14",,"-",
468,3/29/2016,"2015-16","2014-15","F",10,,,,5/28/2016,3/29/2016,3/29/2016,"SHARE14",,"-",
465,11/26/2016,"2016-17","2015-16","F",25,,,,1/25/2017,4/28/2016,4/28/2016,"SHARE14",,"-",
151,12/24/2016,"2016-17","2015-16","F",30,,,,2/22/2017,11/14/2016,11/14/2016,"SHARE14",,"-",
702,11/24/2016,"2016-17","2015-16","F",10,,,,1/23/2017,11/3/2016,11/3/2016,"SHARE14",,"-",
443,1/23/2017,"2016-17","2015-16","F",10,,,,3/24/2017,11/27/2016,11/27/2016,"SHARE14",,"-",
605,3/19/2017,"2016-17","2015-16","B",,100,12,,5/18/2017,3/6/2017,3/6/2017,"MERCHAN1",,,
654,3/29/2017,"2016-17","2015-16","B",,100,5,,5/28/2017,2/14/2017,2/14/2017,"MERCHAN1",,,
307,1/7/2017,"2016-17","2015-16","F",12,,,,3/8/2017,12/1/2016,12/1/2016,"SHARE14",,"-",
232,12/13/2016,"2016-17","2015-16","F",12,,,,2/11/2017,11/20/2016,11/20/2016,"SHARE14",,"-",
492,12/28/2016,"2016-17","2015-16","F",7,,,,2/26/2017,11/13/2016,11/13/2016,"SHARE14",,"-",
740,3/30/2017,"2016-17","2015-16","F",15,,,,5/29/2017,3/9/2017,3/9/2017,"SHARE14",,"-",
607,12/11/2016,"2016-17","2015-16","F",5,,,,2/9/2017,11/15/2016,11/15/2016,"SHARE14",,"-",
132,3/30/2017,"2016-17","2015-16","F",20,,,,5/29/2017,3/5/2017,3/5/2017,"SHARE14",,"-",
112,5/6/2017,"2016-17","2015-16","F",20,,,,7/5/2017,4/18/2017,4/18/2017,"SHARE14",,"-",
146,4/30/2017,"2016-17","2015-16","F",15,,,,6/29/2017,3/16/2017,3/16/2017,"SHARE14",,"-",
103,4/17/2017,"2016-17","2015-16","R",,1,1,0,6/16/2017,4/17/2017,6/17/2017,"MERCHAN1",,,
747,5/24/2017,"2016-17","2015-16","B",,100,10,,7/23/2017,4/6/2017,4/6/2017,"MERCHAN1",,,
652,11/17/2016,"2016-17","2015-16","I",5,,,,1/16/2017,11/17/2016,11/17/2016,"SHARE14",,"-",
120,4/30/2017,"2016-17","2015-16","F",5,,,,6/29/2017,4/13/2017,4/13/2017,"SHARE14",,"-",
553,12/15/2016,"2016-17","2015-16","F",10,,,,2/13/2017,11/10/2016,11/10/2016,"SHARE14",,"-",
191,5/31/2017,"2016-17","2015-16","F",8,,,,7/30/2017,5/31/2017,5/31/2017,"SHARE14",,"-",
462,12/29/2016,"2016-17","2015-16","F",30,,,,2/27/2017,12/4/2016,12/4/2016,"SHARE14",,"-",
111,4/27/2017,"2016-17","2015-16","F",20,,,,6/26/2017,4/11/2017,4/11/2017,"SHARE14",,"-",
718,6/14/2017,"2016-17","2015-16","B",,100,5,,8/13/2017,5/18/2017,5/18/2017,"MERCHAN1",,,
757,6/14/2017,"2016-17","2015-16","B",,100,12,,8/13/2017,5/23/2017,5/23/2017,"MERCHAN1",,,
739,6/15/2017,"2016-17","2015-16","B",,100,10,,8/14/2017,5/18/2017,5/18/2017,"MERCHAN1",,,
122,7/3/2017,"2017-18","2016-17","B",,100,12,,9/1/2017,5/18/2017,5/18/2017,"MERCHAN1",,,
109,5/24/2017,"2016-17","2015-16","F",20,,,,7/23/2017,5/4/2017,5/4/2017,"SHARE14",,"-",
512,12/20/2016,"2016-17","2015-16","F",15,,,,2/18/2017,12/1/2016,12/1/2016,"SHARE14",,"-",
135,3/30/2017,"2016-17","2015-16","F",30,,,,5/29/2017,3/14/2017,3/14/2017,"SHARE14",,"-",
114,5/22/2017,"2016-17","2015-16","F",20,,,,7/21/2017,4/27/2017,4/27/2017,"SHARE14",,"-",
127,4/27/2017,"2016-17","2015-16","F",10,,,,6/26/2017,4/10/2017,4/10/2017,"SHARE14",,"-",
719,5/22/2017,"2016-17","2015-16","F",30,,,,7/21/2017,4/12/2017,4/12/2017,"SHARE14",,"-",
781,6/11/2017,"2016-17","2015-16","F",5,,,,8/10/2017,5/3/2017,5/3/2017,"SHARE14",,"-",
300,6/14/2017,"2016-17","2015-16","F",10,,,,8/13/2017,5/18/2017,5/18/2017,"SHARE14",,"-",
103,7/3/2017,"2017-18","2016-17","B",,100,12,,9/1/2017,5/3/2017,5/3/2017,"MERCHAN1",,,
721,5/22/2017,"2016-17","2015-16","F",15,,,,7/21/2017,5/8/2017,5/8/2017,"SHARE14",,"-",
214,11/24/2016,"2016-17","2015-16","F",6,,,,1/23/2017,10/31/2016,10/31/2016,"SHARE14",,"-",
278,12/15/2016,"2016-17","2015-16","F",32,,,,2/13/2017,11/17/2016,11/17/2016,"SHARE14",,"-",
125,7/6/2017,"2017-18","2016-17","F",15,,,,9/4/2017,5/11/2017,5/11/2017,"SHARE14",,"-",
459,6/19/2017,"2016-17","2015-16","F",375,,,,8/18/2017,5/24/2017,5/24/2017,"SHARE14",,"-",
603,6/20/2017,"2016-17","2015-16","F",105,,,,8/19/2017,5/22/2017,5/22/2017,"SHARE14",,"-",
129,7/27/2017,"2017-18","2016-17","B",,100,2,,9/25/2017,5/25/2017,5/25/2017,"MERCHAN1",,,
747,5/24/2017,"2016-17","2015-16","F",15,,,,7/23/2017,4/6/2017,4/6/2017,"SHARE14",,"-",
104,5/23/2017,"2016-17","2015-16","F",10,,,,7/22/2017,4/23/2017,4/23/2017,"SHARE14",,"-",
735,7/27/2017,"2017-18","2016-17","B",,100,10,,9/25/2017,5/25/2017,5/25/2017,"MERCHAN1",,,
128,7/5/2017,"2017-18","2016-17","F",10,,,,9/3/2017,4/27/2017,4/27/2017,"SHARE14",,"-",
718,6/14/2017,"2016-17","2015-16","F",10,,,,8/13/2017,5/18/2017,5/18/2017,"SHARE14",,"-",
142,6/19/2017,"2016-17","2015-16","F",10,,,,8/18/2017,5/24/2017,5/24/2017,"SHARE14",,"-",
745,6/29/2017,"2016-17","2015-16","F",20,,,,8/28/2017,5/4/2017,5/4/2017,"SHARE14",,"-",
198,3/6/2017,"2016-17","2015-16","F",4.5,,,,5/5/2017,3/6/2017,3/6/2017,"SHARE14",,"-",
148,6/11/2017,"2016-17","2015-16","F",20,,,,8/10/2017,5/25/2017,5/25/2017,"SHARE14",,"-",
754,5/20/2017,"2016-17","2015-16","F",5,,,,7/19/2017,4/27/2017,4/27/2017,"SHARE14",,"-",
652,7/10/2017,"2017-18","2016-17","I",5,,,,9/8/2017,7/10/2017,7/10/2017,"SHARE14",,"-",
484,7/16/2017,"2017-18","2016-17","I",425,,,,9/14/2017,6/14/2017,6/14/2017,"SHARE14",,"-",
139,6/21/2017,"2016-17","2015-16","F",15,,,,8/20/2017,5/23/2017,5/23/2017,"SHARE14",,"-",
117,5/19/2016,"2015-16","2014-15","F",15,,,,7/18/2016,5/2/2016,5/2/2016,"SHARE14",,"-",
748,6/25/2016,"2015-16","2014-15","B",,100,10,,8/24/2016,5/22/2016,5/22/2016,"MERCHAN1",,,
448,5/30/2016,"2015-16","2014-15","F",5,,,,7/29/2016,12/2/2015,12/2/2015,"SHARE14",,"-",
191,6/5/2016,"2015-16","2014-15","F",10,,,,8/4/2016,6/5/2016,6/5/2016,"SHARE14",,"-",
139,6/2/2016,"2015-16","2014-15","F",18,,,,8/1/2016,4/19/2016,4/19/2016,"SHARE14",,"-",
107,6/30/2016,"2015-16","2014-15","B",,100,15,,8/29/2016,6/16/2016,6/16/2016,"MERCHAN1",,,
725,6/5/2016,"2015-16","2014-15","F",5,,,,8/4/2016,5/16/2016,5/16/2016,"SHARE14",,"-",
111,5/19/2016,"2015-16","2014-15","F",20,,,,7/18/2016,4/25/2016,4/25/2016,"SHARE14",,"-",
118,3/30/2016,"2015-16","2014-15","F",40,,,,5/29/2016,3/15/2016,3/15/2016,"SHARE14",,"-",
147,7/30/2016,"2016-17","2015-16","B",,100,12,,9/28/2016,6/12/2016,6/12/2016,"MERCHAN1",,,
484,4/18/2016,"2015-16","2014-15","I",270,,,,6/17/2016,4/4/2016,4/4/2016,"SHARE14",,"-",
141,5/26/2016,"2015-16","2014-15","F",10,,,,7/25/2016,4/26/2016,4/26/2016,"SHARE14",,"-",
699,5/25/2016,"2015-16","2014-15","I",80,,,,7/24/2016,5/25/2016,5/25/2016,"SHARE14",,"-",
751,6/23/2016,"2015-16","2014-15","F",5,,,,8/22/2016,5/17/2016,5/17/2016,"SHARE14",,"-",
168,9/6/2016,"2016-17","2015-16","B",,100,5.096,,11/5/2016,9/6/2016,9/6/2016,"MERCHAN1",,,
171,9/6/2016,"2016-17","2015-16","B",,100,8.1081,,11/5/2016,9/6/2016,9/6/2016,"MERCHAN1",,,
174,9/6/2016,"2016-17","2015-16","B",,100,4.4444,,11/5/2016,9/6/2016,9/6/2016,"MERCHAN1",,,
177,9/6/2016,"2016-17","2015-16","B",,100,5.53,,11/5/2016,9/6/2016,9/6/2016,"MERCHAN1",,,
183,9/6/2016,"2016-17","2015-16","B",,100,6.3177,,11/5/2016,9/6/2016,9/6/2016,"MERCHAN1",,,
197,9/6/2016,"2016-17","2015-16","B",,100,5.33,,11/5/2016,9/6/2016,9/6/2016,"MERCHAN1",,,
717,9/1/2016,"2016-17","2015-16","B",,100,25,,10/31/2016,8/14/2016,8/14/2016,"MERCHAN1",,,
449,9/8/2016,"2016-17","2015-16","B",,100,10,,11/7/2016,8/23/2016,8/23/2016,"MERCHAN1",,,
743,9/15/2016,"2016-17","2015-16","B",,100,5,,11/14/2016,8/8/2016,8/8/2016,"MERCHAN1",,,
485,2/15/2016,"2015-16","2014-15","F",100,,,,4/15/2016,2/15/2016,2/15/2016,"SHARE14",,"-",
485,2/15/2016,"2015-16","2014-15","I",100,,,,4/15/2016,2/15/2016,2/15/2016,"SHARE14",,"-",
485,8/17/2016,"2016-17","2015-16","I",150,,,,10/16/2016,8/17/2016,8/17/2016,"SHARE14",,"-",
199,8/22/2016,"2016-17","2015-16","F",14,,,,10/21/2016,8/22/2016,8/22/2016,"SHARE14",,"-",
169,8/31/2016,"2016-17","2015-16","F",10,,,,10/30/2016,8/31/2016,8/31/2016,"SHARE14",,"-",
173,8/31/2016,"2016-17","2015-16","F",6,,,,10/30/2016,8/31/2016,8/31/2016,"SHARE14",,"-",
220,7/21/2016,"2016-17","2015-16","R",,1,1,0,9/19/2016,7/12/2016,7/21/2016,"MERCHAN1",,,
727,8/10/2016,"2016-17","2015-16","F",40,,,,10/9/2016,6/30/2016,6/30/2016,"SHARE14",,"-",
601,10/2/2016,"2016-17","2015-16","F",40,,,,12/1/2016,9/8/2016,9/8/2016,"SHARE14",,"-",
465,11/26/2016,"2016-17","2015-16","B",,100,5,,1/25/2017,10/24/2016,10/24/2016,"MERCHAN1",,,
311,11/8/2016,"2016-17","2015-16","F",15,,,,1/7/2017,10/10/2016,10/10/2016,"SHARE14",,"-",
687,12/18/2016,"2016-17","2015-16","B",,100,27,,2/16/2017,11/16/2016,11/16/2016,"MERCHAN1",,,
487,12/26/2016,"2016-17","2015-16","F",10,,,,2/24/2017,11/10/2016,11/10/2016,"SHARE14",,"-",
671,12/20/2016,"2016-17","2015-16","F",23,,,,2/18/2017,11/30/2016,11/30/2016,"SHARE14",,"-",
491,12/15/2016,"2016-17","2015-16","F",12,,,,2/13/2017,11/14/2016,11/14/2016,"SHARE14",,"-",
752,11/24/2016,"2016-17","2015-16","F",30,,,,1/23/2017,9/29/2016,9/29/2016,"SHARE14",,"-",
306,1/7/2017,"2016-17","2015-16","F",10,,,,3/8/2017,11/17/2016,11/17/2016,"SHARE14",,"-",
673,11/14/2016,"2016-17","2015-16","F",5,,,,1/13/2017,10/19/2016,10/19/2016,"SHARE14",,"-",
309,2/25/2017,"2016-17","2015-16","F",105,,,,4/26/2017,12/22/2016,12/22/2016,"SHARE14",,"-",
697,12/20/2016,"2016-17","2015-16","I",15,,,,2/18/2017,11/13/2016,11/13/2016,"SHARE14",,"-",
118,3/30/2017,"2016-17","2015-16","F",30,,,,5/29/2017,3/15/2017,3/15/2017,"SHARE14",,"-",
736,5/24/2017,"2016-17","2015-16","B",,100,11,,7/23/2017,4/27/2017,4/27/2017,"MERCHAN1",,,
744,5/24/2017,"2016-17","2015-16","B",,100,10,,7/23/2017,5/8/2017,5/8/2017,"MERCHAN1",,,
140,5/24/2017,"2016-17","2015-16","B",,100,5,,7/23/2017,5/8/2017,5/8/2017,"MERCHAN1",,,
231,2/11/2017,"2016-17","2015-16","I",20,,,,4/12/2017,2/11/2017,2/11/2017,"SHARE14",,"-",
243,2/11/2017,"2016-17","2015-16","I",10,,,,4/12/2017,2/11/2017,2/11/2017,"SHARE14",,"-",
725,6/12/2017,"2016-17","2015-16","B",,100,3,,8/11/2017,5/21/2017,5/21/2017,"MERCHAN1",,,
115,6/12/2017,"2016-17","2015-16","B",,100,5,,8/11/2017,5/22/2017,5/22/2017,"MERCHAN1",,,
556,12/15/2016,"2016-17","2015-16","F",5,,,,2/13/2017,11/17/2016,11/17/2016,"SHARE14",,"-",
752,5/23/2017,"2016-17","2015-16","F",15,,,,7/22/2017,5/7/2017,5/7/2017,"SHARE14",,"-",
749,6/15/2017,"2016-17","2015-16","F",10,,,,8/14/2017,5/23/2017,5/23/2017,"SHARE14",,"-",
753,7/23/2017,"2017-18","2016-17","B",,100,5,,9/21/2017,5/24/2017,5/24/2017,"MERCHAN1",,,
755,7/27/2017,"2017-18","2016-17","B",,100,10,,9/25/2017,7/5/2017,7/5/2017,"MERCHAN1",,,
145,7/17/2017,"2017-18","2016-17","B",,100,5,,9/15/2017,5/25/2017,5/25/2017,"MERCHAN1",,,
761,7/22/2017,"2017-18","2016-17","B",,100,10,,9/20/2017,5/23/2017,5/23/2017,"MERCHAN1",,,
468,12/19/2016,"2016-17","2015-16","F",10,,,,2/17/2017,3/9/2016,3/9/2016,"SHARE14",,"-",
147,7/30/2017,"2017-18","2016-17","B",,100,10,,9/28/2017,6/12/2017,6/12/2017,"MERCHAN1",,,
105,8/20/2017,"2017-18","2016-17","B",,100,20,,10/19/2017,6/5/2017,6/5/2017,"MERCHAN1",,,
485,7/17/2017,"2017-18","2016-17","F",50,,,,9/15/2017,6/5/2017,6/5/2017,"SHARE14",,"-",
725,6/12/2017,"2016-17","2015-16","F",7,,,,8/11/2017,5/21/2017,5/21/2017,"SHARE14",,"-",
215,12/3/2016,"2016-17","2015-16","F",12,,,,2/1/2017,11/17/2016,11/17/2016,"SHARE14",,"-",
150,7/30/2017,"2017-18","2016-17","F",45,,,,9/28/2017,7/30/2017,7/30/2017,"SHARE14",,"-",
476,12/20/2016,"2016-17","2015-16","F",14,,,,2/18/2017,11/30/2016,11/30/2016,"SHARE14",,"-",
736,5/24/2017,"2016-17","2015-16","F",3,,,,7/23/2017,4/27/2017,4/27/2017,"SHARE14",,"-",
549,8/2/2017,"2017-18","2016-17","I",105,,,,10/1/2017,8/2/2017,8/2/2017,"SHARE14",,"-",
168,9/7/2017,"2017-18","2016-17","B",,100,1.9568,,11/6/2017,9/7/2017,9/7/2017,"MERCHAN1",,,
301,8/29/2017,"2017-18","2016-17","I",200,,,,10/28/2017,8/13/2017,8/13/2017,"SHARE14",,"-",
126,8/7/2017,"2017-18","2016-17","F",20.5,,,,10/6/2017,6/5/2017,6/5/2017,"SHARE14",,"-",
171,9/5/2017,"2017-18","2016-17","B",,100,7.9935,,11/4/2017,9/5/2017,9/5/2017,"MERCHAN1",,,
177,9/5/2017,"2017-18","2016-17","B",,100,7.9301,,11/4/2017,9/5/2017,9/5/2017,"MERCHAN1",,,
183,9/5/2017,"2017-18","2016-17","B",,100,7.77,,11/4/2017,9/5/2017,9/5/2017,"MERCHAN1",,,
174,9/5/2017,"2017-18","2016-17","B",,100,7.593,,11/4/2017,9/5/2017,9/5/2017,"MERCHAN1",,,
602,12/4/2016,"2016-17","2015-16","F",20,,,,2/2/2017,11/17/2016,11/17/2016,"SHARE14",,"-",
144,9/26/2017,"2017-18","2016-17","B",,100,15,,11/25/2017,8/8/2017,8/8/2017,"MERCHAN1",,,
171,9/5/2017,"2017-18","2016-17","F",2,,,,11/4/2017,9/5/2017,9/5/2017,"SHARE14",,"-",
730,9/28/2017,"2017-18","2016-17","B",,100,5,,11/27/2017,8/2/2017,8/2/2017,"MERCHAN1",,,
738,9/28/2017,"2017-18","2016-17","B",,100,17,,11/27/2017,7/27/2017,7/27/2017,"MERCHAN1",,,
188,9/18/2017,"2017-18","2016-17","F",10,,,,11/17/2017,9/18/2017,9/18/2017,"SHARE14",,"-",
168,9/7/2017,"2017-18","2016-17","F",11,,,,11/6/2017,9/7/2017,9/7/2017,"SHARE14",,"-",
185,6/30/2017,"2016-17","2015-16","F",5,,,,8/29/2017,6/30/2017,6/30/2017,"SHARE14",,"-",
176,6/30/2017,"2016-17","2015-16","F",5,,,,8/29/2017,6/30/2017,6/30/2017,"SHARE14",,"-",
176,8/31/2017,"2017-18","2016-17","F",5,,,,10/30/2017,8/31/2017,8/31/2017,"SHARE14",,"-",
185,8/31/2017,"2017-18","2016-17","F",5,,,,10/30/2017,8/31/2017,8/31/2017,"SHARE14",,"-",
720,3/30/2017,"2016-17","2015-16","F",13,,,,5/29/2017,3/14/2017,3/14/2017,"SHARE14",,"-",
697,10/5/2017,"2017-18","2016-17","B",,100,15,,12/4/2017,9/13/2017,9/13/2017,"MERCHAN1",,,
717,9/25/2017,"2017-18","2016-17","B",,100,20,,11/24/2017,8/20/2017,8/20/2017,"MERCHAN1",,,
567,8/31/2017,"2017-18","2016-17","F",10,,,,10/30/2017,8/31/2017,8/31/2017,"SHARE14",,"-",
763,6/21/2017,"2016-17","2015-16","F",12,,,,8/20/2017,5/18/2017,5/18/2017,"SHARE14",,"-",
169,9/6/2017,"2017-18","2016-17","F",12,,,,11/5/2017,9/6/2017,9/6/2017,"SHARE14",,"-",
172,9/6/2017,"2017-18","2016-17","F",6,,,,11/5/2017,9/6/2017,9/6/2017,"SHARE14",,"-",
173,9/6/2017,"2017-18","2016-17","F",6.5,,,,11/5/2017,9/6/2017,9/6/2017,"SHARE14",,"-",
175,9/6/2017,"2017-18","2016-17","F",7,,,,11/5/2017,9/6/2017,9/6/2017,"SHARE14",,"-",
312,4/27/2016,"2015-16","2014-15","I",40,,,,6/26/2016,5/19/2016,5/19/2016,"SHARE14",,"-",
455,5/19/2016,"2015-16","2014-15","F",115,,,,7/18/2016,5/19/2016,5/19/2016,"SHARE14",,"-",
106,4/28/2016,"2015-16","2014-15","F",12,,,,6/27/2016,4/3/2016,4/3/2016,"SHARE14",,"-",
145,7/21/2016,"2016-17","2015-16","B",,100,5,,9/19/2016,6/2/2016,6/2/2016,"MERCHAN1",,,
142,6/27/2016,"2015-16","2014-15","F",10,,,,8/26/2016,5/22/2016,5/22/2016,"SHARE14",,"-",
721,6/22/2016,"2015-16","2014-15","F",15,,,,8/21/2016,5/10/2016,5/10/2016,"SHARE14",,"-",
190,6/5/2016,"2015-16","2014-15","F",13,,,,8/4/2016,6/5/2016,6/5/2016,"SHARE14",,"-",
297,11/3/2016,"2016-17","2015-16","B",,100,5,,1/2/2017,10/18/2016,10/18/2016,"MERCHAN1",,,
556,12/28/2015,"2015-16","2014-15","F",7,,,,2/26/2016,11/19/2015,11/19/2015,"SHARE14",,"-",
457,6/18/2016,"2015-16","2014-15","B",,100,15,,8/17/2016,5/22/2016,5/22/2016,"MERCHAN1",,,
244,6/2/2016,"2015-16","2014-15","F",5,,,,8/1/2016,4/21/2016,4/21/2016,"SHARE14",,"-",
401,12/21/2015,"2015-16","2014-15","F",5,,,,2/19/2016,11/17/2015,11/17/2015,"SHARE14",,"-",
730,9/29/2016,"2016-17","2015-16","F",20,,,,11/28/2016,9/5/2016,9/5/2016,"SHARE14",,"-",
138,7/28/2016,"2016-17","2015-16","F",5,,,,9/26/2016,5/29/2016,5/29/2016,"SHARE14",,"-",
445,12/15/2016,"2016-17","2015-16","B",,100,13,,2/13/2017,5/19/2016,5/19/2016,"MERCHAN1",,,
661,12/31/2016,"2016-17","2015-16","B",,100,5,,3/1/2017,12/15/2016,12/15/2016,"MERCHAN1",,,
561,12/22/2016,"2016-17","2015-16","F",15,,,,2/20/2017,11/20/2016,11/20/2016,"SHARE14",,"-",
699,10/29/2016,"2016-17","2015-16","F",45,,,,12/28/2016,10/10/2016,10/10/2016,"SHARE14",,"-",
465,11/27/2016,"2016-17","2015-16","F",12.5,,,,1/26/2017,10/24/2016,10/24/2016,"SHARE14",,"-",
413,12/19/2016,"2016-17","2015-16","F",5,,,,2/17/2017,11/21/2016,11/21/2016,"SHARE14",,"-",
213,12/22/2016,"2016-17","2015-16","F",10,,,,2/20/2017,11/28/2016,11/28/2016,"SHARE14",,"-",
302,2/11/2017,"2016-17","2015-16","F",100,,,,4/12/2017,12/19/2016,12/19/2016,"SHARE14",,"-",
464,12/20/2016,"2016-17","2015-16","F",10,,,,2/18/2017,11/30/2016,11/30/2016,"SHARE14",,"-",
740,3/30/2017,"2016-17","2015-16","B",,100,15,,5/29/2017,3/9/2017,3/9/2017,"MERCHAN1",,,
459,11/20/2016,"2016-17","2015-16","I",400,,,,1/19/2017,11/20/2016,11/20/2016,"SHARE14",,"-",
408,11/5/2016,"2016-17","2015-16","F",75,,,,1/4/2017,10/20/2016,10/20/2016,"SHARE14",,"-",
698,9/1/2016,"2016-17","2015-16","F",13,,,,10/31/2016,9/1/2016,9/1/2016,"SHARE14",,"-",
549,4/20/2017,"2016-17","2015-16","F",90,,,,6/19/2017,2/22/2017,2/22/2017,"SHARE14",,"-",
742,5/2/2017,"2016-17","2015-16","B",,100,20,,7/1/2017,3/13/2017,3/13/2017,"MERCHAN1",,,
137,4/27/2017,"2016-17","2015-16","F",10,,,,6/26/2017,3/16/2017,3/16/2017,"SHARE14",,"-",
659,11/26/2016,"2016-17","2015-16","F",15,,,,1/25/2017,11/9/2016,11/9/2016,"SHARE14",,"-",
134,5/30/2017,"2016-17","2015-16","F",12,,,,7/29/2017,5/15/2017,5/15/2017,"SHARE14",,"-",
102,6/15/2017,"2016-17","2015-16","F",24,,,,8/14/2017,4/20/2017,4/20/2017,"SHARE14",,"-",
115,6/12/2017,"2016-17","2015-16","F",10,,,,8/11/2017,5/22/2017,5/22/2017,"SHARE14",,"-",
652,6/15/2017,"2016-17","2015-16","I",5,,,,8/14/2017,4/16/2017,4/16/2017,"SHARE14",,"-",
759,5/21/2017,"2016-17","2015-16","F",10,,,,7/20/2017,4/27/2017,4/27/2017,"SHARE14",,"-",
143,7/5/2017,"2017-18","2016-17","B",,100,5,,9/3/2017,5/21/2017,5/21/2017,"MERCHAN1",,,
751,7/20/2017,"2017-18","2016-17","B",,100,5,,9/18/2017,6/4/2017,6/4/2017,"MERCHAN1",,,
119,7/25/2017,"2017-18","2016-17","B",,100,15,,9/23/2017,5/31/2017,5/31/2017,"MERCHAN1",,,
758,6/17/2017,"2016-17","2015-16","F",15,,,,8/16/2017,5/31/2017,5/31/2017,"SHARE14",,"-",
734,7/6/2017,"2017-18","2016-17","F",10,,,,9/4/2017,5/9/2017,5/9/2017,"SHARE14",,"-",
753,7/23/2017,"2017-18","2016-17","F",5,,,,9/21/2017,5/24/2017,5/24/2017,"SHARE14",,"-",
140,5/24/2017,"2016-17","2015-16","F",10,,,,7/23/2017,5/8/2017,5/8/2017,"SHARE14",,"-",
141,6/1/2017,"2016-17","2015-16","F",7,,,,7/31/2017,4/26/2017,4/26/2017,"SHARE14",,"-",
129,7/27/2017,"2017-18","2016-17","F",10,,,,9/25/2017,5/25/2017,5/25/2017,"SHARE14",,"-",
733,5/2/2017,"2016-17","2015-16","F",5,,,,7/1/2017,4/13/2017,4/13/2017,"SHARE14",,"-",
698,8/24/2017,"2017-18","2016-17","F",15.5,,,,10/23/2017,8/24/2017,8/24/2017,"SHARE14",,"-",
133,5/14/2017,"2016-17","2015-16","F",11,,,,7/13/2017,4/20/2017,4/20/2017,"SHARE14",,"-",
762,7/9/2017,"2017-18","2016-17","F",6,,,,9/7/2017,5/23/2017,5/23/2017,"SHARE14",,"-",
756,5/11/2017,"2016-17","2015-16","F",18,,,,7/10/2017,4/25/2017,4/25/2017,"SHARE14",,"-",
197,9/5/2017,"2017-18","2016-17","F",2,,,,11/4/2017,9/5/2017,9/5/2017,"SHARE14",,"-",
727,8/8/2017,"2017-18","2016-17","F",40,,,,10/7/2017,7/10/2017,7/10/2017,"SHARE14",,"-",
751,7/20/2017,"2017-18","2016-17","F",5,,,,9/18/2017,6/4/2017,6/4/2017,"SHARE14",,"-",
178,9/6/2017,"2017-18","2016-17","F",5,,,,11/5/2017,9/6/2017,9/6/2017,"SHARE14",,"-",
179,9/6/2017,"2017-18","2016-17","F",5,,,,11/5/2017,9/6/2017,9/6/2017,"SHARE14",,"-",
186,9/6/2017,"2017-18","2016-17","F",9,,,,11/5/2017,9/6/2017,9/6/2017,"SHARE14",,"-",
182,9/6/2017,"2017-18","2016-17","F",7.5,,,,11/5/2017,9/6/2017,9/6/2017,"SHARE14",,"-",
230,12/24/2016,"2016-17","2015-16","F",5,,,,2/22/2017,11/16/2016,11/16/2016,"SHARE14",,"-",
490,10/11/2017,"2017-18","2016-17","B",,100,20,,12/10/2017,9/25/2017,9/25/2017,"MERCHAN1",,,
243,9/28/2017,"2017-18","2016-17","B",,100,10,,11/27/2017,9/7/2017,9/7/2017,"MERCHAN1",,,
748,6/11/2017,"2016-17","2015-16","F",2,,,,8/10/2017,5/22/2017,5/22/2017,"SHARE14",,"-",
511,12/4/2016,"2016-17","2015-16","F",5,,,,2/2/2017,11/17/2017,11/17/2017,"SHARE14",,"-",
511,12/4/2017,"2017-18","2016-17","F",5,,,,2/2/2018,11/17/2017,11/17/2017,"SHARE14",,"-",
511,12/4/2016,"2016-17","2015-16","I",5,,,,2/2/2017,11/17/2016,11/17/2016,"SHARE14",,"-",
401,12/18/2016,"2016-17","2015-16","F",5,,,,2/16/2017,12/7/2016,12/7/2016,"SHARE14",,"-",
690,10/12/2017,"2017-18","2016-17","B",,100,23.2,,12/11/2017,9/26/2017,9/26/2017,"MERCHAN1",,,
203,9/12/2017,"2017-18","2016-17","F",30,,,,11/11/2017,8/29/2017,8/29/2017,"SHARE14",,"-",
357,10/22/2017,"2017-18","2016-17","B",,100,20,,12/21/2017,9/28/2017,9/28/2017,"MERCHAN1",,,
658,12/15/2016,"2016-17","2015-16","F",15,,,,2/13/2017,11/22/2016,11/22/2016,"SHARE14",,"-",
601,9/25/2017,"2017-18","2016-17","F",40,,,,11/24/2017,9/10/2017,9/10/2017,"SHARE14",,"-",
365,10/30/2017,"2017-18","2016-17","B",,100,5,,12/29/2017,10/12/2017,10/12/2017,"MERCHAN1",,,
702,10/30/2017,"2017-18","2016-17","B",,100,10,,12/29/2017,10/12/2017,10/12/2017,"MERCHAN1",,,
765,11/9/2017,"2017-18","2016-17","B",,100,20,,1/8/2018,10/16/2017,10/16/2017,"MERCHAN1",,,
695,10/18/2017,"2017-18","2016-17","R",,5,2,10,12/17/2017,10/18/2017,10/18/2017,"MERCHAN1",,,
688,10/12/2017,"2017-18","2016-17","B",,100,17,,12/11/2017,9/19/2017,9/19/2017,"MERCHAN1",,,
244,10/31/2017,"2017-18","2016-17","B",,100,5,,12/30/2017,10/11/2017,10/11/2017,"MERCHAN1",,,
728,10/22/2017,"2017-18","2016-17","B",,100,20,,12/21/2017,9/21/2017,9/21/2017,"MERCHAN1",,,
144,9/26/2017,"2017-18","2016-17","F",20,,,,11/25/2017,8/8/2017,8/8/2017,"SHARE14",,"-",
760,9/28/2017,"2017-18","2016-17","F",10,,,,11/27/2017,8/24/2017,8/24/2017,"SHARE14",,"-",
563,10/21/2017,"2017-18","2016-17","F",12,,,,12/20/2017,9/20/2017,9/20/2017,"SHARE14",,"-",
688,10/12/2017,"2017-18","2016-17","F",5,,,,12/11/2017,9/19/2017,9/19/2017,"SHARE14",,"-",
659,10/14/2017,"2017-18","2016-17","F",20,,,,12/13/2017,9/21/2017,9/21/2017,"SHARE14",,"-",
357,10/22/2017,"2017-18","2016-17","F",20,,,,12/21/2017,9/28/2017,9/28/2017,"SHARE14",,"-",
743,10/19/2017,"2017-18","2016-17","F",25,,,,12/18/2017,8/30/2017,8/30/2017,"SHARE14",,"-",
738,9/28/2017,"2017-18","2016-17","F",8,,,,11/27/2017,7/27/2017,7/27/2017,"SHARE14",,"-",
646,11/11/2017,"2017-18","2016-17","B",,100,10,,1/10/2018,10/19/2017,10/19/2017,"MERCHAN1",,,
465,11/22/2017,"2017-18","2016-17","B",,100,10,,1/21/2018,10/22/2017,10/22/2017,"MERCHAN1",,,
244,10/31/2017,"2017-18","2016-17","F",10,,,,12/30/2017,10/11/2017,10/11/2017,"SHARE14",,"-",
305,10/26/2017,"2017-18","2016-17","F",30,,,,12/25/2017,9/27/2017,9/27/2017,"SHARE14",,"-",
728,10/22/2017,"2017-18","2016-17","F",15,,,,12/21/2017,9/21/2017,9/21/2017,"SHARE14",,"-",
696,11/15/2017,"2017-18","2016-17","B",,100,6,,1/14/2018,10/31/2017,10/31/2017,"MERCHAN1",,,
477,12/4/2017,"2017-18","2016-17","B",,100,7.5,,2/2/2018,11/8/2017,11/8/2017,"MERCHAN1",,,
449,12/4/2017,"2017-18","2016-17","B",,100,5,,2/2/2018,11/8/2017,11/8/2017,"MERCHAN1",,,
740,11/26/2017,"2017-18","2016-17","R",,2,1,,1/25/2018,11/26/2017,11/26/2017,"SHARE14",,,
709,11/21/2017,"2017-18","2016-17","B",,100,10,,1/20/2018,10/31/2017,10/31/2017,"MERCHAN1",,,
695,12/10/2017,"2017-18","2016-17","B",,100,5,,2/8/2018,11/12/2017,11/12/2017,"MERCHAN1",,,
759,6/11/2016,"2015-16","2014-15","F",10,,,,8/10/2016,5/22/2016,5/22/2016,"SHARE14",,"-",
721,6/22/2016,"2015-16","2014-15","B",,100,10,,8/21/2016,5/10/2016,5/10/2016,"MERCHAN1",,,
764,5/15/2016,"2015-16","2014-15","F",15.5,,,,7/14/2016,4/26/2016,4/26/2016,"SHARE14",,"-",
720,3/30/2016,"2015-16","2014-15","F",12.5,,,,5/29/2016,3/14/2016,3/14/2016,"SHARE14",,"-",
644,5/15/2016,"2015-16","2014-15","F",10,,,,7/14/2016,3/16/2016,3/16/2016,"SHARE14",,"-",
243,3/30/2016,"2015-16","2014-15","F",5,,,,5/29/2016,3/3/2016,3/3/2016,"SHARE14",,"-",
134,5/31/2016,"2015-16","2014-15","F",10,,,,7/30/2016,5/15/2016,5/15/2016,"SHARE14",,"-",
719,5/30/2016,"2015-16","2014-15","F",30,,,,7/29/2016,4/21/2016,4/21/2016,"SHARE14",,"-",
452,5/12/2016,"2015-16","2014-15","F",10,,,,7/11/2016,5/12/2016,5/12/2016,"SHARE14",,"-",
170,2/17/2016,"2015-16","2014-15","F",5,,,,4/17/2016,2/17/2016,2/17/2016,"SHARE14",,"-",
484,4/18/2016,"2015-16","2014-15","F",27,,,,6/17/2016,4/4/2016,4/4/2016,"SHARE14",,"-",
140,6/5/2016,"2015-16","2014-15","F",10,,,,8/4/2016,5/8/2016,5/8/2016,"SHARE14",,"-",
244,9/1/2016,"2016-17","2015-16","B",,100,10,,10/31/2016,4/12/2016,4/12/2016,"MERCHAN1",,,
305,4/27/2016,"2015-16","2014-15","F",12,,,,6/26/2016,4/5/2016,4/5/2016,"SHARE14",,"-",
136,7/20/2016,"2016-17","2015-16","F",20,,,,9/18/2016,5/19/2016,5/19/2016,"SHARE14",,"-",
167,8/31/2016,"2016-17","2015-16","F",35,,,,10/30/2016,8/31/2016,8/31/2016,"SHARE14",,"-",
178,8/31/2016,"2016-17","2015-16","F",5,,,,10/30/2016,8/31/2016,8/31/2016,"SHARE14",,"-",
175,8/31/2016,"2016-17","2015-16","F",7,,,,10/30/2016,8/31/2016,8/31/2016,"SHARE14",,"-",
605,7/23/2016,"2016-17","2015-16","F",10,,,,9/21/2016,5/31/2016,5/31/2016,"SHARE14",,"-",
188,9/5/2016,"2016-17","2015-16","F",10,,,,11/4/2016,9/5/2016,9/5/2016,"SHARE14",,"-",
185,9/1/2016,"2016-17","2015-16","F",5,,,,10/31/2016,9/1/2016,9/1/2016,"SHARE14",,"-",
622,10/26/2016,"2016-17","2015-16","B",,100,5,,12/25/2016,10/5/2016,10/5/2016,"MERCHAN1",,,
567,9/4/2016,"2016-17","2015-16","F",2.5,,,,11/3/2016,9/4/2016,9/4/2016,"SHARE14",,"-",
449,9/8/2016,"2016-17","2015-16","F",25,,,,11/7/2016,8/23/2016,8/23/2016,"SHARE14",,"-",
231,3/30/2016,"2015-16","2014-15","F",30,,,,5/29/2016,3/3/2016,3/3/2016,"SHARE14",,"-",
301,8/16/2016,"2016-17","2015-16","F",200,,,,10/15/2016,8/16/2016,8/16/2016,"SHARE14",,"-",
246,11/27/2016,"2016-17","2015-16","B",,100,5,,1/26/2017,11/7/2016,11/7/2016,"MERCHAN1",,,
214,11/24/2016,"2016-17","2015-16","B",,100,10,,1/23/2017,10/31/2016,10/31/2016,"MERCHAN1",,,
566,11/27/2016,"2016-17","2015-16","B",,100,15,,1/26/2017,11/8/2016,11/8/2016,"MERCHAN1",,,
455,6/9/2016,"2015-16","2014-15","B",,100,10,,8/8/2016,5/19/2016,5/19/2016,"MERCHAN1",,,
452,11/19/2016,"2016-17","2015-16","F",5,,,,1/18/2017,11/1/2016,11/1/2016,"SHARE14",,"-",
465,6/4/2016,"2015-16","2014-15","B",,100,10,,8/3/2016,4/28/2016,4/28/2016,"MERCHAN1",,,
480,11/19/2016,"2016-17","2015-16","B",,100,18,,1/18/2017,9/21/2016,9/21/2016,"MERCHAN1",,,
452,6/4/2016,"2015-16","2014-15","B",,100,5,,8/3/2016,5/12/2016,5/12/2016,"MERCHAN1",,,
485,11/8/2015,"2015-16","2014-15","F",300,,,,1/7/2016,11/8/2015,11/8/2015,"SHARE14",,"-",
447,11/26/2016,"2016-17","2015-16","B",,100,3,,1/25/2017,5/18/2016,5/18/2016,"MERCHAN1",,,
634,12/24/2016,"2016-17","2015-16","F",10,,,,2/22/2017,11/17/2016,11/17/2016,"SHARE14",,"-",
210,12/22/2016,"2016-17","2015-16","F",15,,,,2/20/2017,11/28/2016,11/28/2016,"SHARE14",,"-",
322,2/5/2017,"2016-17","2015-16","B",,100,3,,4/6/2017,12/5/2016,12/5/2016,"MERCHAN1",,,
684,11/24/2016,"2016-17","2015-16","F",5,,,,1/23/2017,11/7/2016,11/7/2016,"SHARE14",,"-",
202,12/22/2016,"2016-17","2015-16","F",40,,,,2/20/2017,11/21/2016,11/21/2016,"SHARE14",,"-",
317,12/1/2016,"2016-17","2015-16","F",30,,,,1/30/2017,11/3/2016,11/3/2016,"SHARE14",,"-",
674,12/4/2016,"2016-17","2015-16","F",10,,,,2/2/2017,11/10/2016,11/10/2016,"SHARE14",,"-",
560,12/28/2016,"2016-17","2015-16","F",5,,,,2/26/2017,11/20/2016,11/20/2016,"SHARE14",,"-",
420,12/22/2016,"2016-17","2015-16","F",22,,,,2/20/2017,11/17/2016,11/17/2016,"SHARE14",,"-",
246,11/27/2016,"2016-17","2015-16","F",5,,,,1/26/2017,11/7/2016,11/7/2016,"SHARE14",,"-",
246,11/28/2016,"2016-17","2015-16","F",5,,,,1/27/2017,11/7/2016,11/7/2016,"SHARE14",,"-",
457,2/16/2017,"2016-17","2015-16","I",40,,,,4/17/2017,2/16/2017,2/16/2017,"SHARE14",,"-",
606,12/21/2016,"2016-17","2015-16","F",12.5,,,,2/19/2017,11/17/2016,11/17/2016,"SHARE14",,"-",
668,12/10/2016,"2016-17","2015-16","F",10,,,,2/8/2017,11/21/2016,11/21/2016,"SHARE14",,"-",
687,12/18/2016,"2016-17","2015-16","F",5,,,,2/16/2017,11/16/2016,11/16/2016,"SHARE14",,"-",
106,4/27/2017,"2016-17","2015-16","B",,100,8,,6/26/2017,4/5/2017,4/5/2017,"MERCHAN1",,,
318,12/22/2016,"2016-17","2015-16","F",15,,,,2/20/2017,11/17/2016,11/17/2016,"SHARE14",,"-",
654,3/29/2017,"2016-17","2015-16","F",20,,,,5/28/2017,2/14/2017,2/14/2017,"SHARE14",,"-",
733,5/2/2017,"2016-17","2015-16","B",,100,5,,7/1/2017,4/13/2017,4/13/2017,"MERCHAN1",,,
106,4/27/2017,"2016-17","2015-16","F",5,,,,6/26/2017,4/5/2017,4/5/2017,"SHARE14",,"-",
233,12/20/2016,"2016-17","2015-16","F",5,,,,2/18/2017,11/23/2016,11/23/2016,"SHARE14",,"-",
121,5/11/2017,"2016-17","2015-16","F",13,,,,7/10/2017,4/20/2017,4/20/2017,"SHARE14",,"-",
454,4/20/2017,"2016-17","2015-16","F",500,,,,6/19/2017,3/23/2017,3/23/2017,"SHARE14",,"-",
726,6/4/2017,"2016-17","2015-16","B",,100,7,,8/3/2017,4/24/2017,4/24/2017,"MERCHAN1",,,
750,6/15/2017,"2016-17","2015-16","B",,100,5,,8/14/2017,5/15/2017,5/15/2017,"MERCHAN1",,,
218,5/11/2017,"2016-17","2015-16","F",300,,,,7/10/2017,3/28/2017,3/28/2017,"SHARE14",,"-",
950,5/23/2017,"2016-17","2015-16","F",8.94,,,,7/22/2017,4/23/2017,4/23/2017,"INVEST",,,
131,6/22/2017,"2016-17","2015-16","F",11,,,,8/21/2017,5/18/2017,5/18/2017,"SHARE14",,"-",
764,5/23/2017,"2016-17","2015-16","F",22,,,,7/22/2017,4/30/2017,4/30/2017,"SHARE14",,"-",
143,7/5/2017,"2017-18","2016-17","F",10,,,,9/3/2017,5/21/2017,5/21/2017,"SHARE14",,"-",
116,7/17/2017,"2017-18","2016-17","F",16,,,,9/15/2017,5/22/2017,5/22/2017,"SHARE14",,"-",
184,9/5/2017,"2017-18","2016-17","B",,100,7.8431,,11/4/2017,9/5/2017,9/5/2017,"MERCHAN1",,,
187,9/5/2017,"2017-18","2016-17","B",,100,7.9168,,11/4/2017,9/5/2017,9/5/2017,"MERCHAN1",,,
193,9/5/2017,"2017-18","2016-17","B",,100,8.0305,,11/4/2017,9/5/2017,9/5/2017,"MERCHAN1",,,
195,9/5/2017,"2017-18","2016-17","B",,100,7.4683,,11/4/2017,9/5/2017,9/5/2017,"MERCHAN1",,,
197,9/5/2017,"2017-18","2016-17","B",,100,7.8,,11/4/2017,9/5/2017,9/5/2017,"MERCHAN1",,,
136,7/25/2017,"2017-18","2016-17","F",20,,,,9/23/2017,6/7/2017,6/7/2017,"SHARE14",,"-",
724,6/29/2017,"2016-17","2015-16","F",10,,,,8/28/2017,5/17/2017,5/17/2017,"SHARE14",,"-",
192,8/22/2017,"2017-18","2016-17","F",13.5,,,,10/21/2017,8/22/2017,8/22/2017,"SHARE14",,"-",
199,8/22/2017,"2017-18","2016-17","F",15,,,,10/21/2017,8/22/2017,8/22/2017,"SHARE14",,"-",
174,9/5/2017,"2017-18","2016-17","F",2,,,,11/4/2017,9/5/2017,9/5/2017,"SHARE14",,"-",
195,9/5/2017,"2017-18","2016-17","F",3,,,,11/4/2017,9/5/2017,9/5/2017,"SHARE14",,"-",
193,9/5/2017,"2017-18","2016-17","F",2,,,,11/4/2017,9/5/2017,9/5/2017,"SHARE14",,"-",
187,9/5/2017,"2017-18","2016-17","F",2.5,,,,11/4/2017,9/5/2017,9/5/2017,"SHARE14",,"-",
177,9/5/2017,"2017-18","2016-17","F",2,,,,11/4/2017,9/5/2017,9/5/2017,"SHARE14",,"-",
184,9/5/2017,"2017-18","2016-17","F",2,,,,11/4/2017,9/5/2017,9/5/2017,"SHARE14",,"-",
183,9/5/2017,"2017-18","2016-17","F",3.5,,,,11/4/2017,9/5/2017,9/5/2017,"SHARE14",,"-",
410,12/26/2016,"2016-17","2015-16","C",287.38,100,40,,2/24/2017,11/9/2016,11/9/2016,"MERCHAN1",,,
696,2/14/2017,"2016-17","2015-16","F",12.5,,,,4/15/2017,2/14/2017,2/14/2017,"SHARE14",,"-",
669,12/29/2016,"2016-17","2015-16","F",5,,,,2/27/2017,12/6/2016,12/6/2016,"SHARE14",,"-",
730,9/28/2017,"2017-18","2016-17","F",20,,,,11/27/2017,8/2/2017,8/2/2017,"SHARE14",,"-",
231,9/28/2017,"2017-18","2016-17","F",15,,,,11/27/2017,9/7/2017,9/7/2017,"SHARE14",,"-",
566,12/4/2017,"2017-18","2016-17","B",,100,4,,2/2/2018,11/5/2017,11/5/2017,"MERCHAN1",,,
457,12/9/2017,"2017-18","2016-17","B",,100,15,,2/7/2018,11/9/2017,11/9/2017,"MERCHAN1",,,
569,11/30/2017,"2017-18","2016-17","B",,100,15,,1/29/2018,11/15/2017,11/15/2017,"MERCHAN1",,,
711,12/12/2017,"2017-18","2016-17","B",,100,15,,2/10/2018,11/16/2017,11/16/2017,"MERCHAN1",,,
455,12/18/2017,"2017-18","2016-17","B",,100,10,,2/16/2018,11/13/2017,11/13/2017,"MERCHAN1",,,
214,12/14/2017,"2017-18","2016-17","B",,100,18,,2/12/2018,11/8/2017,11/8/2017,"MERCHAN1",,,
733,5/19/2016,"2015-16","2014-15","B",,100,5,,7/18/2016,4/24/2016,4/24/2016,"MERCHAN1",,,
143,5/26/2016,"2015-16","2014-15","B",,100,5,,7/25/2016,4/26/2016,4/26/2016,"MERCHAN1",,,
117,5/19/2016,"2015-16","2014-15","B",,100,5,,7/18/2016,5/2/2016,5/2/2016,"MERCHAN1",,,
726,5/28/2016,"2015-16","2014-15","B",,100,10,,7/27/2016,4/11/2016,4/11/2016,"MERCHAN1",,,
739,6/2/2016,"2015-16","2014-15","B",,100,12,,8/1/2016,4/24/2016,4/24/2016,"MERCHAN1",,,
513,12/29/2015,"2015-16","2014-15","F",10,,,,2/27/2016,11/19/2015,11/19/2015,"SHARE14",,"-",
121,3/31/2016,"2015-16","2014-15","B",,100,12.5,,5/30/2016,3/16/2016,3/16/2016,"MERCHAN1",,,
550,2/15/2016,"2015-16","2014-15","R",,5,1,5,4/15/2016,2/15/2016,2/15/2016,"MERCHAN1",,,
309,2/20/2016,"2015-16","2014-15","F",105,,,,4/20/2016,12/22/2015,12/22/2015,"SHARE14",,"-",
122,4/18/2016,"2015-16","2014-15","F",15,,,,6/17/2016,3/31/2016,3/31/2016,"SHARE14",,"-",
213,12/23/2015,"2015-16","2014-15","F",10,,,,2/21/2016,11/29/2015,11/29/2015,"SHARE14",,"-",
511,12/6/2015,"2015-16","2014-15","F",5,,,,2/4/2016,11/19/2015,11/19/2015,"SHARE14",,"-",
695,12/7/2015,"2015-16","2014-15","F",7,,,,2/5/2016,11/15/2015,11/15/2015,"SHARE14",,"-",
360,12/23/2015,"2015-16","2014-15","F",10,,,,2/21/2016,11/30/2015,11/30/2015,"SHARE14",,"-",
754,4/30/2016,"2015-16","2014-15","B",,100,5,,6/29/2016,4/6/2016,4/6/2016,"MERCHAN1",,,
218,4/13/2016,"2015-16","2014-15","F",300,,,,6/12/2016,3/21/2016,3/21/2016,"SHARE14",,"-",
111,5/19/2016,"2015-16","2014-15","B",,100,15,,7/18/2016,4/25/2016,4/25/2016,"MERCHAN1",,,
757,5/25/2016,"2015-16","2014-15","B",,100,13,,7/24/2016,5/11/2016,5/11/2016,"MERCHAN1",,,
115,5/29/2016,"2015-16","2014-15","B",,100,10,,7/28/2016,5/11/2016,5/11/2016,"MERCHAN1",,,
725,6/5/2016,"2015-16","2014-15","B",,100,5,,8/4/2016,5/16/2016,5/16/2016,"MERCHAN1",,,
203,4/16/2016,"2015-16","2014-15","F",20,,,,6/15/2016,3/30/2016,3/30/2016,"SHARE14",,"-",
751,6/23/2016,"2015-16","2014-15","B",,100,5,,8/22/2016,5/17/2016,5/17/2016,"MERCHAN1",,,
752,12/6/2015,"2015-16","2014-15","F",30,,,,2/4/2016,10/20/2015,10/20/2015,"SHARE14",,"-",
475,12/27/2015,"2015-16","2014-15","F",20,,,,2/25/2016,11/17/2015,11/17/2015,"SHARE14",,"-",
492,12/28/2015,"2015-16","2014-15","F",5,,,,2/26/2016,11/12/2015,11/12/2015,"SHARE14",,"-",
700,12/17/2015,"2015-16","2014-15","F",5,,,,2/15/2016,11/19/2015,11/19/2015,"SHARE14",,"-",
418,12/23/2015,"2015-16","2014-15","F",5,,,,2/21/2016,11/30/2015,11/30/2015,"SHARE14",,"-",
303,1/16/2016,"2015-16","2014-15","F",30,,,,3/16/2016,12/2/2015,12/2/2015,"SHARE14",,"-",
491,12/26/2015,"2015-16","2014-15","F",17,,,,2/24/2016,12/9/2015,12/9/2015,"SHARE14",,"-",
318,12/31/2015,"2015-16","2014-15","F",8,,,,2/29/2016,11/19/2015,11/19/2015,"SHARE14",,"-",
668,12/3/2015,"2015-16","2014-15","F",16,,,,2/1/2016,11/15/2015,11/15/2015,"SHARE14",,"-",
108,3/31/2016,"2015-16","2014-15","B",,100,5,,5/30/2016,3/15/2016,3/15/2016,"MERCHAN1",,,
243,3/30/2016,"2015-16","2014-15","B",,100,10,,5/29/2016,3/3/2016,3/3/2016,"MERCHAN1",,,
740,3/30/2016,"2015-16","2014-15","B",,100,15,,5/29/2016,3/14/2016,3/14/2016,"MERCHAN1",,,
302,2/13/2016,"2015-16","2014-15","F",100,,,,4/13/2016,12/21/2015,12/21/2015,"SHARE14",,"-",
122,4/18/2016,"2015-16","2014-15","B",,100,5,,6/17/2016,3/31/2016,3/31/2016,"MERCHAN1",,,
308,2/27/2016,"2015-16","2014-15","F",100,,,,4/27/2016,12/28/2015,12/28/2015,"SHARE14",,"-",
137,4/21/2016,"2015-16","2014-15","B",,100,10,,6/20/2016,3/10/2016,3/10/2016,"MERCHAN1",,,
133,5/11/2016,"2015-16","2014-15","B",,100,5,,7/10/2016,4/18/2016,4/18/2016,"MERCHAN1",,,
135,3/30/2016,"2015-16","2014-15","F",25,,,,5/29/2016,3/13/2016,3/13/2016,"SHARE14",,"-",
120,5/19/2016,"2015-16","2014-15","B",,100,15,,7/18/2016,4/20/2016,4/20/2016,"MERCHAN1",,,
746,5/26/2016,"2015-16","2014-15","B",,100,5,,7/25/2016,5/9/2016,5/9/2016,"MERCHAN1",,,
112,4/27/2016,"2015-16","2014-15","F",10,,,,6/26/2016,4/10/2016,4/10/2016,"SHARE14",,"-",
322,2/8/2016,"2015-16","2014-15","B",,100,3,,4/8/2016,12/7/2015,12/7/2015,"MERCHAN1",,,
321,12/15/2015,"2015-16","2014-15","F",10,,,,2/13/2016,11/18/2015,11/18/2015,"SHARE14",,"-",
669,12/20/2015,"2015-16","2014-15","F",5,,,,2/18/2016,11/22/2015,11/22/2015,"SHARE14",,"-",
223,1/27/2016,"2015-16","2014-15","F",9,,,,3/27/2016,11/25/2015,11/25/2015,"SHARE14",,"-",
742,3/30/2016,"2015-16","2014-15","B",,100,20,,5/29/2016,3/8/2016,3/8/2016,"MERCHAN1",,,
119,4/25/2016,"2015-16","2014-15","B",,100,20,,6/24/2016,4/5/2016,4/5/2016,"MERCHAN1",,,
112,4/27/2016,"2015-16","2014-15","B",,100,5,,6/26/2016,4/10/2016,4/10/2016,"MERCHAN1",,,
229,3/19/2016,"2015-16","2014-15","F",15,,,,5/18/2016,1/28/2016,1/28/2016,"SHARE14",,"-",
747,5/19/2016,"2015-16","2014-15","B",,100,8,,7/18/2016,4/13/2016,4/13/2016,"MERCHAN1",,,
761,6/4/2016,"2015-16","2014-15","B",,100,10,,8/3/2016,5/19/2016,5/19/2016,"MERCHAN1",,,
129,6/5/2016,"2015-16","2014-15","B",,100,10,,8/4/2016,5/19/2016,5/19/2016,"MERCHAN1",,,
109,4/24/2016,"2015-16","2014-15","F",20,,,,6/23/2016,4/7/2016,4/7/2016,"SHARE14",,"-",
621,5/10/2016,"2015-16","2014-15","F",50,,,,7/9/2016,4/19/2016,4/19/2016,"SHARE14",,"-",
436,12/26/2015,"2015-16","2014-15","F",10,,,,2/24/2016,11/19/2015,11/19/2015,"SHARE14",,"-",
498,12/22/2015,"2015-16","2014-15","F",5,,,,2/20/2016,12/17/2015,12/17/2015,"SHARE14",,"-",
564,12/13/2015,"2015-16","2014-15","F",10,,,,2/11/2016,11/18/2015,11/18/2015,"SHARE14",,"-",
307,1/9/2016,"2015-16","2014-15","F",15,,,,3/9/2016,11/23/2015,11/23/2015,"SHARE14",,"-",
306,1/2/2016,"2015-16","2014-15","F",10,,,,3/2/2016,11/12/2015,11/12/2015,"SHARE14",,"-",
232,3/8/2016,"2015-16","2014-15","R",,2,3,4,5/7/2016,3/8/2016,3/8/2016,"MERCHAN1",,,
146,3/31/2016,"2015-16","2014-15","B",,100,15,,5/30/2016,3/8/2016,3/8/2016,"MERCHAN1",,,
132,3/31/2016,"2015-16","2014-15","F",25,,,,5/30/2016,3/6/2016,3/6/2016,"SHARE14",,"-",
146,3/31/2016,"2015-16","2014-15","F",15,,,,5/30/2016,3/8/2016,3/8/2016,"SHARE14",,"-",
113,4/26/2016,"2015-16","2014-15","F",15,,,,6/25/2016,4/11/2016,4/11/2016,"SHARE14",,"-",
301,4/27/2016,"2015-16","2014-15","F",110,,,,6/26/2016,3/16/2016,3/16/2016,"SHARE14",,"-",
140,6/5/2016,"2015-16","2014-15","B",,100,10,,8/4/2016,5/8/2016,5/8/2016,"MERCHAN1",,,
744,6/9/2016,"2015-16","2014-15","B",,100,10,,8/8/2016,5/15/2016,5/15/2016,"MERCHAN1",,,
202,12/17/2015,"2015-16","2014-15","F",30,,,,2/15/2016,11/22/2015,11/22/2015,"SHARE14",,"-",
476,12/15/2015,"2015-16","2014-15","F",13,,,,2/13/2016,11/26/2015,11/26/2015,"SHARE14",,"-",
299,12/14/2015,"2015-16","2014-15","F",10,,,,2/12/2016,11/11/2015,11/11/2015,"SHARE14",,"-",
278,12/22/2015,"2015-16","2014-15","F",32,,,,2/20/2016,11/16/2015,11/16/2015,"SHARE14",,"-",
688,12/28/2015,"2015-16","2014-15","F",5,,,,2/26/2016,11/15/2015,11/15/2015,"SHARE14",,"-",
441,12/23/2015,"2015-16","2014-15","F",4,,,,2/21/2016,12/8/2015,12/8/2015,"SHARE14",,"-",
672,12/23/2015,"2015-16","2014-15","F",15,,,,2/21/2016,11/19/2015,11/19/2015,"SHARE14",,"-",
211,1/23/2016,"2015-16","2014-15","F",12,,,,3/23/2016,12/17/2015,12/17/2015,"SHARE14",,"-",
190,6/2/2014,"2013-14","2012-13","F",5.5,,,,8/1/2014,6/2/2014,6/2/2014,"SHARE14",,"-",
549,4/19/2016,"2015-16","2014-15","F",60,,,,6/18/2016,2/29/2016,2/29/2016,"SHARE14",,"-",
305,4/27/2016,"2015-16","2014-15","B",,100,6,,6/26/2016,4/5/2016,4/5/2016,"MERCHAN1",,,
130,4/28/2016,"2015-16","2014-15","B",,100,7,,6/27/2016,4/11/2016,4/11/2016,"MERCHAN1",,,
121,3/16/2016,"2015-16","2014-15","F",12.5,,,,5/15/2016,3/16/2016,3/16/2016,"SHARE14",,"-",
121,3/31/2016,"2015-16","2014-15","F",12.5,,,,5/30/2016,3/16/2016,3/16/2016,"SHARE14",,"-",
464,12/15/2015,"2015-16","2014-15","F",30,,,,2/13/2016,11/19/2015,11/19/2015,"SHARE14",,"-",
443,3/28/2016,"2015-16","2014-15","F",10,,,,5/27/2016,2/10/2016,2/10/2016,"SHARE14",,"-",
692,12/28/2015,"2015-16","2014-15","F",15,,,,2/26/2016,11/22/2015,11/22/2015,"SHARE14",,"-",
322,2/8/2016,"2015-16","2014-15","F",28,,,,4/8/2016,12/7/2015,12/7/2015,"SHARE14",,"-",
114,4/11/2016,"2015-16","2014-15","F",15,,,,6/10/2016,3/24/2016,3/24/2016,"SHARE14",,"-",
749,6/22/2016,"2015-16","2014-15","B",,100,10,,8/21/2016,5/15/2016,5/15/2016,"MERCHAN1",,,
762,6/28/2016,"2015-16","2014-15","B",,100,6,,8/27/2016,5/19/2016,5/19/2016,"MERCHAN1",,,
602,4/28/2016,"2015-16","2014-15","I",50,,,,6/27/2016,5/26/2016,5/26/2016,"SHARE14",,"-",
745,5/26/2016,"2015-16","2014-15","F",20,,,,7/25/2016,3/31/2016,3/31/2016,"SHARE14",,"-",
740,3/30/2016,"2015-16","2014-15","F",15,,,,5/29/2016,3/14/2016,3/14/2016,"SHARE14",,"-",
104,6/2/2016,"2015-16","2014-15","F",20,,,,8/1/2016,5/11/2016,5/11/2016,"SHARE14",,"-",
603,5/24/2016,"2015-16","2014-15","F",105,,,,7/23/2016,5/24/2016,5/24/2016,"SHARE14",,"-",
754,4/30/2016,"2015-16","2014-15","F",5,,,,6/29/2016,4/6/2016,4/6/2016,"SHARE14",,"-",
299,12/27/2017,"2017-18","2016-17","F",20,,,,2/25/2018,11/20/2017,11/20/2017,"SHARE14",,"-",
561,12/21/2017,"2017-18","2016-17","F",18,,,,2/19/2018,11/16/2017,11/16/2017,"SHARE14",,"-",
317,12/24/2017,"2017-18","2016-17","F",45,,,,2/22/2018,11/23/2017,11/23/2017,"SHARE14",,"-",
319,12/26/2017,"2017-18","2016-17","F",5,,,,2/24/2018,12/3/2017,12/3/2017,"SHARE14",,"-",
565,12/30/2017,"2017-18","2016-17","F",20,,,,2/28/2018,11/30/2017,11/30/2017,"SHARE14",,"-",
624,12/24/2017,"2017-18","2016-17","F",15,,,,2/22/2018,11/23/2017,11/23/2017,"SHARE14",,"-",
625,12/12/2017,"2017-18","2016-17","F",20,,,,2/10/2018,11/20/2017,11/20/2017,"SHARE14",,"-",
442,12/20/2017,"2017-18","2016-17","F",10,,,,2/18/2018,11/20/2017,11/20/2017,"SHARE14",,"-",
210,12/11/2017,"2017-18","2016-17","F",16,,,,2/9/2018,11/9/2017,11/9/2017,"SHARE14",,"-",
318,12/14/2017,"2017-18","2016-17","F",5,,,,2/12/2018,11/21/2017,11/21/2017,"SHARE14",,"-",
213,12/21/2017,"2017-18","2016-17","F",2,,,,2/19/2018,11/27/2017,11/27/2017,"SHARE14",,"-",
308,2/3/2018,"2017-18","2016-17","F",110,,,,4/4/2018,12/19/2017,12/19/2017,"SHARE14",,"-",
855,1/31/2018,"2017-18","2016-17","F",10,,,,4/1/2018,12/31/2017,12/31/2017,"SHARE14",,"-",
262,12/21/2017,"2017-18","2016-17","F",18,,,,2/19/2018,11/19/2017,11/19/2017,"SHARE14",,"-",
360,12/31/2017,"2017-18","2016-17","F",10,,,,3/1/2018,12/20/2017,12/20/2017,"SHARE14",,"-",
711,12/12/2017,"2017-18","2016-17","F",5,,,,2/10/2018,11/16/2017,11/16/2017,"SHARE14",,"-",
549,4/19/2018,"2017-18","2016-17","F",100,,,,6/18/2018,2/19/2018,2/19/2018,"SHARE14",,"-",
127,4/26/2018,"2017-18","2016-17","B",,100,25,,6/25/2018,4/11/2018,4/11/2018,"MERCHAN1",,,
120,5/10/2018,"2017-18","2016-17","B",,100,10,,7/9/2018,4/25/2018,4/25/2018,"MERCHAN1",,,
259,4/17/2018,"2017-18","2016-17","F",600,,,,6/16/2018,3/27/2018,3/27/2018,"SHARE14",,"-",
301,4/26/2018,"2017-18","2016-17","F",140,,,,6/25/2018,3/20/2018,3/20/2018,"SHARE14",,"-",
119,5/31/2018,"2017-18","2016-17","B",,100,12.5,,7/30/2018,5/10/2018,5/10/2018,"MERCHAN1",,,
121,5/31/2018,"2017-18","2016-17","B",,100,5,,7/30/2018,5/10/2018,5/10/2018,"MERCHAN1",,,
106,5/10/2018,"2017-18","2016-17","F",5,,,,7/9/2018,4/19/2018,4/19/2018,"SHARE14",,"-",
109,5/24/2018,"2017-18","2016-17","F",20,,,,7/23/2018,5/3/2018,5/3/2018,"SHARE14",,"-",
111,6/5/2018,"2017-18","2016-17","F",20,,,,8/4/2018,5/20/2018,5/20/2018,"SHARE14",,"-",
749,6/10/2018,"2017-18","2016-17","B",,100,10,,8/9/2018,4/26/2018,4/26/2018,"MERCHAN1",,,
145,6/24/2018,"2017-18","2016-17","B",,100,5,,8/23/2018,5/23/2018,5/23/2018,"MERCHAN1",,,
143,7/4/2018,"2018-19","2017-18","B",,100,5,,9/2/2018,5/24/2018,5/24/2018,"MERCHAN1",,,
130,6/28/2018,"2017-18","2016-17","B",,100,5,,8/27/2018,5/28/2018,5/28/2018,"MERCHAN1",,,
107,6/26/2018,"2017-18","2016-17","B",,100,24,,8/25/2018,5/24/2018,5/24/2018,"MERCHAN1",,,
718,7/29/2018,"2018-19","2017-18","F",13,,,,9/27/2018,6/6/2018,6/6/2018,"SHARE14",,"-",
300,6/25/2018,"2017-18","2016-17","F",10,,,,8/24/2018,5/17/2018,5/17/2018,"SHARE14",,"-",
734,6/24/2018,"2017-18","2016-17","F",15,,,,8/23/2018,5/29/2018,5/29/2018,"SHARE14",,"-",
674,10/31/2018,"2018-19","2017-18","F",5,,,,12/30/2018,10/1/2018,10/1/2018,"SHARE14",,"--",
727,8/27/2018,"2018-19","2017-18","F",40,,,,10/26/2018,7/24/2018,7/24/2018,"SHARE14",,"--",
760,10/17/2018,"2018-19","2017-18","F",8,,,,12/16/2018,9/26/2018,9/26/2018,"SHARE14",,"--",
199,8/19/2018,"2018-19","2017-18","F",14,,,,10/18/2018,8/18/2018,8/18/2018,"SHARE14",,"--",
569,11/12/2018,"2018-19","2017-18","F",5,,,,1/11/2019,9/13/2018,9/13/2018,"SHARE14",,"--",
621,11/14/2018,"2018-19","2017-18","F",55,,,,1/13/2019,10/14/2018,10/14/2018,"SHARE14",,"--",
550,11/10/2018,"2018-19","2017-18","F",12.5,,,,1/9/2019,10/18/2018,10/18/2018,"SHARE14",,"--",
231,12/3/2018,"2018-19","2017-18","F",10,,,,2/1/2019,10/21/2018,10/21/2018,"SHARE14",,"--",
144,9/26/2018,"2018-19","2017-18","F",20,,,,11/25/2018,8/20/2018,8/20/2018,"SHARE14",,"---",
317,11/22/2018,"2018-19","2017-18","F",45,,,,1/21/2019,11/4/2018,11/4/2018,"SHARE14",,"---",
296,12/12/2018,"2018-19","2017-18","F",35,,,,2/10/2019,11/15/2018,11/15/2018,"SHARE14",,"--",
701,12/6/2018,"2018-19","2017-18","F",35,,,,2/4/2019,10/31/2018,10/31/2018,"SHARE14",,"---",
603,12/12/2018,"2018-19","2017-18","I",240,,,,2/10/2019,12/11/2018,12/11/2018,"SHARE14",,"----",
306,1/12/2019,"2018-19","2017-18","F",10,,,,3/13/2019,11/22/2018,11/22/2018,"SHARE14",,"-------",
618,12/22/2018,"2018-19","2017-18","F",5,,,,2/20/2019,11/26/2018,11/26/2018,"SHARE14",,"------",
223,1/23/2019,"2018-19","2017-18","F",10,,,,3/24/2019,11/29/2018,11/29/2018,"SHARE14",,"------",
464,12/10/2018,"2018-19","2017-18","F",10,,,,2/8/2019,11/22/2018,11/22/2018,"SHARE14",,"-------",
133,5/3/2018,"2017-18","2016-17","F",11,,,,7/2/2018,4/15/2018,4/15/2018,"SHARE14",,"-",
131,6/25/2018,"2017-18","2016-17","F",10,,,,8/24/2018,5/21/2018,5/21/2018,"SHARE14",,"-",
724,6/30/2018,"2017-18","2016-17","F",10,,,,8/29/2018,5/23/2018,5/23/2018,"SHARE14",,"--",
763,6/25/2018,"2017-18","2016-17","F",12.5,,,,8/24/2018,5/24/2018,5/24/2018,"SHARE14",,"--",
160,9/14/2018,"2018-19","2017-18","F",2,,,,11/13/2018,9/13/2018,9/13/2018,"SHARE14",,"--",
171,9/14/2018,"2018-19","2017-18","F",2,,,,11/13/2018,9/13/2018,9/13/2018,"SHARE14",,"--",
699,10/30/2018,"2018-19","2017-18","F",90,,,,12/29/2018,9/6/2018,9/6/2018,"SHARE14",,"--",
201,12/6/2018,"2018-19","2017-18","B",,100,5,,2/4/2019,11/18/2018,11/18/2018,"MERCHAN1",,,
684,11/22/2018,"2018-19","2017-18","B",,100,10,,1/21/2019,10/25/2018,10/25/2018,"MERCHAN1",,,
455,12/12/2018,"2018-19","2017-18","B",,100,3.5,,2/10/2019,11/15/2018,11/15/2018,"MERCHAN1",,,
312,12/9/2018,"2018-19","2017-18","B",,100,10,,2/7/2019,11/22/2018,11/22/2018,"MERCHAN1",,,
214,11/29/2018,"2018-19","2017-18","B",,100,12,,1/28/2019,11/13/2018,11/13/2018,"MERCHAN1",,,
243,12/3/2018,"2018-19","2017-18","B",,100,10,,2/1/2019,10/21/2018,10/21/2018,"MERCHAN1",,,
231,12/3/2018,"2018-19","2017-18","B",,100,10,,2/1/2019,10/21/2018,10/21/2018,"MERCHAN1",,,
465,11/22/2018,"2018-19","2017-18","C",240.39,100,10,,1/21/2019,10/22/2018,10/22/2018,"MERCHAN1",,,
202,12/20/2018,"2018-19","2017-18","F",48,,,,2/18/2019,11/15/2018,11/15/2018,"SHARE14",,"---",
312,12/9/2018,"2018-19","2017-18","F",30,,,,2/7/2019,11/22/2018,11/22/2018,"SHARE14",,"---",
565,12/6/2018,"2018-19","2017-18","F",22,,,,2/4/2019,11/13/2018,11/13/2018,"SHARE14",,"---",
247,12/13/2018,"2018-19","2017-18","F",15,,,,2/11/2019,10/18/2018,10/18/2018,"SHARE14",,"-----",
245,12/6/2018,"2018-19","2017-18","F",5,,,,2/4/2019,11/18/2018,11/18/2018,"SHARE14",,"---",
270,12/20/2018,"2018-19","2017-18","F",2,,,,2/18/2019,11/22/2018,11/22/2018,"SHARE14",,"---",
556,12/17/2018,"2018-19","2017-18","F",7,,,,2/15/2019,11/19/2018,11/19/2018,"SHARE14",,"---",
696,12/19/2018,"2018-19","2017-18","F",15,,,,2/17/2019,11/25/2018,11/25/2018,"SHARE14",,"-----",
634,12/27/2018,"2018-19","2017-18","F",2,,,,2/25/2019,11/27/2018,11/27/2018,"SHARE14",,"-----",
710,12/20/2018,"2018-19","2017-18","F",2,,,,2/18/2019,11/15/2018,11/15/2018,"SHARE14",,"-----",
695,12/19/2018,"2018-19","2017-18","F",22,,,,2/17/2019,10/18/2018,10/18/2018,"SHARE14",,"-------",
225,12/22/2018,"2018-19","2017-18","F",23,,,,2/20/2019,11/15/2018,11/15/2018,"SHARE14",,"----",
659,12/19/2018,"2018-19","2017-18","F",10,,,,2/17/2019,11/18/2018,11/18/2018,"SHARE14",,"---",
281,12/27/2018,"2018-19","2017-18","F",10,,,,2/25/2019,12/4/2018,12/4/2018,"SHARE14",,"----",
671,12/13/2018,"2018-19","2017-18","F",17,,,,2/11/2019,11/29/2018,11/29/2018,"SHARE14",,"------",
278,12/27/2018,"2018-19","2017-18","F",32,,,,2/25/2019,12/13/2018,12/13/2018,"SHARE14",,"-------",
308,2/2/2019,"2018-19","2017-18","F",130,,,,4/3/2019,12/27/2018,12/27/2018,"SHARE14",,"-----",
322,1/27/2019,"2018-19","2017-18","F",25,,,,3/28/2019,12/3/2018,12/3/2018,"SHARE14",,"-----",
211,1/26/2019,"2018-19","2017-18","F",10,,,,3/27/2019,11/30/2017,11/30/2017,"SHARE14",,"------",
400,12/31/2018,"2018-19","2017-18","F",5,,,,3/1/2019,11/18/2018,11/18/2018,"SHARE14",,"-----",
437,12/24/2018,"2018-19","2017-18","F",25,,,,2/22/2019,11/18/2018,11/18/2018,"SHARE14",,"-----",
302,2/16/2019,"2018-19","2017-18","F",130,,,,4/17/2019,12/19/2018,12/19/2018,"SHARE14",,"-------",
644,2/3/2019,"2018-19","2017-18","F",10,,,,4/4/2019,12/5/2018,12/5/2018,"SHARE14",,"--------",
602,12/18/2018,"2018-19","2017-18","F",50,,,,2/16/2019,11/18/2018,11/18/2018,"SHARE14",,"-------",
298,3/8/2019,"2018-19","2017-18","F",6,,,,5/7/2019,3/7/2019,3/7/2019,"SHARE14",,"-----",
198,3/8/2019,"2018-19","2017-18","F",6,,,,5/7/2019,3/7/2019,3/7/2019,"SHARE14",,"-----",
146,3/31/2019,"2018-19","2017-18","B",,100,10,,5/30/2019,3/13/2019,3/13/2019,"20040024",,,
209,4/23/2019,"2018-19","2017-18","B",,100,30,,6/22/2019,3/24/2019,3/24/2019,"MERCHAN1",,,
132,3/31/2019,"2018-19","2017-18","F",10,,,,5/30/2019,3/4/2019,3/4/2019,"SHARE14",,"-------",
360,12/31/2018,"2018-19","2017-18","F",10,,,,3/1/2019,12/26/2018,12/26/2018,"SHARE14",,"--------",
654,4/9/2019,"2018-19","2017-18","F",10,,,,6/8/2019,3/3/2019,3/3/2019,"SHARE14",,"-------",
752,3/31/2019,"2018-19","2017-18","F",25,,,,5/30/2019,3/4/2019,3/4/2019,"SHARE14",,"-------",
109,6/12/2019,"2018-19","2017-18","B",,100,2,,8/11/2019,5/20/2019,5/20/2019,"MERCHAN1",,,
744,5/27/2019,"2018-19","2017-18","B",,100,10,,7/26/2019,5/6/2019,5/6/2019,"MERCHAN1",,,
130,6/20/2019,"2018-19","2017-18","B",,100,5,,8/19/2019,5/29/2019,5/29/2019,"MERCHAN1",,,
459,5/30/2019,"2018-19","2017-18","F",700,,,,7/29/2019,5/8/2019,5/8/2019,"SHARE14",,"---------",
191,6/10/2019,"2018-19","2017-18","F",8,,,,8/9/2019,6/9/2019,6/9/2019,"SHARE14",,"-------",
109,6/12/2019,"2018-19","2017-18","F",20,,,,8/11/2019,5/20/2019,5/20/2019,"SHARE14",,"---------",
103,7/4/2019,"2019-20","2018-19","B",,100,10,,9/2/2019,5/23/2019,5/23/2019,"MERCHAN1",,,
140,6/27/2019,"2018-19","2017-18","B",,100,5,,8/26/2019,5/16/2019,5/16/2019,"MERCHAN1",,,
112,6/22/2019,"2018-19","2017-18","F",15,,,,8/21/2019,5/19/2019,5/19/2019,"SHARE14",,"--------",
125,6/17/2019,"2018-19","2017-18","F",10,,,,8/16/2019,5/20/2019,5/20/2019,"SHARE14",,"------",
116,7/30/2019,"2019-20","2018-19","B",,100,5,,9/28/2019,5/30/2019,5/30/2019,"MERCHAN1",,,
733,7/11/2019,"2019-20","2018-19","B",,100,5,,9/9/2019,6/25/2019,6/25/2019,"MERCHAN1",,,
128,7/25/2019,"2019-20","2018-19","B",,100,10,,9/23/2019,5/30/2019,5/30/2019,"MERCHAN1",,,
721,6/15/2019,"2018-19","2017-18","F",15,,,,8/14/2019,5/16/2019,5/16/2019,"SHARE14",,"------------",
950,6/18/2019,"2018-19","2017-18","F",9.02,,,,8/17/2019,5/19/2019,5/19/2019,"MERCHAN1",,"-----------",
754,6/29/2019,"2018-19","2017-18","F",5,,,,8/28/2019,5/16/2019,5/16/2019,"SHARE14",,"---------",
133,4/28/2019,"2018-19","2017-18","F",7.05,,,,6/27/2019,4/8/2019,4/8/2019,"SHARE14",,"-----------",
749,6/30/2019,"2018-19","2017-18","F",5,,,,8/29/2019,5/21/2019,5/21/2019,"SHARE14",,"----------",
734,6/20/2019,"2018-19","2017-18","F",10,,,,8/19/2019,5/22/2019,5/22/2019,"SHARE14",,"-------------",
724,6/30/2019,"2018-19","2017-18","F",10,,,,8/29/2019,5/22/2019,5/22/2019,"SHARE14",,"---------",
149,7/25/2019,"2019-20","2018-19","B",,100,2.5,,9/23/2019,6/25/2019,6/25/2019,"MERCHAN1",,,
105,8/8/2019,"2019-20","2018-19","B",,100,10,,10/7/2019,6/16/2019,6/16/2019,"MERCHAN1",,,
484,7/17/2019,"2019-20","2018-19","F",250,,,,9/15/2019,6/25/2019,6/25/2019,"SHARE14",,"-------------",
726,8/3/2019,"2019-20","2018-19","B",,100,5,,10/2/2019,6/24/2019,6/24/2019,"MERCHAN1",,,
148,7/24/2019,"2019-20","2018-19","F",26,,,,9/22/2019,7/9/2019,7/9/2019,"SHARE14",,"--------------",
718,6/27/2019,"2018-19","2017-18","F",13,,,,8/26/2019,5/16/2019,5/16/2019,"SHARE14",,"-----------------",
761,7/27/2019,"2019-20","2018-19","F",10,,,,9/25/2019,5/27/2019,5/27/2019,"SHARE14",,"-------------------",
762,6/30/2019,"2018-19","2017-18","F",10,,,,8/29/2019,5/21/2019,5/21/2019,"SHARE14",,"------------",
763,6/27/2019,"2018-19","2017-18","F",15,,,,8/26/2019,5/26/2019,5/26/2019,"SHARE14",,"--------------",
549,8/5/2019,"2019-20","2018-19","I",90,,,,10/4/2019,8/4/2019,8/4/2019,"SHARE14",,"--------------",
719,6/30/2019,"2018-19","2017-18","F",20,,,,8/29/2019,5/30/2019,5/30/2019,"SHARE14",,"-----------------",
735,7/2/2019,"2019-20","2018-19","F",6,,,,8/31/2019,5/27/2219,5/27/2219,"SHARE14",,"-----------",
735,7/3/2019,"2019-20","2018-19","F",6,,,,9/1/2019,5/27/2019,5/27/2019,"SHARE14",,"-------",
136,7/30/2019,"2019-20","2018-19","F",20,,,,9/28/2019,5/27/2019,5/27/2019,"SHARE14",,"---------------------",
177,8/28/2019,"2019-20","2018-19","F",3,,,,10/27/2019,8/27/2019,8/27/2019,"SHARE14",,"------------",
160,8/28/2019,"2019-20","2018-19","F",3.5,,,,10/27/2019,8/27/2019,8/27/2019,"SHARE14",,"--------------",
485,7/24/2019,"2019-20","2018-19","F",50,,,,9/22/2019,5/30/2019,5/30/2019,"SHARE14",,"------------",
485,8/21/2019,"2019-20","2018-19","I",250,,,,10/20/2019,8/20/2019,8/20/2019,"SHARE14",,"-------------",
746,8/22/2019,"2019-20","2018-19","B",,100,5,,10/21/2019,7/23/2019,7/23/2019,"MERCHAN1",,,
737,9/12/2019,"2019-20","2018-19","B",,100,5,,11/11/2019,8/22/2019,8/22/2019,"MERCHAN1",,,
708,9/4/2019,"2019-20","2018-19","F",5,,,,11/3/2019,9/3/2019,9/3/2019,"SHARE14",,"-------------",
567,9/4/2019,"2019-20","2018-19","F",5,,,,11/3/2019,9/3/2019,9/3/2019,"SHARE14",,"-------------",
245,11/30/2017,"2017-18","2016-17","B",,100,10,,1/29/2018,11/5/2017,11/5/2017,"MERCHAN1",,,
497,12/14/2017,"2017-18","2016-17","B",,100,25,,2/12/2018,11/16/2017,11/16/2017,"MERCHAN1",,,
670,12/14/2017,"2017-18","2016-17","B",,100,20,,2/12/2018,11/16/2017,11/16/2017,"MERCHAN1",,,
318,12/14/2017,"2017-18","2016-17","B",,100,15,,2/12/2018,11/21/2017,11/21/2017,"MERCHAN1",,,
212,12/10/2017,"2017-18","2016-17","B",,100,3,,2/8/2018,11/16/2017,11/16/2017,"MERCHAN1",,,
556,12/14/2017,"2017-18","2016-17","B",,100,5,,2/12/2018,11/16/2017,11/16/2017,"MERCHAN1",,,
477,12/4/2017,"2017-18","2016-17","F",35,,,,2/2/2018,11/8/2017,11/8/2017,"SHARE14",,"-",
220,12/13/2017,"2017-18","2016-17","B",,100,5,,2/11/2018,11/16/2017,11/16/2017,"MERCHAN1",,,
557,12/28/2017,"2017-18","2016-17","B",,100,10,,2/26/2018,11/16/2017,11/16/2017,"MERCHAN1",,,
691,12/21/2017,"2017-18","2016-17","B",,100,10,,2/19/2018,11/19/2017,11/19/2017,"MERCHAN1",,,
768,12/28/2017,"2017-18","2016-17","B",,100,10,,2/26/2018,12/12/2017,12/12/2017,"MERCHAN1",,,
703,12/21/2017,"2017-18","2016-17","B",,100,5,,2/19/2018,11/16/2017,11/16/2017,"MERCHAN1",,,
449,12/4/2017,"2017-18","2016-17","F",20,,,,2/2/2018,11/8/2017,11/8/2017,"SHARE14",,"-",
603,12/7/2017,"2017-18","2016-17","I",230,,,,2/5/2018,12/7/2017,12/7/2017,"SHARE14",,"-",
701,12/4/2017,"2017-18","2016-17","F",35,,,,2/2/2018,10/31/2017,10/31/2017,"SHARE14",,"-",
640,12/20/2017,"2017-18","2016-17","B",,100,10,,2/18/2018,11/16/2017,11/16/2017,"MERCHAN1",,,
415,12/21/2017,"2017-18","2016-17","F",5,,,,2/19/2018,11/16/2017,11/16/2017,"SHARE14",,"-",
445,1/11/2018,"2017-18","2016-17","R",,1,1,,3/12/2018,1/11/2018,1/11/2018,"MERCHAN1",,,
618,12/23/2017,"2017-18","2016-17","F",5,,,,2/21/2018,11/15/2017,11/15/2017,"SHARE14",,"-",
450,1/22/2018,"2017-18","2016-17","B",,100,5,,3/23/2018,11/19/2017,11/19/2017,"MERCHAN1",,,
699,1/27/2018,"2017-18","2016-17","B",,100,10,,3/28/2018,1/8/2018,1/8/2018,"MERCHAN1",,,
602,12/11/2017,"2017-18","2016-17","F",45,,,,2/9/2018,11/16/2017,11/16/2017,"SHARE14",,"-",
462,12/28/2017,"2017-18","2016-17","F",35,,,,2/26/2018,12/4/2017,12/4/2017,"SHARE14",,"-",
311,12/11/2017,"2017-18","2016-17","F",15,,,,2/9/2018,11/13/2017,11/13/2017,"SHARE14",,"-",
644,1/22/2018,"2017-18","2016-17","F",10,,,,3/23/2018,11/27/2017,11/27/2017,"SHARE09",,"-",
699,1/27/2018,"2017-18","2016-17","F",90,,,,3/28/2018,1/8/2018,1/8/2018,"SHARE09",,"-",
436,12/30/2017,"2017-18","2016-17","F",10,,,,2/28/2018,11/22/2017,11/22/2017,"SHARE09",,"-",
400,12/28/2017,"2017-18","2016-17","F",10,,,,2/26/2018,11/20/2017,11/20/2017,"SHARE09",,"-",
853,1/31/2018,"2017-18","2016-17","F",10,,,,4/1/2018,12/31/2017,12/31/2017,"SHARE14",,"-",
858,1/31/2018,"2017-18","2016-17","F",11,,,,4/1/2018,12/31/2017,12/31/2017,"SHARE14",,"-",
854,12/31/2017,"2017-18","2016-17","F",10,,,,3/1/2018,1/31/2018,1/31/2018,"SHARE14",,"-",
854,1/31/2018,"2017-18","2016-17","F",10,,,,4/1/2018,12/31/2017,12/31/2017,"SHARE14",,"-",
764,3/14/2018,"2017-18","2016-17","B",,100,23.5,,5/13/2018,2/25/2018,2/25/2018,"MERCHAN1",,,
483,12/30/2017,"2017-18","2016-17","F",30,,,,2/28/2018,10/31/2017,10/31/2017,"SHARE14",,"-",
690,12/30/2017,"2017-18","2016-17","F",3,,,,2/28/2018,12/5/2017,12/5/2017,"SHARE14",,"-",
475,12/20/2017,"2017-18","2016-17","F",30,,,,2/18/2018,11/16/2017,11/16/2017,"SHARE14",,"-",
740,3/29/2018,"2017-18","2016-17","B",,100,7.5,,5/28/2018,3/8/2018,3/8/2018,"MERCHAN1",,,
464,12/14/2017,"2017-18","2016-17","F",15,,,,2/12/2018,11/23/2017,11/23/2017,"SHARE14",,"-",
303,1/27/2018,"2017-18","2016-17","F",100,,,,3/28/2018,12/4/2017,12/4/2017,"SHARE14",,"-",
135,3/29/2018,"2017-18","2016-17","F",30,,,,5/28/2018,3/8/2018,3/8/2018,"SHARE14",,"-",
137,4/26/2018,"2017-18","2016-17","B",,100,5,,6/25/2018,3/18/2018,3/18/2018,"MERCHAN1",,,
740,3/29/2018,"2017-18","2016-17","F",7.5,,,,5/28/2018,3/8/2018,3/8/2018,"SHARE14",,"-",
754,5/13/2018,"2017-18","2016-17","B",,100,6,,7/12/2018,4/23/2018,4/23/2018,"MERCHAN1",,,
123,4/30/2018,"2017-18","2016-17","F",17,,,,6/29/2018,4/15/2018,4/15/2018,"SHARE14",,"-",
744,6/7/2018,"2017-18","2016-17","B",,100,10,,8/6/2018,5/17/2018,5/17/2018,"MERCHAN1",,,
126,6/24/2018,"2017-18","2016-17","B",,100,22,,8/23/2018,5/22/2018,5/22/2018,"MERCHAN1",,,
751,6/27/2018,"2017-18","2016-17","B",,100,5,,8/26/2018,5/20/2018,5/20/2018,"MERCHAN1",,,
750,6/20/2018,"2017-18","2016-17","B",,100,10,,8/19/2018,4/19/2018,4/19/2018,"MERCHAN1",,,
121,5/31/2018,"2017-18","2016-17","F",15,,,,7/30/2018,5/10/2018,5/10/2018,"SHARE14",,"-",
755,6/26/2018,"2017-18","2016-17","B",,100,10,,8/25/2018,5/23/2018,5/23/2018,"MERCHAN1",,,
142,6/27/2018,"2017-18","2016-17","B",,100,5,,8/26/2018,5/20/2018,5/20/2018,"MERCHAN1",,,
149,6/28/2018,"2017-18","2016-17","B",,100,10,,8/27/2018,5/10/2018,5/10/2018,"MERCHAN1",,,
719,5/24/2018,"2017-18","2016-17","F",30,,,,7/23/2018,4/26/2018,4/26/2018,"SHARE14",,"-",
718,7/29/2018,"2018-19","2017-18","B",,100,5,,9/27/2018,6/6/2018,6/6/2018,"MERCHAN1",,,
751,6/27/2018,"2017-18","2016-17","F",5,,,,8/26/2018,5/20/2018,5/20/2018,"SHARE14",,"-",
131,6/23/2018,"2017-18","2016-17","F",20,,,,8/22/2018,5/22/2018,5/22/2018,"SHARE14",,"-",
188,9/13/2018,"2018-19","2017-18","F",11,,,,11/12/2018,9/12/2018,9/12/2018,"SHARE14",,"--",
168,9/3/2018,"2018-19","2017-18","F",12,,,,11/2/2018,8/30/2018,8/30/2018,"SHARE14",,"--",
186,9/11/2018,"2018-19","2017-18","F",9,,,,11/10/2018,9/10/2018,9/10/2018,"SHARE14",,"--",
178,9/11/2018,"2018-19","2017-18","F",5,,,,11/10/2018,9/10/2018,9/10/2018,"SHARE14",,"--",
175,9/11/2018,"2018-19","2017-18","F",7,,,,11/10/2018,9/10/2018,9/10/2018,"SHARE14",,"--",
712,9/11/2018,"2018-19","2017-18","F",5.5,,,,11/10/2018,9/10/2018,9/10/2018,"SHARE14",,"--",
173,9/11/2018,"2018-19","2017-18","F",5.5,,,,11/10/2018,9/10/2018,9/10/2018,"SHARE14",,"--",
172,9/11/2018,"2018-19","2017-18","F",6,,,,11/10/2018,9/10/2018,9/10/2018,"SHARE14",,"--",
182,9/11/2018,"2018-19","2017-18","F",7,,,,11/10/2018,9/10/2018,9/10/2018,"SHARE14",,"--",
179,9/11/2018,"2018-19","2017-18","F",5,,,,11/10/2018,9/10/2018,9/10/2018,"SHARE14",,"--",
176,9/4/2018,"2018-19","2017-18","F",9,,,,11/3/2018,9/3/2018,9/3/2018,"SHARE14",,"--",
185,9/4/2018,"2018-19","2017-18","F",9,,,,11/3/2018,9/3/2018,9/3/2018,"SHARE14",,"--",
690,10/23/2018,"2018-19","2017-18","B",,100,20,,12/22/2018,10/2/2018,10/2/2018,"MERCHAN1",,,
625,10/31/2018,"2018-19","2017-18","B",,100,10,,12/30/2018,10/4/2018,10/4/2018,"MERCHAN1",,,
212,11/29/2018,"2018-19","2017-18","B",,100,12,,1/28/2019,10/18/2018,10/18/2018,"MERCHAN1",,,
457,12/15/2018,"2018-19","2017-18","B",,100,15,,2/13/2019,11/15/2018,11/15/2018,"MERCHAN1",,,
151,12/8/2018,"2018-19","2017-18","B",,100,5,,2/6/2019,11/14/2018,11/14/2018,"MERCHAN1",,,
298,12/19/2018,"2018-19","2017-18","B",,100,10,,2/17/2019,11/19/2018,11/19/2018,"MERCHAN1",,,
707,12/6/2018,"2018-19","2017-18","B",,100,14,,2/4/2019,11/15/2018,11/15/2018,"MERCHAN1",,,
151,12/8/2018,"2018-19","2017-18","C",110.65,100,5,,2/6/2019,11/14/2018,11/14/2018,"MERCHAN1",,,
209,12/19/2018,"2018-19","2017-18","F",12,,,,2/17/2019,11/12/2018,11/12/2018,"SHARE14",,"--",
709,12/19/2018,"2018-19","2017-18","F",12,,,,2/17/2019,11/12/2018,11/12/2018,"SHARE14",,"---",
771,12/6/2018,"2018-19","2017-18","F",2,,,,2/4/2019,11/11/2018,11/11/2018,"SHARE14",,"---",
776,12/6/2018,"2018-19","2017-18","F",6,,,,2/4/2019,11/15/2018,11/15/2018,"SHARE14",,"--",
654,4/9/2019,"2018-19","2017-18","B",,100,10,,6/8/2019,3/3/2019,3/3/2019,"MERCHAN1",,,
111,5/23/2019,"2018-19","2017-18","B",,100,10,,7/22/2019,5/6/2019,5/6/2019,"MERCHAN1",,,
129,5/12/2019,"2018-19","2017-18","B",,100,15.5,,7/11/2019,4/23/2019,4/23/2019,"MERCHAN1",,,
652,5/16/2019,"2018-19","2017-18","F",10,,,,7/15/2019,3/24/2019,3/24/2019,"SHARE14",,"---------",
764,5/5/2019,"2018-19","2017-18","F",18,,,,7/4/2019,4/15/2019,4/15/2019,"SHARE14",,"-------",
106,5/19/2019,"2018-19","2017-18","F",10,,,,7/18/2019,5/2/2019,5/2/2019,"SHARE14",,"---------",
115,5/20/2019,"2018-19","2017-18","F",5,,,,7/19/2019,5/5/2019,5/5/2019,"SHARE14",,"-------",
218,5/22/2019,"2018-19","2017-18","F",75,,,,7/21/2019,5/6/2019,5/6/2019,"SHARE14",,"---------",
190,6/10/2019,"2018-19","2017-18","F",8,,,,8/9/2019,6/9/2019,6/9/2019,"SHARE14",,"----------",
119,6/30/2019,"2018-19","2017-18","B",,100,11,,8/29/2019,6/3/2019,6/3/2019,"MERCHAN1",,,
107,6/17/2019,"2018-19","2017-18","B",,100,10,,8/16/2019,5/23/2019,5/23/2019,"MERCHAN1",,,
120,6/20/2019,"2018-19","2017-18","B",,100,10,,8/19/2019,5/30/2019,5/30/2019,"MERCHAN1",,,
747,6/24/2019,"2018-19","2017-18","B",,100,10,,8/23/2019,5/22/2019,5/22/2019,"MERCHAN1",,,
725,6/16/2019,"2018-19","2017-18","B",,100,5,,8/15/2019,5/15/2019,5/15/2019,"MERCHAN1",,,
193,9/14/2018,"2018-19","2017-18","F",2,,,,11/13/2018,9/13/2018,9/13/2018,"SHARE14",,"---",
738,9/27/2018,"2018-19","2017-18","B",,100,10,,11/26/2018,8/27/2018,8/27/2018,"MERCHAN1",,,
465,11/22/2018,"2018-19","2017-18","B",,100,10,,1/21/2019,10/22/2018,10/22/2018,"MERCHAN1",,,
317,11/22/2018,"2018-19","2017-18","B",,100,5,,1/21/2019,11/4/2018,11/4/2018,"MERCHAN1",,,
569,11/12/2018,"2018-19","2017-18","B",,100,20,,1/11/2019,9/13/2018,9/13/2018,"MERCHAN1",,,
566,12/6/2018,"2018-19","2017-18","B",,100,10,,2/4/2019,11/15/2018,11/15/2018,"MERCHAN1",,,
668,12/8/2018,"2018-19","2017-18","B",,100,5,,2/6/2019,11/11/2018,11/11/2018,"MERCHAN1",,,
297,12/8/2018,"2018-19","2017-18","B",,100,5,,2/6/2019,11/19/2018,11/19/2018,"MERCHAN1",,,
245,12/6/2018,"2018-19","2017-18","B",,100,15,,2/4/2019,11/18/2018,11/18/2018,"MERCHAN1",,,
257,12/5/2018,"2018-19","2017-18","B",,100,15,,2/3/2019,11/25/2018,11/25/2018,"MERCHAN1",,,
261,12/13/2018,"2018-19","2017-18","B",,100,15,,2/11/2019,11/20/2018,11/20/2018,"MERCHAN1",,,
777,12/29/2018,"2018-19","2017-18","B",,100,20,,2/27/2019,11/22/2018,11/22/2018,"MERCHAN1",,,
700,12/6/2018,"2018-19","2017-18","B",,100,10,,2/4/2019,11/11/2018,11/11/2018,"MERCHAN1",,,
447,12/5/2018,"2018-19","2017-18","B",,100,3,,2/3/2019,11/18/2018,11/18/2018,"MERCHAN1",,,
776,12/6/2018,"2018-19","2017-18","B",,100,10,,2/4/2019,11/15/2018,11/15/2018,"MERCHAN1",,,
468,12/20/2018,"2018-19","2017-18","B",,100,30,,2/18/2019,11/20/2018,11/20/2018,"MERCHAN1",,,
553,12/10/2018,"2018-19","2017-18","F",12,,,,2/8/2019,11/25/2018,11/25/2018,"SHARE14",,,
243,12/3/2018,"2018-19","2017-18","F",10,,,,2/1/2019,10/21/2018,10/21/2018,"SHARE14",,"--",
213,12/22/2018,"2018-19","2017-18","B",,100,10,,2/20/2019,11/26/2018,11/26/2018,"MERCHAN1",,,
418,12/18/2018,"2018-19","2017-18","B",,100,10,,2/16/2019,11/18/2018,11/18/2018,"MERCHAN1",,,
474,12/20/2018,"2018-19","2017-18","B",,100,22,,2/18/2019,11/15/2018,11/15/2018,"MERCHAN1",,,
299,12/19/2018,"2018-19","2017-18","B",,100,10,,2/17/2019,11/25/2018,11/25/2018,"MERCHAN1",,,
646,11/17/2018,"2018-19","2017-18","B",,100,15,,1/16/2019,10/17/2018,10/17/2018,"MERCHAN1",,,
448,12/17/2018,"2018-19","2017-18","B",,100,2,,2/15/2019,11/25/2018,11/25/2018,"MERCHAN1",,,
768,12/24/2018,"2018-19","2017-18","B",,100,10,,2/22/2019,11/20/2018,11/20/2018,"MERCHAN1",,,
710,12/20/2018,"2018-19","2017-18","B",,100,11,,2/18/2019,11/15/2018,11/15/2018,"MERCHAN1",,,
415,12/18/2018,"2018-19","2017-18","B",,100,10,,2/16/2019,11/18/2018,11/18/2018,"MERCHAN1",,,
770,12/27/2018,"2018-19","2017-18","B",,100,10,,2/25/2019,11/28/2018,11/28/2018,"MERCHAN1",,,
560,12/26/2018,"2018-19","2017-18","B",,100,5,,2/24/2019,11/18/2018,11/18/2018,"MERCHAN1",,,
693,12/27/2018,"2018-19","2017-18","B",,100,5,,2/25/2019,11/18/2018,11/18/2018,"MERCHAN1",,,
687,12/27/2018,"2018-19","2017-18","B",,100,8,,2/25/2019,11/15/2018,11/15/2018,"MERCHAN1",,,
401,12/26/2018,"2018-19","2017-18","B",,100,10,,2/24/2019,11/29/2018,11/29/2018,"MERCHAN1",,,
665,12/29/2018,"2018-19","2017-18","B",,100,5,,2/27/2019,11/25/2018,11/25/2018,"MERCHAN1",,,
640,12/20/2018,"2018-19","2017-18","B",,100,10,,2/18/2019,11/25/2018,11/25/2018,"MERCHAN1",,,
618,12/14/2018,"2018-19","2017-18","B",,100,10,,2/12/2019,11/22/2018,11/22/2018,"MERCHAN1",,,
295,12/28/2018,"2018-19","2017-18","B",,100,3,,2/26/2019,11/18/2018,11/18/2018,"MERCHAN1",,,
780,12/19/2018,"2018-19","2017-18","B",,100,10,,2/17/2019,11/15/2018,11/15/2018,"MERCHAN1",,,
610,12/14/2018,"2018-19","2017-18","B",,100,10,,2/12/2019,11/22/2018,11/22/2018,"MERCHAN1",,,
455,12/12/2018,"2018-19","2017-18","F",115,,,,2/10/2019,11/15/2018,11/15/2018,"SHARE14",,"---",
728,11/29/2018,"2018-19","2017-18","F",25,,,,1/28/2019,11/12/2018,11/12/2018,"SHARE14",,"---",
234,12/27/2018,"2018-19","2017-18","B",,100,3,,2/25/2019,11/25/2018,11/25/2018,"20040024",,,
443,1/23/2019,"2018-19","2017-18","F",10,,,,3/24/2019,11/28/2018,11/28/2018,"SHARE14",,"-----",
561,12/24/2018,"2018-19","2017-18","F",12,,,,2/22/2019,11/22/2018,11/22/2018,"SHARE14",,"--------",
451,12/27/2018,"2018-19","2017-18","F",30,,,,2/25/2019,12/4/2018,12/4/2018,"SHARE14",,"------",
262,12/22/2018,"2018-19","2017-18","F",22,,,,2/20/2019,11/12/2018,11/12/2018,"SHARE14",,"-----",
135,3/28/2019,"2018-19","2017-18","F",35,,,,5/27/2019,3/12/2019,3/12/2019,"SHARE14",,"-------",
146,3/31/2019,"2018-19","2017-18","F",15,,,,5/30/2019,3/13/2019,3/13/2019,"SHARE14",,"--------",
485,4/23/2019,"2018-19","2017-18","I",200,,,,6/22/2019,4/22/2019,4/22/2019,"SHARE14",,"-------",
720,3/31/2019,"2018-19","2017-18","F",10,,,,5/30/2019,3/7/2019,3/7/2019,"SHARE14",,"--------",
742,3/31/2019,"2018-19","2017-18","F",7,,,,5/30/2019,3/4/2019,3/4/2019,"SHARE14",,"-------",
736,5/5/2019,"2018-19","2017-18","B",,100,4.5,,7/4/2019,4/11/2019,4/11/2019,"MERCHAN1",,,
127,4/30/2019,"2018-19","2017-18","B",,100,15,,6/29/2019,4/11/2019,4/11/2019,"MERCHAN1",,,
756,5/2/2019,"2018-19","2017-18","B",,100,10,,7/1/2019,4/9/2019,4/9/2019,"MERCHAN1",,,
753,5/20/2019,"2018-19","2017-18","B",,100,10,,7/19/2019,4/24/2019,4/24/2019,"MERCHAN1",,,
115,5/20/2019,"2018-19","2017-18","B",,100,5,,7/19/2019,5/5/2019,5/5/2019,"MERCHAN1",,,
735,7/2/2019,"2019-20","2018-19","B",,100,6,,8/31/2019,5/17/2019,5/27/2019,"MERCHAN1",,,
750,6/27/2019,"2018-19","2017-18","B",,100,5,,8/26/2019,6/12/2019,6/12/2019,"MERCHAN1",,,
142,6/26/2019,"2018-19","2017-18","B",,100,5,,8/25/2019,5/20/2019,5/20/2019,"MERCHAN1",,,
745,6/20/2019,"2018-19","2017-18","B",,100,15,,8/19/2019,5/23/2019,5/23/2019,"MERCHAN1",,,
754,6/29/2019,"2018-19","2017-18","B",,100,6,,8/28/2019,5/16/2019,5/16/2019,"MERCHAN1",,,
742,5/30/2019,"2018-19","2017-18","R",,2,1,2,7/29/2019,6/25/2019,6/25/2019,"MERCHAN1",,,
757,6/27/2019,"2018-19","2017-18","B",,100,10,,8/26/2019,5/23/2019,5/23/2019,"MERCHAN1",,,
117,7/27/2019,"2019-20","2018-19","B",,100,10,,9/25/2019,5/22/2019,5/22/2019,"MERCHAN1",,,
718,6/27/2019,"2018-19","2017-18","B",,100,7,,8/26/2019,5/16/2019,5/16/2019,"MERCHAN1",,,
116,7/30/2018,"2018-19","2017-18","F",13,,,,9/28/2018,5/30/2018,5/30/2018,"SHARE14",,"-------------",
603,6/21/2018,"2017-18","2016-17","F",105,,,,8/20/2018,5/23/2018,5/23/2018,"SHARE14",,"------------",
126,6/16/2019,"2018-19","2017-18","F",20,,,,8/15/2019,5/15/2019,5/15/2019,"SHARE14",,"------------",
102,6/26/2019,"2018-19","2017-18","F",6,,,,8/25/2019,5/12/2019,5/12/2019,"SHARE14",,"--------",
139,6/19/2019,"2018-19","2017-18","F",12,,,,8/18/2019,5/20/2019,5/20/2019,"SHARE14",,"-------------",
300,6/26/2019,"2018-19","2017-18","F",12,,,,8/25/2019,5/16/2019,5/16/2019,"SHARE14",,"----------",
142,6/26/2019,"2018-19","2017-18","F",6,,,,8/25/2019,5/20/2019,5/20/2019,"SHARE14",,"--------",
104,6/18/2019,"2018-19","2017-18","F",10,,,,8/17/2019,5/19/2019,5/19/2019,"SHARE14",,"-----------",
739,6/23/2019,"2018-19","2017-18","F",10,,,,8/22/2019,5/19/2019,5/19/2019,"SHARE14",,"-------------",
603,6/27/2019,"2018-19","2017-18","F",105,,,,8/26/2019,5/20/2019,5/20/2019,"SHARE14",,"--------",
759,6/12/2019,"2018-19","2017-18","F",10,,,,8/11/2019,5/23/2019,5/23/2019,"SHARE14",,"-----------",
121,8/1/2019,"2019-20","2018-19","B",,100,10,,9/30/2019,6/16/2019,6/16/2019,"MERCHAN1",,,
138,7/30/2019,"2019-20","2018-19","B",,100,5,,9/28/2019,5/26/2019,5/26/2019,"MERCHAN1",,,
738,8/25/2019,"2019-20","2018-19","B",,100,15,,10/24/2019,7/17/2019,7/17/2019,"MERCHAN1",,,
140,6/27/2019,"2018-19","2017-18","F",7,,,,8/26/2019,5/16/2019,5/16/2019,"SHARE14",,"----------------",
193,8/28/2019,"2019-20","2018-19","F",3,,,,10/27/2019,8/27/2019,8/27/2019,"SHARE14",,"----------------",
195,8/28/2019,"2019-20","2018-19","F",3,,,,10/27/2019,8/27/2019,8/27/2019,"SHARE14",,"-------------------",
197,8/28/2019,"2019-20","2018-19","F",3,,,,10/27/2019,8/27/2019,8/27/2019,"SHARE14",,"-------------",
698,8/27/2019,"2019-20","2018-19","F",7.5,,,,10/26/2019,8/26/2019,8/26/2019,"SHARE14",,"------------",
176,8/29/2019,"2019-20","2018-19","F",8,,,,10/28/2019,8/28/2019,8/28/2019,"SHARE14",,"-----------",
185,8/29/2019,"2019-20","2018-19","F",8,,,,10/28/2019,8/28/2019,8/28/2019,"SHARE14",,"---------------",
174,8/28/2019,"2019-20","2018-19","F",3.5,,,,10/27/2019,8/27/2019,8/27/2019,"SHARE14",,"-----------",
183,8/28/2019,"2019-20","2018-19","F",3,,,,10/27/2019,8/27/2019,8/27/2019,"SHARE14",,"--------------",
184,8/28/2019,"2019-20","2018-19","F",3,,,,10/27/2019,8/27/2019,8/27/2019,"SHARE14",,"-------------",
187,8/28/2019,"2019-20","2018-19","F",3,,,,10/27/2019,8/27/2019,8/27/2019,"SHARE14",,"-------------",
171,8/28/2019,"2019-20","2018-19","F",3,,,,10/27/2019,8/27/2019,8/27/2019,"SHARE14",,"-----------",
727,7/15/2019,"2019-20","2018-19","F",40,,,,9/13/2019,6/12/2019,6/12/2019,"SHARE14",,"---------",
712,9/4/2019,"2019-20","2018-19","F",5,,,,11/3/2019,9/3/2019,9/3/2019,"SHARE14",,"---------",
172,9/4/2019,"2019-20","2018-19","F",6,,,,11/3/2019,9/3/2019,9/3/2019,"SHARE14",,"------------",
173,9/4/2019,"2019-20","2018-19","I",4.5,,,,11/3/2019,9/3/2019,9/3/2019,"SHARE14",,"----",
173,9/4/2019,"2019-20","2018-19","F",4.5,,,,11/3/2019,9/3/2019,9/3/2019,"SHARE14",,"----------",
175,9/4/2019,"2019-20","2018-19","F",6,,,,11/3/2019,9/3/2019,9/3/2019,"SHARE14",,"-------------",
178,9/4/2019,"2019-20","2018-19","F",5,,,,11/3/2019,9/3/2019,9/3/2019,"SHARE14",,"----------",
179,9/4/2019,"2019-20","2018-19","F",4,,,,11/3/2019,9/3/2019,9/3/2019,"SHARE14",,"------------",
188,9/4/2019,"2019-20","2018-19","F",10,,,,11/3/2019,9/3/2019,9/3/2019,"SHARE14",,"----------",
168,9/4/2019,"2019-20","2018-19","F",9,,,,11/3/2019,9/3/2019,9/3/2019,"SHARE14",,"-------",
186,9/4/2019,"2019-20","2018-19","F",6,,,,11/3/2019,9/3/2019,9/3/2019,"SHARE14",,"---------",
182,9/4/2019,"2019-20","2018-19","F",6,,,,11/3/2019,9/3/2019,9/3/2019,"SHARE14",,"----------",
144,9/25/2019,"2019-20","2018-19","F",30,,,,11/24/2019,8/22/2019,8/22/2019,"SHARE14",,"----------",
730,9/26/2019,"2019-20","2018-19","F",20,,,,11/25/2019,9/1/2019,9/1/2019,"SHARE14",,"-------------",
365,10/28/2019,"2019-20","2018-19","B",,100,5,,12/27/2019,10/13/2019,10/13/2019,"MERCHAN1",,,
702,10/28/2019,"2019-20","2018-19","B",,100,10,,12/27/2019,10/13/2019,10/13/2019,"MERCHAN1",,,
244,11/7/2019,"2019-20","2018-19","B",,100,5,,1/6/2020,10/10/2019,10/10/2019,"MERCHAN1",,,
760,9/26/2019,"2019-20","2018-19","F",12,,,,11/25/2019,8/29/2019,8/29/2019,"SHARE14",,"---------------",
743,9/26/2019,"2019-20","2018-19","F",12,,,,11/25/2019,7/21/2019,7/21/2019,"SHARE14",,"-------------------",
728,9/29/2019,"2019-20","2018-19","F",20,,,,11/28/2019,9/5/2019,9/5/2019,"SHARE14",,"--------------",
699,11/5/2019,"2019-20","2018-19","B",,100,10,,1/4/2020,9/8/2019,9/8/2019,"INVEST",,,
601,10/21/2019,"2019-20","2018-19","F",35,,,,12/20/2019,9/25/2019,9/25/2019,"SHARE14",,"--------",
298,11/7/2019,"2019-20","2018-19","R",,4,3,0,1/6/2020,10/30/2019,10/30/2019,"INVEST",,,
566,12/5/2019,"2019-20","2018-19","B",,100,7,,2/3/2020,11/12/2019,11/12/2019,"MERCHAN1",,,
778,11/25/2019,"2019-20","2018-19","B",,100,5,,1/24/2020,11/6/2019,11/6/2019,"MERCHAN1",,,
477,12/12/2019,"2019-20","2018-19","B",,100,7,,2/10/2020,11/19/2019,11/19/2019,"MERCHAN1",,,
247,12/12/2019,"2019-20","2018-19","B",,100,13,,2/10/2020,10/13/2019,10/13/2019,"MERCHAN1",,,
684,12/12/2019,"2019-20","2018-19","B",,100,5,,2/10/2020,11/14/2019,11/14/2019,"MERCHAN1",,,
699,11/5/2019,"2019-20","2018-19","F",130,,,,1/4/2020,9/8/2019,9/8/2019,"SHARE14",,"-----------",
621,11/12/2019,"2019-20","2018-19","F",55,,,,1/11/2020,10/13/2019,10/13/2019,"SHARE14",,"-----------",
214,12/12/2019,"2019-20","2018-19","B",,100,7,,2/10/2020,11/19/2019,11/19/2019,"MERCHAN1",,,
464,12/15/2019,"2019-20","2018-19","B",,100,20,,2/13/2020,11/17/2019,11/17/2019,"MERCHAN1",,,
207,12/5/2019,"2019-20","2018-19","B",,100,20,,2/3/2020,11/14/2019,11/14/2019,"MERCHAN1",,,
690,11/23/2019,"2019-20","2018-19","B",,100,15,,1/22/2020,11/3/2019,11/3/2019,"MERCHAN1",,,
455,12/23/2019,"2019-20","2018-19","B",,100,15,,2/21/2020,12/3/2019,12/3/2019,"MERCHAN1",,,
261,12/19/2019,"2019-20","2018-19","B",,100,10,,2/17/2020,11/20/2019,11/20/2019,"MERCHAN1",,,
779,12/12/2019,"2019-20","2018-19","B",,100,9,,2/10/2020,11/21/2019,11/21/2019,"MERCHAN1",,,
457,12/21/2019,"2019-20","2018-19","B",,100,10,,2/19/2020,11/20/2019,11/20/2019,"MERCHAN1",,,
789,12/17/2019,"2019-20","2018-19","B",,100,5,,2/15/2020,10/15/2019,10/15/2019,"MERCHAN1",,,
151,12/21/2019,"2019-20","2018-19","B",,100,10,,2/19/2020,11/18/2019,11/18/2019,"MERCHAN1",,,
297,12/7/2019,"2019-20","2018-19","B",,100,5,,2/5/2020,11/21/2019,11/21/2019,"MERCHAN1",,,
151,12/23/2017,"2017-18","2016-17","B",,100,5,,2/21/2018,11/26/2017,11/26/2017,"MERCHAN1",,,
194,12/3/2017,"2017-18","2016-17","F",7.8,,,,2/1/2018,12/3/2017,12/3/2017,"SHARE14",,"-",
459,12/20/2017,"2017-18","2016-17","I",275,,,,2/18/2018,12/20/2017,12/20/2017,"SHARE14",,"-",
457,12/9/2017,"2017-18","2016-17","F",90,,,,2/7/2018,11/9/2017,11/9/2017,"SHARE14",,"-",
668,12/9/2017,"2017-18","2016-17","F",5,,,,2/7/2018,11/15/2017,11/15/2017,"SHARE14",,"-",
225,12/14/2017,"2017-18","2016-17","F",23,,,,2/12/2018,11/16/2017,11/16/2017,"SHARE14",,"-",
687,12/20/2017,"2017-18","2016-17","F",5,,,,2/18/2018,11/16/2017,11/16/2017,"SHARE14",,"-",
312,12/11/2017,"2017-18","2016-17","F",55,,,,2/9/2018,11/23/2017,11/23/2017,"SHARE14",,"-",
247,12/11/2017,"2017-18","2016-17","F",10,,,,2/9/2018,11/15/2017,11/15/2017,"SHARE14",,"-",
491,12/14/2017,"2017-18","2016-17","F",7,,,,2/12/2018,11/15/2017,11/15/2017,"SHARE14",,"-",
707,12/28/2017,"2017-18","2016-17","B",,100,12.5,,2/26/2018,11/19/2017,11/19/2017,"MERCHAN1",,,
297,12/23/2017,"2017-18","2016-17","B",,100,10,,2/21/2018,11/27/2017,11/27/2017,"MERCHAN1",,,
661,12/28/2017,"2017-18","2016-17","B",,100,5,,2/26/2018,12/10/2017,12/10/2017,"MERCHAN1",,,
289,12/29/2017,"2017-18","2016-17","B",,100,10,,2/27/2018,12/6/2017,12/6/2017,"MERCHAN1",,,
607,12/28/2017,"2017-18","2016-17","B",,100,5,,2/26/2018,11/16/2017,11/16/2017,"MERCHAN1",,,
207,12/28/2017,"2017-18","2016-17","B",,100,15,,2/26/2018,11/16/2017,11/16/2017,"MERCHAN1",,,
410,12/27/2017,"2017-18","2016-17","B",,100,15,,2/25/2018,11/14/2017,11/14/2017,"MERCHAN1",,,
151,12/23/2017,"2017-18","2016-17","F",30,,,,2/21/2018,11/26/2017,11/26/2017,"SHARE14",,"-",
610,12/29/2017,"2017-18","2016-17","B",,100,10,,2/27/2018,11/22/2017,11/22/2017,"MERCHAN1",,,
443,1/22/2018,"2017-18","2016-17","F",10,,,,3/23/2018,11/27/2017,11/27/2017,"SHARE14",,"-",
322,1/31/2018,"2017-18","2016-17","B",,100,14,,4/1/2018,12/3/2017,12/3/2017,"MERCHAN1",,,
451,12/21/2018,"2018-19","2017-18","F",30,,,,2/19/2019,11/27/2018,11/27/2018,"SHARE14",,"-",
451,12/21/2017,"2017-18","2016-17","F",30,,,,2/19/2018,11/27/2017,11/27/2017,"SHARE14",,"-",
564,12/21/2017,"2017-18","2016-17","F",10,,,,2/19/2018,11/9/2017,11/9/2017,"SHARE14",,"-",
713,12/21/2017,"2017-18","2016-17","F",10,,,,2/19/2018,11/9/2017,11/9/2017,"SHARE14",,"-",
486,12/28/2017,"2017-18","2016-17","F",5,,,,2/26/2018,11/20/2017,11/20/2017,"SHARE14",,"-",
163,7/31/2017,"2017-18","2016-17","F",20.5,,,,9/29/2017,7/31/2017,7/31/2017,"SHARE14",,"-",
852,1/31/2018,"2017-18","2016-17","F",10,,,,4/1/2018,12/31/2017,12/31/2017,"SHARE14",,"-",
742,3/25/2018,"2017-18","2016-17","B",,100,20,,5/24/2018,2/27/2018,2/27/2018,"MERCHAN1",,,
302,2/17/2018,"2017-18","2016-17","F",110,,,,4/18/2018,12/18/2017,12/18/2017,"SHARE14",,"-",
322,1/31/2018,"2017-18","2016-17","F",16,,,,4/1/2018,12/3/2017,12/3/2017,"SHARE14",,"-",
232,12/10/2017,"2017-18","2016-17","F",5,,,,2/8/2018,11/14/2017,11/14/2017,"SHARE14",,"-",
674,12/7/2017,"2017-18","2016-17","F",5,,,,2/5/2018,11/6/2017,11/6/2017,"SHARE14",,"-",
606,12/24/2017,"2017-18","2016-17","F",10,,,,2/22/2018,11/19/2017,11/19/2017,"SHARE14",,"-",
566,12/4/2017,"2017-18","2016-17","F",6,,,,2/2/2018,11/5/2017,11/5/2017,"SHARE14",,"-",
445,12/31/2017,"2017-18","2016-17","F",11,,,,3/1/2018,12/17/2017,12/17/2017,"SHARE14",,"-",
468,12/21/2017,"2017-18","2016-17","F",10,,,,2/19/2018,11/20/2017,11/20/2017,"SHARE14",,"-",
309,1/20/2018,"2017-18","2016-17","F",110,,,,3/21/2018,11/30/2017,11/30/2017,"SHARE14",,"-",
607,12/28/2017,"2017-18","2016-17","F",5,,,,2/26/2018,11/16/2017,11/16/2017,"SHARE14",,"-",
705,3/29/2018,"2017-18","2016-17","F",12,,,,5/28/2018,3/29/2018,3/29/2018,"SHARE14",,"-",
132,3/29/2018,"2017-18","2016-17","F",20,,,,5/28/2018,3/5/2018,3/5/2018,"SHARE14",,"-",
198,3/1/2018,"2017-18","2016-17","F",10,,,,4/30/2018,3/1/2018,3/1/2018,"SHARE14",,"-",
146,3/31/2018,"2017-18","2016-17","B",,100,10,,5/30/2018,3/12/2018,3/12/2018,"MERCHAN1",,,
605,3/15/2018,"2017-18","2016-17","F",10,,,,5/14/2018,1/24/2018,1/24/2018,"SHARE14",,"-",
654,4/18/2018,"2017-18","2016-17","F",10,,,,6/17/2018,2/19/2018,2/19/2018,"SHARE14",,"-",
118,3/29/2018,"2017-18","2016-17","F",30,,,,5/28/2018,3/14/2018,3/14/2018,"SHARE14",,"-",
122,5/14/2018,"2017-18","2016-17","B",,100,12.5,,7/13/2018,4/26/2018,4/26/2018,"MERCHAN1",,,
758,5/19/2018,"2017-18","2016-17","B",,100,5,,7/18/2018,4/30/2018,4/30/2018,"MERCHAN1",,,
731,5/8/2018,"2017-18","2016-17","B",,100,14,,7/7/2018,3/29/2018,3/29/2018,"MERCHAN1",,,
106,5/10/2018,"2017-18","2016-17","B",,100,5,,7/9/2018,4/19/2018,4/19/2018,"MERCHAN1",,,
129,5/14/2018,"2017-18","2016-17","B",,100,15,,7/13/2018,4/25/2018,4/25/2018,"MERCHAN1",,,
752,4/19/2018,"2017-18","2016-17","F",30,,,,6/18/2018,3/29/2018,3/29/2018,"SHARE14",,"-",
137,4/24/2018,"2017-18","2016-17","F",10,,,,6/23/2018,3/18/2018,3/18/2018,"SHARE14",,"-",
108,4/30/2018,"2017-18","2016-17","F",10,,,,6/29/2018,4/11/2018,4/11/2018,"SHARE14",,"-",
736,4/25/2018,"2017-18","2016-17","F",14.5,,,,6/24/2018,4/5/2018,4/5/2018,"SHARE14",,"-",
146,3/31/2018,"2017-18","2016-17","F",15,,,,5/30/2018,3/12/2018,3/12/2018,"SHARE14",,"-",
113,5/24/2018,"2017-18","2016-17","B",,100,10,,7/23/2018,5/6/2018,5/6/2018,"MERCHAN1",,,
112,5/24/2018,"2017-18","2016-17","B",,100,5,,7/23/2018,5/3/2018,5/3/2018,"MERCHAN1",,,
756,5/3/2018,"2017-18","2016-17","F",19,,,,7/2/2018,4/9/2018,4/9/2018,"SHARE14",,"-",
209,5/15/2018,"2017-18","2016-17","F",100,,,,7/14/2018,4/9/2018,4/9/2018,"SHARE14",,"-",
733,5/14/2018,"2017-18","2016-17","B",,100,5,,7/13/2018,4/26/2018,4/26/2018,"MERCHAN1",,,
757,5/27/2018,"2017-18","2016-17","B",,100,12.5,,7/26/2018,5/10/2018,5/10/2018,"MERCHAN1",,,
748,6/9/2018,"2017-18","2016-17","B",,100,10,,8/8/2018,5/22/2018,5/22/2018,"MERCHAN1",,,
114,6/25/2018,"2017-18","2016-17","B",,100,15,,8/24/2018,5/23/2018,5/23/2018,"MERCHAN1",,,
725,6/28/2018,"2017-18","2016-17","B",,100,5,,8/27/2018,5/23/2018,5/23/2018,"MERCHAN1",,,
753,6/26/2018,"2017-18","2016-17","B",,100,10,,8/25/2018,5/21/2018,5/21/2018,"MERCHAN1",,,
746,6/28/2018,"2017-18","2016-17","B",,100,12,,8/27/2018,5/23/2018,5/23/2018,"MERCHAN1",,,
105,6/11/2018,"2017-18","2016-17","B",,100,12,,8/10/2018,5/24/2018,5/24/2018,"MERCHAN1",,,
246,12/21/2017,"2017-18","2016-17","F",10,,,,2/19/2018,11/23/2017,11/23/2017,"SHARE14",,"-",
112,5/24/2018,"2017-18","2016-17","F",15,,,,7/23/2018,5/3/2018,5/3/2018,"SHARE14",,"-",
652,6/7/2018,"2017-18","2016-17","F",5,,,,8/6/2018,4/8/2018,4/8/2018,"SHARE14",,"-",
218,6/7/2018,"2017-18","2016-17","F",150,,,,8/6/2018,5/20/2018,5/20/2018,"SHARE14",,"-",
454,4/19/2018,"2017-18","2016-17","F",550,,,,6/18/2018,3/21/2018,3/21/2018,"SHARE14",,"-",
125,6/27/2018,"2017-18","2016-17","F",12.5,,,,8/26/2018,5/22/2018,5/22/2018,"SHARE14",,"-",
102,6/28/2018,"2017-18","2016-17","F",19,,,,8/27/2018,5/23/2018,5/23/2018,"SHARE14",,"-",
739,6/21/2018,"2017-18","2016-17","F",10,,,,8/20/2018,5/23/2018,5/23/2018,"SHARE14",,"-",
140,6/28/2018,"2017-18","2016-17","F",7.5,,,,8/27/2018,5/15/2018,5/15/2018,"SHARE14",,"-",
148,6/21/2018,"2017-18","2016-17","F",25,,,,8/20/2018,6/6/2018,6/6/2018,"SHARE14",,"-",
142,6/27/2018,"2017-18","2016-17","F",6,,,,8/26/2018,5/20/2018,5/20/2018,"SHARE14",,"-",
141,6/25/2018,"2017-18","2016-17","F",12,,,,8/24/2018,5/23/2018,5/23/2018,"SHARE14",,"-",
139,6/27/2018,"2017-18","2016-17","F",16,,,,8/26/2018,5/29/2018,5/29/2018,"SHARE14",,"-",
733,5/14/2018,"2017-18","2016-17","F",5,,,,7/13/2018,4/26/2018,4/26/2018,"SHARE14",,"-",
725,6/28/2018,"2017-18","2016-17","F",5,,,,8/27/2018,5/23/2018,5/23/2018,"SHARE14",,"-",
759,6/11/2018,"2017-18","2016-17","F",10,,,,8/10/2018,5/17/2018,5/17/2018,"SHARE14",,"-",
745,6/28/2018,"2017-18","2016-17","F",20,,,,8/27/2018,5/24/2018,5/24/2018,"SHARE14",,"-",
735,7/26/2018,"2018-19","2017-18","B",,100,10,,9/24/2018,5/24/2018,5/24/2018,"MERCHAN1",,,
136,7/25/2018,"2018-19","2017-18","F",20,,,,9/23/2018,5/29/2018,5/29/2018,"SHARE14",,"-",
138,9/4/2018,"2018-19","2017-18","B",,100,5,,11/3/2018,7/31/2018,7/31/2018,"MERCHAN1",,,
197,9/13/2018,"2018-19","2017-18","B",,100,5.8185,,11/12/2018,9/13/2018,9/13/2018,"MERCHAN1",,,
195,9/13/2018,"2018-19","2017-18","B",,100,6.6667,,11/12/2018,9/13/2018,9/13/2018,"MERCHAN1",,,
193,9/13/2018,"2018-19","2017-18","B",,100,6.0452,,11/12/2018,9/13/2018,9/13/2018,"MERCHAN1",,,
184,9/13/2018,"2018-19","2017-18","B",,100,5.2494,,11/12/2018,9/13/2018,9/13/2018,"MERCHAN1",,,
187,9/13/2018,"2018-19","2017-18","B",,100,5.2817,,11/12/2018,9/13/2018,9/13/2018,"MERCHAN1",,,
134,8/1/2018,"2018-19","2017-18","F",10,,,,9/30/2018,6/19/2018,6/19/2018,"SHARE14",,"--",
180,9/19/2018,"2018-19","2017-18","B",,100,2,,11/18/2018,8/28/2018,8/28/2018,"MERCHAN1",,,
144,9/26/2018,"2018-19","2017-18","B",,100,15,,11/25/2018,8/20/2018,8/20/2018,"MERCHAN1",,,
194,12/3/2018,"2018-19","2017-18","F",5.5,,,,2/1/2019,12/2/2018,12/2/2018,"SHARE14",,"--",
465,11/22/2018,"2018-19","2017-18","F",30,,,,1/21/2019,10/22/2018,10/22/2018,"SHARE14",,"--",
365,10/30/2018,"2018-19","2017-18","F",15,,,,12/29/2018,10/11/2018,10/11/2018,"SHARE14",,"--",
622,11/8/2018,"2018-19","2017-18","F",25,,,,1/7/2019,10/11/2018,10/11/2018,"SHARE14",,"--",
457,12/15/2018,"2018-19","2017-18","F",95,,,,2/13/2019,11/15/2018,11/15/2018,"SHARE14",,"-----",
310,12/20/2018,"2018-19","2017-18","F",25,,,,2/18/2019,11/18/2018,11/18/2018,"SHARE14",,"---",
711,12/23/2018,"2018-19","2017-18","F",10,,,,2/21/2019,11/18/2018,11/18/2018,"SHARE14",,"----",
299,12/19/2018,"2018-19","2017-18","F",20,,,,2/17/2019,11/25/2018,11/25/2018,"SHARE14",,"-----",
713,12/24/2018,"2018-19","2017-18","F",10,,,,2/22/2019,11/12/2018,11/12/2018,"SHARE14",,"---",
564,12/24/2018,"2018-19","2017-18","F",10,,,,2/22/2019,11/13/2018,11/13/2018,"SHARE14",,"---",
442,12/20/2018,"2018-19","2017-18","F",10,,,,2/18/2019,11/20/2018,11/20/2018,"SHARE14",,"-----",
309,1/12/2019,"2018-19","2017-18","F",140,,,,3/13/2019,12/2/2018,12/2/2018,"SHARE14",,"---",
658,12/23/2018,"2018-19","2017-18","F",10,,,,2/21/2019,11/26/2018,11/26/2018,"SHARE14",,"---",
770,12/27/2018,"2018-19","2017-18","F",7,,,,2/25/2019,11/28/2018,11/28/2018,"SHARE14",,"-----",
743,12/27/2018,"2018-19","2017-18","F",15,,,,2/25/2019,12/18/2018,12/18/2018,"SHARE14",,"---",
322,1/27/2019,"2018-19","2017-18","B",,100,3,,3/28/2019,12/3/2018,12/3/2018,"20040024",,,
210,12/9/2018,"2018-19","2017-18","F",12,,,,2/7/2019,11/20/2018,11/20/2018,"SHARE14",,"-----",
311,12/9/2018,"2018-19","2017-18","F",12,,,,2/7/2019,11/20/2018,11/20/2018,"SHARE14",,"------",
692,12/27/2018,"2018-19","2017-18","F",10,,,,2/25/2019,11/26/2018,11/26/2018,"SHARE14",,"----",
498,12/24/2018,"2018-19","2017-18","F",5,,,,2/22/2019,11/22/2018,11/22/2018,"SHARE14",,"-----",
687,12/27/2018,"2018-19","2017-18","F",5,,,,2/25/2019,11/15/2018,11/15/2018,"SHARE14",,"-----",
307,1/19/2019,"2018-19","2017-18","F",17,,,,3/20/2019,11/26/2018,11/26/2018,"SHARE14",,"-------",
303,1/19/2019,"2018-19","2017-18","F",100,,,,3/20/2019,12/3/2018,12/3/2018,"SHARE14",,"-----",
462,12/27/2018,"2018-19","2017-18","F",50,,,,2/25/2019,12/2/2018,12/2/2018,"SHARE14",,"------",
512,12/10/2018,"2018-19","2017-18","F",15,,,,2/8/2019,11/22/2018,11/22/2018,"SHARE14",,"------",
605,11/24/2018,"2018-19","2017-18","F",6,,,,1/23/2019,10/25/2018,10/25/2018,"SHARE14",,"--------",
305,12/9/2018,"2018-19","2017-18","F",30,,,,2/7/2019,11/11/2018,11/11/2018,"SHARE14",,"-------",
476,12/10/2018,"2018-19","2017-18","F",14,,,,2/8/2019,11/22/2018,11/22/2018,"SHARE14",,"-----",
705,3/25/2019,"2018-19","2017-18","F",5,,,,5/24/2019,3/24/2019,3/24/2019,"SHARE14",,"-------",
688,12/17/2018,"2018-19","2017-18","F",12,,,,2/15/2019,11/22/2018,11/22/2018,"SHARE14",,"---------",
560,12/26/2018,"2018-19","2017-18","F",5,,,,2/24/2019,11/18/2018,11/18/2018,"SHARE14",,"---------",
114,6/23/2019,"2018-19","2017-18","B",,100,10,,8/22/2019,5/23/2019,5/23/2019,"MERCHAN1",,,
751,6/20/2019,"2018-19","2017-18","B",,100,5,,8/19/2019,5/22/2019,5/22/2019,"MERCHAN1",,,
145,6/26/2019,"2018-19","2017-18","B",,100,5,,8/25/2019,5/22/2019,5/22/2019,"MERCHAN1",,,
108,6/30/2019,"2018-19","2017-18","B",,100,10,,8/29/2019,5/22/2019,5/22/2019,"MERCHAN1",,,
102,6/26/2019,"2018-19","2017-18","B",,100,5,,8/27/2019,5/22/2019,5/22/2019,"MERCHAN1",,,
143,7/3/2019,"2019-20","2018-19","B",,100,10,,9/1/2019,5/23/2019,5/23/2019,"MERCHAN1",,,
740,3/27/2019,"2018-19","2017-18","F",15,,,,5/26/2019,3/7/2019,3/7/2019,"SHARE14",,"------------",
485,4/23/2019,"2018-19","2017-18","F",155,,,,6/22/2019,2/17/2019,2/17/2019,"SHARE14",,"------------",
549,4/23/2019,"2018-19","2017-18","F",155,,,,6/22/2019,2/17/2019,2/17/2019,"SHARE14",,"------------",
134,8/1/2019,"2019-20","2018-19","F",6,,,,9/30/2019,6/18/2019,6/18/2019,"SHARE14",,"-----------",
751,6/20/2019,"2018-19","2017-18","F",5,,,,8/19/2019,5/22/2019,5/22/2019,"SHARE14",,"--------------",
116,7/30/2019,"2019-20","2018-19","F",5,,,,9/28/2019,5/30/2019,5/30/2019,"SHARE14",,"---------------",
138,7/30/2019,"2019-20","2018-19","F",5,,,,9/28/2019,5/26/2019,5/26/2019,"SHARE14",,"------------------",
131,7/25/2019,"2019-20","2018-19","F",10,,,,9/23/2019,5/9/2019,5/9/2019,"SHARE14",,"------------",
758,6/30/2019,"2018-19","2017-18","F",10,,,,8/29/2019,6/13/2019,6/13/2019,"SHARE14",,"-----------",
147,7/18/2019,"2019-20","2018-19","F",12,,,,9/16/2019,6/16/2019,6/16/2019,"SHARE14",,"------------------",
769,9/2/2019,"2019-20","2018-19","F",8,,,,11/1/2019,9/1/2019,9/1/2019,"SHARE14",,"-----------",
247,12/11/2017,"2017-18","2016-17","B",,100,10,,2/9/2018,11/15/2017,11/15/2017,"MERCHAN1",,,
232,12/10/2017,"2017-18","2016-17","B",,100,5,,2/8/2018,11/14/2017,11/14/2017,"MERCHAN1",,,
447,12/2/2017,"2017-18","2016-17","B",,100,4,,1/31/2018,11/16/2017,11/16/2017,"MERCHAN1",,,
499,12/6/2017,"2017-18","2016-17","B",,100,5,,2/4/2018,11/19/2017,11/19/2017,"MERCHAN1",,,
101,12/21/2017,"2017-18","2016-17","B",,100,12.5,,2/19/2018,6/12/2017,6/12/2017,"MERCHAN1",,,
684,12/17/2017,"2017-18","2016-17","B",,100,15,,2/15/2018,10/26/2017,10/26/2017,"MERCHAN1",,,
408,12/4/2017,"2017-18","2016-17","B",,100,80,,2/2/2018,11/2/2017,11/2/2017,"MERCHAN1",,,
491,12/14/2017,"2017-18","2016-17","B",,100,5,,2/12/2018,11/15/2017,11/15/2017,"MERCHAN1",,,
553,12/21/2017,"2017-18","2016-17","B",,100,10,,2/19/2018,11/16/2017,11/16/2017,"MERCHAN1",,,
468,12/21/2017,"2017-18","2016-17","B",,100,5,,2/19/2018,11/20/2017,11/20/2017,"MERCHAN1",,,
261,12/18/2017,"2017-18","2016-17","B",,100,125,,2/16/2018,11/16/2017,11/16/2017,"MERCHAN1",,,
234,12/23/2017,"2017-18","2016-17","B",,100,10,,2/21/2018,11/23/2017,11/23/2017,"MERCHAN1",,,
568,12/3/2017,"2017-18","2016-17","F",10,,,,2/1/2018,12/3/2017,12/3/2017,"SHARE14",,"-",
299,12/27/2017,"2017-18","2016-17","B",,100,10,,2/25/2018,11/20/2017,11/20/2017,"MERCHAN1",,,
690,12/30/2017,"2017-18","2016-17","B",,100,12,,2/28/2018,12/5/2017,12/5/2017,"MERCHAN1",,,
550,10/25/2017,"2017-18","2016-17","F",15,,,,12/24/2017,9/27/2017,9/27/2017,"SHARE14",,"-",
365,10/30/2017,"2017-18","2016-17","F",12.5,,,,12/29/2017,10/12/2017,10/12/2017,"SHARE14",,"-",
622,11/8/2017,"2017-18","2016-17","F",22,,,,1/7/2018,10/11/2017,10/11/2017,"SHARE14",,"-",
621,11/12/2017,"2017-18","2016-17","F",50,,,,1/11/2018,10/16/2017,10/16/2017,"SHARE14",,"-",
696,11/15/2017,"2017-18","2016-17","F",12.5,,,,1/14/2018,10/31/2017,10/31/2017,"SHARE14",,"-",
465,11/22/2017,"2017-18","2016-17","F",25,,,,1/21/2018,10/22/2017,10/22/2017,"SHARE14",,"-",
410,12/27/2017,"2017-18","2016-17","F",15,,,,2/25/2018,11/14/2017,11/14/2017,"SHARE14",,"-",
310,12/21/2017,"2017-18","2016-17","F",22,,,,2/19/2018,11/16/2017,11/16/2017,"SHARE14",,"-",
494,12/14/2017,"2017-18","2016-17","F",12,,,,2/12/2018,11/14/2017,11/14/2017,"SHARE14",,"-",
420,12/21/2017,"2017-18","2016-17","F",20,,,,2/19/2018,11/15/2017,11/15/2017,"SHARE14",,"-",
254,12/21/2017,"2017-18","2016-17","F",20,,,,2/19/2018,11/15/2017,11/15/2017,"SHARE14",,"-",
223,1/25/2018,"2017-18","2016-17","B",,100,10,,3/26/2018,11/30/2017,11/30/2017,"MERCHAN1",,,
448,12/21/2017,"2017-18","2016-17","F",2,,,,2/19/2018,11/6/2017,11/6/2017,"SHARE14",,"-",
671,12/27/2017,"2017-18","2016-17","F",15,,,,2/25/2018,11/30/2017,11/30/2017,"SHARE14",,"-",
401,12/21/2017,"2017-18","2016-17","F",5,,,,2/19/2018,12/7/2017,12/7/2017,"SHARE14",,"-",
692,12/27/2017,"2017-18","2016-17","F",15,,,,2/25/2018,11/20/2017,11/20/2017,"SHARE14",,"-",
455,12/18/2017,"2017-18","2016-17","F",40,,,,2/16/2018,11/13/2017,11/13/2017,"SHARE14",,"-",
296,12/18/2017,"2017-18","2016-17","F",15,,,,2/16/2018,11/13/2017,11/13/2017,"SHARE14",,"-",
278,12/14/2017,"2017-18","2016-17","F",32,,,,2/12/2018,11/16/2017,11/16/2017,"SHARE14",,"-",
170,2/22/2018,"2017-18","2016-17","F",8.5,,,,4/23/2018,2/22/2018,2/22/2018,"SHARE14",,"-",
857,1/31/2018,"2017-18","2016-17","F",11,,,,4/1/2018,12/31/2017,12/31/2017,"SHARE14",,"-",
859,1/31/2018,"2017-18","2016-17","F",11,,,,4/1/2018,12/31/2017,12/31/2017,"SHARE14",,"-",
856,1/31/2018,"2017-18","2016-17","F",10,,,,4/1/2018,12/31/2017,12/31/2017,"SHARE14",,"-",
476,12/14/2017,"2017-18","2016-17","F",14,,,,2/12/2018,11/29/2017,11/29/2017,"SHARE14",,"-",
306,1/6/2018,"2017-18","2016-17","F",10,,,,3/7/2018,11/9/2017,11/9/2017,"SHARE14",,"-",
485,11/14/2017,"2017-18","2016-17","F",250,,,,1/13/2018,11/14/2017,11/14/2017,"SHARE14",,"-",
485,11/14/2017,"2017-18","2016-17","I",250,,,,1/13/2018,11/14/2017,11/14/2017,"SHARE14",,"-",
556,12/14/2017,"2017-18","2016-17","F",5,,,,2/12/2018,11/16/2017,11/16/2017,"SHARE14",,"-",
657,12/4/2017,"2017-18","2016-17","F",20,,,,2/2/2018,11/16/2017,11/16/2017,"SHARE14",,"-",
695,12/10/2017,"2017-18","2016-17","F",21,,,,2/8/2018,11/12/2017,11/12/2017,"SHARE14",,"-",
233,12/12/2017,"2017-18","2016-17","F",5,,,,2/10/2018,11/16/2017,11/16/2017,"SHARE14",,"-",
229,1/12/2018,"2017-18","2016-17","F",10,,,,3/13/2018,11/14/2017,11/14/2017,"SHARE14",,"-",
512,12/14/2017,"2017-18","2016-17","F",15,,,,2/12/2018,11/29/2017,11/29/2017,"SHARE14",,"-",
215,12/15/2017,"2017-18","2016-17","F",12,,,,2/13/2018,11/16/2017,11/16/2017,"SHARE14",,"-",
654,4/18/2018,"2017-18","2016-17","B",,100,10,,6/17/2018,2/19/2018,2/19/2018,"MERCHAN1",,,
123,4/30/2018,"2017-18","2016-17","B",,100,5,,6/29/2018,4/15/2018,4/15/2018,"MERCHAN1",,,
720,3/29/2018,"2017-18","2016-17","F",15,,,,5/28/2018,3/6/2018,3/6/2018,"SHARE14",,"-",
113,5/24/2018,"2017-18","2016-17","F",7,,,,7/23/2018,5/6/2018,5/6/2018,"SHARE14",,"-",
102,6/28/2018,"2017-18","2016-17","B",,100,5,,8/27/2018,5/23/2018,5/23/2018,"MERCHAN1",,,
115,6/28/2018,"2017-18","2016-17","B",,100,12.5,,8/27/2018,5/21/2018,5/21/2018,"MERCHAN1",,,
103,6/24/2018,"2017-18","2016-17","B",,100,12,,8/23/2018,5/10/2018,5/10/2018,"MERCHAN1",,,
117,6/27/2018,"2017-18","2016-17","B",,100,10,,8/26/2018,5/22/2018,5/22/2018,"MERCHAN1",,,
140,6/28/2018,"2017-18","2016-17","B",,100,7.5,,8/27/2018,5/15/2018,5/15/2018,"MERCHAN1",,,
190,6/4/2018,"2017-18","2016-17","F",8,,,,8/3/2018,6/4/2018,6/4/2018,"SHARE14",,"-",
191,6/4/2018,"2017-18","2016-17","F",8,,,,8/3/2018,6/4/2018,6/4/2018,"SHARE14",,"-",
128,7/8/2018,"2018-19","2017-18","B",,100,10,,9/6/2018,5/31/2018,5/31/2018,"MERCHAN1",,,
484,7/17/2018,"2018-19","2017-18","B",,100,100,,9/15/2018,6/11/2018,6/11/2018,"MERCHAN1",,,
147,7/16/2018,"2018-19","2017-18","B",,100,12,,9/14/2018,6/7/2018,6/7/2018,"MERCHAN1",,,
726,7/14/2018,"2018-19","2017-18","B",,100,5,,9/12/2018,5/3/2018,5/3/2018,"MERCHAN1",,,
761,7/14/2018,"2018-19","2017-18","B",,100,5,,9/12/2018,5/22/2018,5/22/2018,"MERCHAN1",,,
721,6/27/2018,"2017-18","2016-17","F",15,,,,8/26/2018,5/22/2018,5/22/2018,"SHARE14",,"-",
950,4/25/2018,"2017-18","2016-17","F",8.66,,,,6/24/2018,5/21/2018,5/21/2018,"MERCHAN1",,,
171,9/13/2018,"2018-19","2017-18","B",,100,6.92,,11/12/2018,9/13/2018,9/13/2018,"MERCHAN1",,,
160,9/13/2018,"2018-19","2017-18","B",,100,7.7567,,11/12/2018,9/13/2018,9/13/2018,"MERCHAN1",,,
177,9/13/2018,"2018-19","2017-18","B",,100,4.413,,11/12/2018,9/13/2018,9/13/2018,"MERCHAN1",,,
183,9/13/2018,"2018-19","2017-18","B",,100,4.8888,,11/12/2018,9/13/2018,9/13/2018,"MERCHAN1",,,
174,9/13/2018,"2018-19","2017-18","B",,100,6.7227,,11/12/2018,9/13/2018,9/13/2018,"MERCHAN1",,,
549,7/15/2018,"2018-19","2017-18","I",125,,,,9/13/2018,8/5/2018,8/5/2018,"SHARE14",,"-",
717,9/30/2018,"2018-19","2017-18","B",,100,20,,11/29/2018,9/13/2018,9/13/2018,"MERCHAN1",,,
500,11/22/2018,"2018-19","2017-18","B",,100,10,,1/21/2019,10/30/2018,10/30/2018,"MERCHAN1",,,
563,11/8/2018,"2018-19","2017-18","F",5,,,,1/7/2019,10/18/2018,10/18/2018,"SHARE14",,"--",
771,12/5/2018,"2018-19","2017-18","B",,100,10,,2/3/2019,11/11/2018,11/11/2018,"MERCHAN1",,,
618,12/22/2018,"2018-19","2017-18","B",,100,5,,2/20/2019,11/26/2018,11/26/2018,"MERCHAN1",,,
779,12/6/2018,"2018-19","2017-18","B",,100,10,,2/4/2019,11/15/2018,11/15/2018,"MERCHAN1",,,
464,12/10/2018,"2018-19","2017-18","B",,100,20,,2/8/2019,11/22/2018,11/22/2018,"MERCHAN1",,,
607,12/6/2018,"2018-19","2017-18","B",,100,30,,2/4/2019,11/15/2018,11/15/2018,"MERCHAN1",,,
207,12/6/2018,"2018-19","2017-18","B",,100,350,,2/4/2019,11/15/2018,11/15/2018,"MERCHAN1",,,
703,12/6/2018,"2018-19","2017-18","B",,100,3,,2/4/2019,11/18/2018,11/18/2018,"MERCHAN1",,,
233,12/23/2018,"2018-19","2017-18","B",,100,10,,2/21/2019,11/20/2018,11/20/2018,"MERCHAN1",,,
486,12/5/2018,"2018-19","2017-18","F",6,,,,2/3/2019,11/15/2018,11/15/2018,"SHARE14",,"----",
203,12/6/2018,"2018-19","2017-18","F",20,,,,2/4/2019,10/24/2018,10/24/2018,"SHARE14",,"-----",
657,12/6/2018,"2018-19","2017-18","F",15,,,,2/4/2019,11/12/2018,11/12/2018,"SHARE14",,"--",
668,12/8/2018,"2018-19","2017-18","F",7,,,,2/6/2019,11/11/2018,11/11/2018,"SHARE14",,"---",
711,12/23/2018,"2018-19","2017-18","B",,100,15,,2/21/2019,11/18/2018,11/18/2018,"MERCHAN1",,,
661,12/15/2018,"2018-19","2017-18","B",,100,5,,2/13/2019,11/25/2018,11/25/2018,"MERCHAN1",,,
673,12/23/2018,"2018-19","2017-18","B",,100,10,,2/21/2019,11/20/2018,11/20/2018,"MERCHAN1",,,
695,12/19/2018,"2018-19","2017-18","B",,100,10,,2/17/2019,10/18/2018,10/18/2018,"MERCHAN1",,,
647,12/15/2018,"2018-19","2017-18","B",,100,8,,2/13/2019,11/13/2018,11/13/2018,"MERCHAN1",,,
669,12/22/2018,"2018-19","2017-18","B",,100,5,,2/20/2019,11/22/2018,11/22/2018,"MERCHAN1",,,
490,12/23/2018,"2018-19","2017-18","B",,100,10,,2/21/2019,11/20/2018,11/20/2018,"MERCHAN1",,,
104,6/25/2018,"2017-18","2016-17","F",10,,,,8/24/2018,5/21/2018,5/21/2018,"SHARE14",,"--",
143,7/4/2018,"2018-19","2017-18","F",5,,,,9/2/2018,5/24/2018,5/24/2018,"SHARE14",,"--",
747,6/23/2018,"2017-18","2016-17","F",20,,,,8/22/2018,5/22/2018,5/22/2018,"SHARE14",,"--",
698,9/4/2018,"2018-19","2017-18","F",12,,,,11/3/2018,9/3/2018,9/3/2018,"SHARE14",,"--",
183,9/14/2018,"2018-19","2017-18","F",2,,,,11/13/2018,9/13/2018,9/13/2018,"SHARE14",,"--",
195,9/14/2018,"2018-19","2017-18","F",2,,,,11/13/2018,9/13/2018,9/13/2018,"SHARE14",,"---",
187,9/14/2018,"2018-19","2017-18","F",3,,,,11/13/2018,9/13/2018,9/13/2018,"SHARE14",,"--",
174,9/14/2018,"2018-19","2017-18","F",2,,,,11/13/2018,9/13/2018,9/13/2018,"SHARE14",,"--",
184,9/14/2018,"2018-19","2017-18","F",2,,,,11/13/2018,9/13/2018,9/13/2018,"SHARE14",,"--",
177,9/14/2018,"2018-19","2017-18","F",2,,,,11/13/2018,9/13/2018,9/13/2018,"SHARE14",,"--",
244,10/25/2018,"2018-19","2017-18","B",,100,5,,12/24/2018,9/18/2018,9/18/2018,"MERCHAN1",,,
699,10/30/2018,"2018-19","2017-18","B",,100,20,,12/29/2018,9/6/2018,9/6/2018,"MERCHAN1",,,
760,10/17/2018,"2018-19","2017-18","B",,100,4,,12/16/2018,9/26/2018,9/26/2018,"MERCHAN1",,,
730,9/27/2018,"2018-19","2017-18","F",20,,,,11/26/2018,8/19/2018,8/19/2018,"SHARE14",,"--",
601,10/8/2018,"2018-19","2017-18","F",40,,,,12/7/2018,9/12/2018,9/12/2018,"SHARE14",,"--",
754,5/13/2018,"2017-18","2016-17","F",5,,,,7/12/2018,4/23/2018,4/23/2018,"SHARE14",,"--",
192,8/15/2018,"2018-19","2017-18","F",13,,,,10/14/2018,8/14/2018,8/14/2018,"SHARE14",,"--",
318,12/6/2018,"2018-19","2017-18","B",,100,10,,2/4/2019,11/19/2018,11/19/2018,"MERCHAN1",,,
491,12/20/2018,"2018-19","2017-18","B",,100,2,,2/18/2019,11/14/2018,11/14/2018,"MERCHAN1",,,
683,12/6/2018,"2018-19","2017-18","B",,100,10,,2/4/2019,11/15/2018,11/15/2018,"MERCHAN1",,,
477,12/20/2018,"2018-19","2017-18","B",,100,7,,2/18/2019,11/27/2018,11/27/2018,"MERCHAN1",,,
449,12/20/2018,"2018-19","2017-18","B",,100,5,,2/18/2019,11/27/2018,11/27/2018,"MERCHAN1",,,
556,12/17/2018,"2018-19","2017-18","B",,100,5,,2/15/2019,11/19/2018,11/19/2018,"MERCHAN1",,,
247,12/13/2018,"2018-19","2017-18","B",,100,10,,2/11/2019,10/18/2018,10/18/2018,"MERCHAN1",,,
475,12/22/2018,"2018-19","2017-18","B",,100,20,,2/20/2019,11/20/2018,11/20/2018,"MERCHAN1",,,
217,12/18/2018,"2018-19","2017-18","B",,100,10,,2/16/2019,11/29/2018,11/29/2018,"MERCHAN1",,,
497,12/13/2018,"2018-19","2017-18","B",,100,20,,2/11/2019,11/15/2018,11/15/2018,"MERCHAN1",,,
670,12/13/2018,"2018-19","2017-18","B",,100,15,,2/11/2019,11/15/2018,11/15/2018,"MERCHAN1",,,
772,12/23/2018,"2018-19","2017-18","B",,100,5,,2/21/2019,11/18/2018,11/18/2018,"MERCHAN1",,,
696,12/19/2018,"2018-19","2017-18","B",,100,7,,2/17/2019,11/25/2018,11/25/2018,"MERCHAN1",,,
232,12/19/2018,"2018-19","2017-18","B",,100,10,,2/17/2019,11/18/2018,11/18/2018,"MERCHAN1",,,
408,12/17/2018,"2018-19","2017-18","B",,100,410,,2/15/2019,11/4/2018,11/4/2018,"MERCHAN1",,,
499,12/19/2018,"2018-19","2017-18","B",,100,5,,2/17/2019,11/19/2018,11/19/2018,"MERCHAN1",,,
704,12/20/2018,"2018-19","2017-18","B",,100,15,,2/18/2019,11/22/2018,11/22/2018,"MERCHAN1",,,
714,12/20/2018,"2018-19","2017-18","B",,100,12.5,,2/18/2019,11/26/2018,11/26/2018,"MERCHAN1",,,
437,12/24/2018,"2018-19","2017-18","B",,100,10,,2/22/2019,11/18/2018,11/18/2018,"MERCHAN1",,,
445,12/24/2018,"2018-19","2017-18","B",,100,10,,2/22/2019,11/18/2018,11/18/2018,"MERCHAN1",,,
624,12/23/2018,"2018-19","2017-18","B",,100,20,,2/21/2019,11/22/2018,11/22/2018,"MERCHAN1",,,
289,12/23/2018,"2018-19","2017-18","B",,100,10,,2/21/2019,11/29/2018,11/29/2018,"MERCHAN1",,,
151,12/8/2018,"2018-19","2017-18","F",30,,,,2/6/2019,11/14/2018,11/14/2018,"SHARE14",,"---",
220,12/26/2018,"2018-19","2017-18","B",,100,7.5,,2/24/2019,11/29/2018,11/29/2018,"20040024",,,
557,12/13/2018,"2018-19","2017-18","B",,100,11,,2/11/2019,11/18/2018,11/18/2018,"20040024",,,
410,12/27/2018,"2018-19","2017-18","B",,100,10,,2/25/2019,11/12/2018,11/12/2018,"20040024",,,
697,12/26/2018,"2018-19","2017-18","B",,100,10,,2/24/2019,11/27/2018,11/27/2018,"20040024",,,
246,12/27/2018,"2018-19","2017-18","B",,100,5,,2/25/2019,12/2/2018,12/2/2018,"20040024",,,
449,12/20/2018,"2018-19","2017-18","F",20,,,,2/18/2019,11/27/2018,11/27/2018,"SHARE14",,"---",
477,12/20/2018,"2018-19","2017-18","F",36,,,,2/18/2019,11/27/2018,11/27/2018,"SHARE14",,"---",
400,12/31/2018,"2018-19","2017-18","B",,100,5,,3/1/2019,11/18/2018,11/18/2018,"20040024",,,
224,12/9/2018,"2018-19","2017-18","F",5,,,,2/7/2019,11/15/2018,11/15/2018,"SHARE14",,"------",
672,12/19/2018,"2018-19","2017-18","F",17,,,,2/17/2019,11/22/2018,11/22/2018,"SHARE14",,"---",
772,12/23/2018,"2018-19","2017-18","F",5,,,,2/21/2019,11/18/2018,11/18/2018,"SHARE14",,"-----",
468,12/20/2018,"2018-19","2017-18","F",10,,,,2/18/2019,11/20/2018,11/20/2018,"SHARE14",,"----",
691,12/20/2018,"2018-19","2017-18","F",2,,,,2/18/2019,11/19/2018,11/19/2018,"SHARE14",,"---",
485,7/18/2018,"2018-19","2016-17","F",100,,,,9/16/2018,6/7/2018,6/7/2018,"SHARE14",,"-----",
485,8/10/2018,"2018-19","2016-17","I",150,,,,10/9/2018,8/9/2018,8/9/2018,"SHARE14",,"-----",
487,12/27/2018,"2018-19","2017-18","F",10,,,,2/25/2019,11/14/2018,11/14/2018,"SHARE14",,"-----",
410,12/27/2018,"2018-19","2017-18","F",20,,,,2/25/2019,11/12/2018,11/12/2018,"SHARE14",,"--------",
491,12/20/2018,"2018-19","2017-18","F",10,,,,2/18/2019,11/14/2018,11/14/2018,"SHARE14",,"-----",
420,12/20/2018,"2018-19","2017-18","F",20,,,,2/18/2019,11/15/2018,11/15/2018,"SHARE14",,"-----",
254,12/20/2018,"2018-19","2017-18","F",20,,,,2/18/2019,11/15/2018,11/15/2018,"SHARE14",,"-----",
452,12/22/2018,"2018-19","2017-18","F",12.5,,,,2/20/2019,11/26/2018,11/26/2018,"SHARE14",,"---",
624,12/23/2018,"2018-19","2017-18","F",15,,,,2/21/2019,11/22/2018,11/22/2018,"SHARE14",,"------",
646,12/15/2018,"2018-19","2017-18","F",5,,,,2/13/2019,10/17/2018,10/17/2018,"SHARE14",,"-----",
494,12/18/2018,"2018-19","2017-18","F",10,,,,2/16/2019,11/20/2018,11/20/2018,"SHARE14",,"-----",
413,12/18/2018,"2018-19","2017-18","F",15,,,,2/16/2019,11/15/2018,11/15/2018,"SHARE14",,"---",
660,12/13/2018,"2018-19","2017-18","F",5,,,,2/11/2019,11/15/2018,11/15/2018,"SHARE14",,"-----",
215,12/22/2018,"2018-19","2017-18","F",12,,,,2/20/2019,11/18/2018,11/18/2018,"SHARE14",,"-----",
775,12/26/2018,"2018-19","2017-18","F",10,,,,2/24/2019,11/20/2018,11/20/2018,"SHARE14",,"----",
211,1/26/2019,"2018-19","2017-18","B",,100,10,,3/27/2019,12/24/2018,12/24/2018,"20040024",,,
742,3/31/2019,"2018-19","2017-18","B",,100,8,,5/30/2019,3/4/2019,3/4/2019,"MERCHAN1",,,
752,3/31/2019,"2018-19","2017-18","B",,100,10,,5/30/2019,3/4/2019,3/4/2019,"MERCHAN1",,,
132,3/31/2019,"2018-19","2017-18","B",,100,10,,5/30/2019,3/4/2019,3/4/2019,"MERCHAN1",,,
122,4/30/2019,"2018-19","2017-18","B",,100,5,,6/29/2019,4/15/2019,4/15/2019,"20040024",,,
748,4/15/2019,"2018-19","2017-18","B",,100,5,,6/14/2019,3/28/2019,3/28/2019,"20040024",,,
133,4/28/2019,"2018-19","2017-18","B",,100,5.95,,6/27/2019,4/8/2019,4/8/2019,"MERCHAN1",,,
118,4/29/2019,"2018-19","2017-18","B",,100,150,,6/28/2019,4/7/2019,4/7/2019,"MERCHAN1",,,
259,4/28/2019,"2018-19","2017-18","B",,100,200,,6/27/2019,4/4/2019,4/4/2019,"MERCHAN1",,,
106,5/19/2019,"2018-19","2017-18","B",,100,3,,7/18/2019,5/2/2019,5/2/2019,"MERCHAN1",,,
450,2/6/2019,"2018-19","2017-18","F",5,,,,4/7/2019,12/5/2018,12/5/2018,"SHARE14",,"--------",
113,5/16/2019,"2018-19","2017-18","F",12.5,,,,7/15/2019,4/23/2019,4/23/2019,"SHARE14",,"---------",
454,4/25/2019,"2018-19","2017-18","F",530,,,,6/24/2019,3/21/2019,3/21/2019,"SHARE14",,"---------",
122,4/30/2019,"2018-19","2017-18","F",5,,,,6/29/2019,4/15/2019,4/15/2019,"SHARE14",,"-------",
137,4/28/2019,"2018-19","2017-18","F",10,,,,6/27/2019,3/18/2019,3/18/2019,"SHARE14",,"--------",
259,4/28/2019,"2018-19","2017-18","F",500,,,,6/27/2019,4/4/2019,4/4/2019,"SHARE14",,"--------",
646,3/14/2019,"2018-19","2017-18","I",5,,,,5/13/2019,3/13/2019,3/13/2019,"SHARE14",,"-----------",
301,4/30/2019,"2018-19","2017-18","F",375,,,,6/29/2019,3/25/2019,3/25/2019,"SHARE14",,"-----",
756,5/2/2019,"2018-19","2017-18","F",10,,,,7/1/2019,4/9/2019,4/9/2019,"SHARE14",,"---------",
731,5/5/2019,"2018-19","2017-18","F",15,,,,7/4/2019,2/20/2019,2/20/2019,"SHARE14",,"--------",
111,5/23/2019,"2018-19","2017-18","F",20,,,,7/22/2019,5/6/2019,5/6/2019,"SHARE14",,"-------",
736,5/5/2019,"2018-19","2017-18","F",10,,,,7/4/2019,4/11/2019,4/11/2019,"SHARE14",,"----------",
112,6/22/2019,"2018-19","2017-18","B",,100,2,,8/21/2019,5/19/2019,5/19/2019,"MERCHAN1",,,
123,6/20/2019,"2018-19","2017-18","B",,100,15,,8/19/2019,5/30/2019,5/30/2019,"MERCHAN1",,,
755,6/26/2019,"2018-19","2017-18","B",,100,10,,8/25/2019,5/23/2019,5/23/2019,"MERCHAN1",,,
687,12/20/2017,"2017-18","2016-17","B",,100,28,,2/18/2018,11/16/2017,11/16/2017,"MERCHAN1",,,
673,12/20/2017,"2017-18","2016-17","B",,100,10,,2/18/2018,11/16/2017,11/16/2017,"MERCHAN1",,,
660,12/14/2017,"2017-18","2016-17","B",,100,10,,2/12/2018,11/16/2017,11/16/2017,"MERCHAN1",,,
233,12/12/2017,"2017-18","2016-17","B",,100,10,,2/10/2018,11/16/2017,11/16/2017,"MERCHAN1",,,
646,12/12/2017,"2017-18","2016-17","B",,100,10,,2/10/2018,11/16/2017,11/16/2017,"MERCHAN1",,,
201,12/24/2017,"2017-18","2016-17","B",,100,5,,2/22/2018,11/23/2017,11/23/2017,"MERCHAN1",,,
624,12/24/2017,"2017-18","2016-17","B",,100,20,,2/22/2018,11/23/2017,11/23/2017,"MERCHAN1",,,
480,12/28/2017,"2017-18","2016-17","B",,100,20,,2/26/2018,11/28/2017,11/28/2017,"MERCHAN1",,,
464,12/14/2017,"2017-18","2016-17","B",,100,15,,2/12/2018,11/23/2017,11/23/2017,"MERCHAN1",,,
319,12/26/2017,"2017-18","2016-17","B",,100,5,,2/24/2018,12/3/2017,12/3/2017,"MERCHAN1",,,
217,12/24/2017,"2017-18","2016-17","B",,100,10,,2/22/2018,11/27/2017,11/27/2017,"MERCHAN1",,,
668,12/9/2017,"2017-18","2016-17","B",,100,10,,2/7/2018,11/15/2017,11/15/2017,"MERCHAN1",,,
665,12/27/2017,"2017-18","2016-17","B",,100,10,,2/25/2018,11/30/2017,11/30/2017,"MERCHAN1",,,
647,12/9/2017,"2017-18","2016-17","B",,100,7,,2/7/2018,11/16/2017,11/16/2017,"MERCHAN1",,,
693,12/14/2017,"2017-18","2016-17","B",,100,10,,2/12/2018,11/16/2017,11/16/2017,"MERCHAN1",,,
270,12/27/2017,"2017-18","2016-17","B",,100,2,,2/25/2018,11/30/2017,11/30/2017,"MERCHAN1",,,
415,12/21/2017,"2017-18","2016-17","B",,100,15,,2/25/2018,11/16/2017,11/16/2017,"MERCHAN1",,,
710,12/14/2017,"2017-18","2016-17","B",,100,10,,2/12/2018,11/16/2017,11/16/2017,"MERCHAN1",,,
492,12/27/2017,"2017-18","2016-17","B",,100,10,,2/25/2018,11/16/2017,11/16/2017,"MERCHAN1",,,
401,12/21/2017,"2017-18","2016-17","B",,100,10,,2/19/2018,12/7/2017,12/7/2017,"MERCHAN1",,,
213,12/21/2017,"2017-18","2016-17","B",,100,10,,2/19/2018,11/27/2017,11/27/2017,"MERCHAN1",,,
618,12/23/2017,"2017-18","2016-17","B",,100,5,,2/21/2018,11/15/2017,11/15/2017,"MERCHAN1",,,
427,12/30/2017,"2017-18","2016-17","B",,100,10,,2/28/2018,11/19/2017,11/19/2017,"MERCHAN1",,,
704,12/14/2017,"2017-18","2016-17","B",,100,12,,2/12/2018,11/16/2017,11/16/2017,"MERCHAN1",,,
245,11/30/2017,"2017-18","2016-17","F",2,,,,1/29/2018,11/5/2017,11/5/2017,"SHARE14",,"-",
498,12/21/2017,"2017-18","2016-17","B",,100,10,,2/19/2018,11/22/2017,11/22/2017,"MERCHAN1",,,
295,12/23/2017,"2017-18","2016-17","B",,100,2,,2/21/2018,11/22/2017,11/22/2017,"MERCHAN1",,,
298,12/21/2017,"2017-18","2016-17","B",,100,10,,2/19/2018,11/23/2017,11/23/2017,"MERCHAN1",,,
669,12/26/2017,"2017-18","2016-17","B",,100,5,,2/24/2018,11/22/2017,11/22/2017,"MERCHAN1",,,
560,12/28/2017,"2017-18","2016-17","B",,100,5,,2/26/2018,11/23/2017,11/23/2017,"MERCHAN1",,,
500,12/23/2017,"2017-18","2016-17","B",,100,10,,2/21/2018,11/26/2017,11/26/2017,"MERCHAN1",,,
474,12/21/2017,"2017-18","2016-17","B",,100,20,,2/19/2018,11/16/2017,11/16/2017,"MERCHAN1",,,
714,12/20/2017,"2017-18","2016-17","B",,100,10,,2/18/2018,11/26/2017,11/26/2017,"MERCHAN1",,,
700,12/27/2017,"2017-18","2016-17","B",,100,10,,2/25/2018,11/19/2017,11/19/2017,"MERCHAN1",,,
452,12/23/2017,"2017-18","2016-17","F",12.5,,,,2/21/2018,11/15/2017,11/15/2017,"SHARE14",,"-",
487,12/27/2017,"2017-18","2016-17","F",10,,,,2/25/2018,11/14/2017,11/14/2017,"SHARE14",,"-",
672,12/27/2017,"2017-18","2016-17","F",15,,,,2/25/2018,11/26/2017,11/26/2017,"SHARE14",,"-",
202,12/14/2017,"2017-18","2016-17","F",45,,,,2/12/2018,11/23/2017,11/23/2017,"SHARE14",,"-",
408,12/4/2017,"2017-18","2016-17","F",10,,,,2/2/2018,11/2/2017,11/2/2017,"SHARE14",,"-",
413,12/14/2017,"2017-18","2016-17","F",12,,,,2/12/2018,11/16/2017,11/16/2017,"SHARE14",,"-",
553,12/21/2017,"2017-18","2016-17","F",10,,,,2/19/2018,11/16/2017,11/16/2017,"SHARE14",,"-",
658,12/21/2017,"2017-18","2016-17","F",10,,,,2/19/2018,11/22/2017,11/22/2017,"SHARE14",,"-",
307,1/6/2018,"2017-18","2016-17","F",15,,,,3/7/2018,11/16/2017,11/16/2017,"SHARE14",,"-",
625,12/19/2019,"2019-20","2018-19","B",,100,5,,2/17/2020,12/2/2019,12/2/2019,"MERCHAN1",,,
477,12/12/2019,"2019-20","2018-19","F",42,,,,2/10/2020,11/19/2019,11/19/2019,"SHARE14",,"-------------------",
254,12/12/2019,"2019-20","2018-19","F",20,,,,2/10/2020,11/13/2019,11/13/2019,"SHARE14",,"-------------",
457,12/21/2019,"2019-20","2018-19","F",100,,,,2/19/2020,11/20/2019,11/20/2019,"SHARE14",,"------------",
289,12/18/2019,"2019-20","2018-19","F",2,,,,2/16/2020,11/24/2019,11/24/2019,"SHARE14",,"------------",
659,12/21/2019,"2019-20","2018-19","F",10,,,,2/19/2020,11/17/2019,11/17/2019,"SHARE14",,"------------",
317,12/5/2019,"2019-20","2018-19","F",45,,,,2/3/2020,11/14/2019,11/14/2019,"SHARE14",,"-------------",
491,12/21/2019,"2019-20","2018-19","F",15,,,,2/19/2020,11/14/2019,11/14/2019,"SHARE14",,"----------------",
789,12/17/2019,"2019-20","2018-19","F",10,,,,2/15/2020,10/15/2019,10/15/2019,"SHARE14",,"---------------------",
213,12/28/2019,"2019-20","2018-19","F",5,,,,2/26/2020,11/24/2019,11/24/2019,"SHARE14",,"----------",
671,12/12/2019,"2019-20","2018-19","F",15,,,,2/10/2020,11/24/2019,11/24/2019,"SHARE14",,"----------------",
305,11/24/2019,"2019-20","2018-19","F",35,,,,1/23/2020,10/17/2019,10/17/2019,"SHARE14",,"-------------",
310,12/22/2019,"2019-20","2018-19","F",26,,,,2/20/2020,11/18/2019,11/18/2019,"SHARE14",,"------------",
771,12/12/2019,"2019-20","2018-19","F",2,,,,2/10/2020,11/21/2019,11/21/2019,"SHARE14",,"--------------",
486,12/24/2019,"2019-20","2018-19","F",5,,,,2/22/2020,11/17/2019,11/17/2019,"SHARE14",,"-------------",
245,12/26/2019,"2019-20","2018-19","F",9,,,,2/24/2020,11/21/2019,11/21/2019,"SHARE14",,"-------------",
225,12/21/2019,"2019-20","2018-19","F",23,,,,2/19/2020,11/19/2019,11/19/2019,"SHARE14",,"----------------",
780,12/19/2019,"2019-20","2018-19","F",2,,,,2/17/2020,11/20/2019,11/20/2019,"SHARE14",,"------------",
430,12/18/2019,"2019-20","2018-19","F",3,,,,2/16/2020,11/25/2019,11/25/2019,"SHARE14",,"-----------------",
468,12/26/2019,"2019-20","2018-19","F",30,,,,2/24/2020,11/19/2019,11/19/2019,"SHARE14",,"----------------",
672,12/26/2019,"2019-20","2018-19","F",17,,,,2/24/2020,11/28/2019,11/28/2019,"SHARE14",,"---------------",
774,12/29/2019,"2019-20","2018-19","F",10,,,,2/27/2020,11/25/2019,11/25/2019,"SHARE14",,"---------------",
448,12/26/2019,"2019-20","2018-19","F",2,,,,2/24/2020,11/21/2019,11/21/2019,"SHARE14",,"-----------------",
494,12/12/2019,"2019-20","2018-19","F",10,,,,2/10/2020,11/20/2019,11/20/2019,"SHARE14",,"---------------",
413,12/12/2019,"2019-20","2018-19","F",10,,,,2/10/2020,11/21/2019,11/21/2019,"SHARE14",,"----------------",
498,12/24/2019,"2019-20","2018-19","F",5,,,,2/22/2020,11/21/2019,11/21/2019,"SHARE14",,"----------------",
770,12/22/2019,"2019-20","2018-19","F",8,,,,2/20/2020,11/28/2019,11/28/2019,"SHARE14",,"--------------",
711,12/21/2019,"2019-20","2018-19","F",10,,,,2/19/2020,11/21/2019,11/21/2019,"SHARE14",,"-----------",
564,12/26/2019,"2019-20","2018-19","F",5,,,,2/24/2020,11/20/2019,11/20/2019,"SHARE14",,"--------------",
713,12/26/2019,"2019-20","2018-19","F",6,,,,2/24/2020,11/19/2019,11/19/2019,"SHARE14",,"-------------",
791,12/26/2019,"2019-20","2018-19","F",2,,,,2/24/2020,11/19/2019,11/19/2019,"SHARE14",,"----------------",
229,1/6/2020,"2019-20","2018-19","F",10,,,,3/6/2020,11/27/2019,11/27/2019,"SHARE14",,"---------------",
550,12/12/2019,"2019-20","2018-19","F",6,,,,2/10/2020,11/17/2019,11/17/2019,"SHARE14",,"----------------",
775,12/12/2019,"2019-20","2018-19","F",10,,,,2/10/2020,11/19/2019,11/19/2019,"SHARE14",,"-------------------",
704,12/24/2019,"2019-20","2018-19","F",2,,,,2/22/2020,11/24/2019,11/24/2019,"SHARE14",,"----------------",
513,12/31/2019,"2019-20","2018-19","F",1,,,,2/29/2020,11/25/2019,11/25/2019,"SHARE14",,"----------------",
660,12/12/2019,"2019-20","2018-19","F",5,,,,2/10/2020,11/21/2019,11/21/2019,"SHARE14",,"-------------",
299,12/19/2019,"2019-20","2018-19","F",12.5,,,,2/17/2020,11/20/2019,11/20/2019,"SHARE14",,"--------------",
464,12/15/2019,"2019-20","2018-19","F",20,,,,2/13/2020,11/17/2019,11/17/2019,"SHARE14",,"---------------",
436,12/28/2019,"2019-20","2018-19","F",5,,,,2/26/2020,11/25/2019,11/25/2019,"SHARE14",,"---------------",
640,12/23/2019,"2019-20","2018-19","F",1,,,,2/21/2020,11/21/2019,11/21/2019,"SHARE14",,"-----------",
210,12/23/2019,"2019-20","2018-19","F",10,,,,2/21/2020,11/25/2019,11/25/2019,"SHARE14",,"-------",
443,1/22/2020,"2019-20","2018-19","F",10,,,,3/22/2020,11/27/2019,11/27/2019,"SHARE14",,"-----------",
451,12/31/2019,"2019-20","2018-19","F",30,,,,2/29/2020,12/17/2019,12/17/2019,"SHARE14",,"---------------",
311,12/23/2019,"2019-20","2018-19","F",10,,,,2/21/2020,11/25/2019,11/25/2019,"SHARE14",,"-----------",
788,1/28/2020,"2019-20","2018-19","F",15,,,,3/28/2020,12/5/2019,12/5/2019,"SHARE14",,"--------",
322,1/29/2020,"2019-20","2018-19","F",28,,,,3/29/2020,12/3/2019,12/3/2019,"SHARE14",,"-----------",
454,4/16/2020,"2019-20","2018-19","F",530,,,,6/15/2020,3/16/2020,3/16/2020,"SHARE14",,"--------------",
259,4/22/2020,"2019-20","2018-19","F",400,,,,6/21/2020,3/12/2020,3/12/2020,"SHARE14",,"------------",
742,3/30/2020,"2019-20","2018-19","F",10,,,,5/29/2020,3/15/2020,3/15/2020,"SHARE14",,"----------------",
654,3/31/2020,"2019-20","2018-19","F",15,,,,5/30/2020,2/25/2020,2/25/2020,"SHARE14",,"-----------",
549,4/21/2020,"2019-20","2018-19","F",40,,,,6/20/2020,2/17/2020,2/17/2020,"SHARE14",,"-----------",
209,5/13/2020,"2019-20","2018-19","F",77,,,,7/12/2020,3/9/2020,3/9/2020,"SHARE14",,"----------",
360,12/22/2019,"2019-20","2018-19","F",10,,,,2/20/2020,12/5/2019,12/5/2019,"SHARE14",,"-------------",
135,6/27/2020,"2019-20","2018-19","F",35,,,,8/26/2020,3/12/2020,3/12/2020,"SHARE14",,,
128,8/12/2020,"2020-21","2019-20","B",,100,5,,10/11/2020,7/2/2020,7/2/2020,"MERCHAN1",,,
131,6/7/2020,"2019-20","2018-19","F",11,,,,8/6/2020,6/2/2020,6/2/2020,"SHARE14",,,
175,9/1/2020,"2020-21","2019-20","F",5,,,,10/31/2020,8/31/2020,8/31/2020,"SHARE14",,,
178,9/1/2020,"2020-21","2019-20","F",5,,,,10/31/2020,8/31/2020,8/31/2020,"SHARE14",,,
173,9/1/2020,"2020-21","2019-20","F",5,,,,10/31/2020,8/31/2020,8/31/2020,"SHARE14",,,
179,9/1/2020,"2020-21","2019-20","F",5,,,,10/31/2020,8/31/2020,8/31/2020,"SHARE14",,,
182,9/1/2020,"2020-21","2019-20","F",5,,,,10/31/2020,8/31/2020,8/31/2020,"SHARE14",,,
172,9/1/2020,"2020-21","2019-20","F",5,,,,10/31/2020,8/31/2020,8/31/2020,"SHARE14",,,
712,9/1/2020,"2020-21","2019-20","F",5,,,,10/31/2020,8/31/2020,8/31/2020,"SHARE14",,,
128,8/12/2020,"2020-21","2019-20","F",5,,,,10/11/2020,7/2/2020,7/2/2020,"SHARE14",,,
143,9/1/2020,"2020-21","2019-20","F",10,,,,10/31/2020,8/6/2020,8/6/2020,"SHARE14",,,
757,9/3/2020,"2020-21","2019-20","F",7,,,,11/2/2020,8/10/2020,8/10/2020,"SHARE14",,,
721,9/3/2020,"2020-21","2019-20","F",20,,,,11/2/2020,8/16/2020,8/16/2020,"SHARE14",,,
141,9/7/2020,"2020-21","2019-20","F",7,,,,11/6/2020,7/23/2020,7/23/2020,"SHARE14",,,
139,9/16/2020,"2020-21","2019-20","F",12,,,,11/15/2020,7/30/2020,7/30/2020,"SHARE14",,,
719,9/30/2020,"2020-21","2019-20","F",15,,,,11/29/2020,9/15/2020,9/15/2020,"SHARE14",,,
724,9/27/2020,"2020-21","2019-20","F",7,,,,11/26/2020,8/16/2020,8/16/2020,"SHARE14",,,
761,10/10/2020,"2020-21","2019-20","B",,100,5,,12/9/2020,8/13/2020,8/13/2020,"MERCHAN1",,,
718,9/23/2020,"2020-21","2019-20","F",22,,,,11/22/2020,8/24/2020,8/24/2020,"SHARE14",,,
485,11/26/2020,"2020-21","2019-20","I",200,,,,1/25/2021,11/17/2020,11/17/2020,"SHARE14",,,
220,11/29/2020,"2020-21","2019-20","F",3,,,,1/28/2021,11/1/2020,11/1/2020,"SHARE14",,,
790,12/24/2020,"2020-21","2019-20","B",,100,5,,2/22/2021,11/18/2020,11/18/2020,"MERCHAN1",,,
464,12/21/2020,"2020-21","2019-20","B",,100,10,,2/19/2021,11/26/2020,11/26/2020,"MERCHAN1",,,
318,12/30/2020,"2020-21","2019-20","B",,100,7,,2/28/2021,11/24/2020,11/24/2020,"MERCHAN1",,,
779,12/24/2020,"2020-21","2019-20","B",,100,2,,2/22/2021,11/23/2020,11/23/2020,"MERCHAN1",,,
408,12/15/2020,"2020-21","2019-20","B",,100,10,,2/13/2021,11/19/2020,11/19/2020,"MERCHAN1",,,
776,12/20/2020,"2020-21","2019-20","B",,100,3,,2/18/2021,11/18/2020,11/18/2020,"MERCHAN1",,,
312,11/18/2020,"2020-21","2019-20","F",34,,,,1/17/2021,12/13/2020,12/13/2020,"SHARE14",,,
312,12/13/2020,"2020-21","2019-20","F",34,,,,2/11/2021,11/18/2020,11/18/2020,"SHARE14",,,
318,12/30/2020,"2020-21","2019-20","F",8,,,,2/28/2021,11/24/2020,11/24/2020,"SHARE14",,,
798,12/23/2020,"2020-21","2019-20","F",200,,,,2/21/2021,11/19/2020,11/19/2020,"SHARE14",,,
550,12/23/2020,"2020-21","2019-20","F",8,,,,2/21/2021,11/19/2020,11/19/2020,"SHARE14",,,
556,12/24/2019,"2019-20","2018-19","B",,100,6,,2/22/2020,11/19/2019,11/19/2019,"MERCHAN1",,,
673,12/22/2019,"2019-20","2018-19","B",,100,10,,2/20/2020,11/20/2019,11/20/2019,"MERCHAN1",,,
709,12/26/2019,"2019-20","2018-19","B",,100,10,,2/24/2020,11/25/2019,11/25/2019,"MERCHAN1",,,
622,11/14/2019,"2019-20","2018-19","F",20,,,,1/13/2020,10/17/2019,10/17/2019,"SHARE14",,"------------",
203,12/4/2019,"2019-20","2018-19","F",20,,,,2/2/2020,11/3/2019,11/3/2019,"SHARE14",,"------------",
778,11/25/2019,"2019-20","2018-19","F",6,,,,1/24/2020,11/19/2019,11/19/2019,"SHARE14",,"---------------",
195,12/3/2019,"2019-20","2018-19","F",4,,,,2/1/2020,12/2/2019,12/2/2019,"SHARE14",,"------------",
194,12/3/2019,"2019-20","2018-19","F",4,,,,2/1/2020,12/2/2019,12/2/2019,"SHARE14",,"------------",
563,11/26/2019,"2019-20","2018-19","F",16,,,,1/25/2020,11/5/2019,11/5/2019,"SHARE14",,"-------------",
695,12/12/2019,"2019-20","2018-19","F",10,,,,2/10/2020,11/19/2019,11/19/2019,"SHARE14",,"-----------",
410,12/21/2019,"2019-20","2018-19","F",20,,,,2/19/2020,11/5/2019,11/5/2019,"SHARE14",,"----------",
449,12/12/2019,"2019-20","2018-19","F",20,,,,2/10/2020,11/19/2019,11/19/2019,"SHARE14",,"-----------",
605,11/24/2019,"2019-20","2018-19","F",10,,,,1/23/2020,11/6/2019,11/6/2019,"SHARE14",,"----------------------",
566,12/5/2019,"2019-20","2018-19","F",5,,,,2/3/2020,11/14/2019,11/14/2019,"SHARE14",,"------------",
649,12/12/2019,"2019-20","2018-19","F",2,,,,2/10/2020,11/19/2019,11/19/2019,"SHARE14",,"----------------",
752,3/29/2020,"2019-20","2018-19","B",,100,15,,5/28/2020,3/11/2020,3/11/2020,"MERCHAN1",,,
115,8/6/2020,"2020-21","2019-20","B",,100,5,,10/5/2020,7/14/2020,7/14/2020,"MERCHAN1",,,
738,9/23/2020,"2020-21","2019-20","R",,1,1,5,11/22/2020,9/7/2020,9/7/2020,"MERCHAN1",,,
745,9/17/2020,"2020-21","2019-20","B",,100,6,,11/16/2020,7/26/2020,7/26/2020,"MERCHAN1",,,
122,7/12/2020,"2020-21","2019-20","F",10,,,,9/10/2020,6/2/2020,6/2/2020,"SHARE14",,,
111,8/5/2020,"2020-21","2019-20","F",15,,,,10/4/2020,6/3/2020,6/3/2020,"SHARE14",,,
108,9/3/2020,"2020-21","2019-20","F",5,,,,11/2/2020,7/19/2020,7/19/2020,"SHARE14",,,
226,9/17/2020,"2020-21","2019-20","B",,100,1,,11/16/2020,8/31/2020,8/31/2020,"MERCHAN1",,,
104,8/20/2020,"2020-21","2019-20","F",10,,,,10/19/2020,7/21/2020,7/21/2020,"SHARE14",,,
480,10/22/2020,"2020-21","2019-20","B",,100,10,,12/21/2020,12/12/2018,12/12/2018,"MERCHAN1",,,
126,8/27/2020,"2020-21","2019-20","F",15,,,,10/26/2020,7/20/2020,7/20/2020,"SHARE14",,,
622,11/5/2020,"2020-21","2019-20","F",15,,,,1/4/2021,10/8/2020,10/8/2020,"SHARE14",,,
758,10/29/2020,"2020-21","2019-20","F",7.5,,,,12/28/2020,9/17/2020,9/17/2020,"SHARE14",,,
763,9/24/2020,"2020-21","2019-20","F",15,,,,11/23/2020,8/24/2020,8/24/2020,"SHARE14",,,
477,12/15/2020,"2020-21","2019-20","B",,100,5,,2/13/2021,11/22/2020,11/22/2020,"MERCHAN1",,,
452,12/19/2020,"2020-21","2019-20","B",,100,10,,2/17/2021,11/25/2020,11/25/2020,"MERCHAN1",,,
491,12/17/2020,"2020-21","2019-20","I",5,,,,2/15/2021,12/8/2020,12/8/2020,"SHARE14",,,
601,11/25/2020,"2020-21","2019-20","F",12,,,,1/24/2021,10/21/2020,10/21/2020,"SHARE14",,,
711,12/24/2020,"2020-21","2019-20","B",,100,10,,2/22/2021,11/16/2020,11/16/2020,"MERCHAN1",,,
702,12/14/2020,"2020-21","2019-20","B",,100,5,,2/12/2021,11/23/2020,11/23/2020,"MERCHAN1",,,
695,12/19/2020,"2020-21","2019-20","B",,100,2,,2/17/2021,11/22/2020,11/22/2020,"MERCHAN1",,,
737,12/29/2020,"2020-21","2019-20","B",,100,10,,2/27/2021,11/22/2020,11/22/2020,"MERCHAN1",,,
550,12/23/2020,"2020-21","2019-20","B",,100,2,,2/21/2021,11/19/2020,11/19/2020,"MERCHAN1",,,
568,12/10/2020,"2020-21","2019-20","F",3,,,,2/8/2021,11/30/2020,11/30/2020,"SHARE14",,,
114,9/16/2020,"2020-21","2019-20","F",7.5,,,,11/15/2020,7/28/2020,7/28/2020,"SHARE14",,,
449,12/15/2020,"2020-21","2019-20","F",10,,,,2/13/2021,11/22/2020,11/22/2020,"SHARE14",,,
795,1/12/2021,"2020-21","2019-20","F",8.5,,,,3/13/2021,1/4/2021,1/4/2021,"SHARE14",,,
764,9/23/2020,"2020-21","2019-20","F",6,,,,11/22/2020,9/3/2020,9/3/2020,"SHARE14",,,
618,12/19/2020,"2020-21","2019-20","F",5,,,,2/17/2021,11/25/2020,11/25/2020,"SHARE14",,,
202,12/24/2020,"2020-21","2019-20","F",52,,,,2/22/2021,11/26/2020,11/26/2020,"SHARE14",,,
452,12/19/2020,"2020-21","2019-20","F",15,,,,2/17/2021,11/25/2020,11/25/2020,"SHARE14",,,
207,12/28/2020,"2020-21","2019-20","B",,100,10,,2/26/2021,11/19/2020,11/19/2020,"MERCHAN1",,,
770,12/28/2020,"2020-21","2019-20","B",,100,8,,2/26/2021,11/26/2020,11/26/2020,"MERCHAN1",,,
246,12/30/2020,"2020-21","2019-20","B",,100,1,,2/28/2021,12/9/2020,12/9/2020,"MERCHAN1",,,
704,12/23/2020,"2020-21","2019-20","B",,100,5,,2/21/2021,12/8/2020,12/8/2020,"MERCHAN1",,,
800,12/31/2020,"2020-21","2019-20","B",,100,8,,3/1/2021,12/15/2020,12/15/2020,"MERCHAN1",,,
786,12/30/2020,"2020-21","2019-20","B",,100,10,,2/28/2021,11/17/2020,11/17/2020,"MERCHAN1",,,
710,12/24/2020,"2020-21","2019-20","B",,100,10,,2/22/2021,11/17/2020,11/17/2020,"MERCHAN1",,,
415,12/27/2020,"2020-21","2019-20","B",,100,3,,2/25/2021,11/18/2020,11/18/2020,"MERCHAN1",,,
569,12/27/2020,"2020-21","2019-20","B",,100,15,,2/25/2021,12/3/2020,12/3/2020,"MERCHAN1",,,
607,12/28/2020,"2020-21","2019-20","B",,100,5,,2/26/2021,11/19/2020,11/19/2020,"MERCHAN1",,,
243,12/24/2020,"2020-21","2019-20","F",15,,,,2/22/2021,11/15/2020,11/15/2020,"SHARE14",,,
231,12/24/2020,"2020-21","2019-20","F",15,,,,2/22/2021,11/15/2020,11/15/2020,"SHARE14",,,
561,12/24/2020,"2020-21","2019-20","F",8,,,,2/22/2021,11/29/2020,11/29/2020,"SHARE14",,,
225,12/24/2020,"2020-21","2019-20","F",23,,,,2/22/2021,11/19/2020,11/19/2020,"SHARE14",,,
420,12/24/2020,"2020-21","2019-20","F",15,,,,2/22/2021,11/18/2020,11/18/2020,"SHARE14",,,
772,12/23/2020,"2020-21","2019-20","F",5,,,,2/21/2021,11/26/2020,11/26/2020,"SHARE14",,,
322,1/25/2021,"2020-21","2019-20","B",,100,2,,3/26/2021,12/3/2020,12/3/2020,"MERCHAN1",,,
307,1/16/2021,"2020-21","2019-20","F",20,,,,3/17/2021,11/26/2020,11/26/2020,"SHARE14",,,
789,12/21/2020,"2020-21","2019-20","F",10,,,,2/19/2021,11/15/2020,11/15/2020,"SHARE14",,,
780,12/24/2020,"2020-21","2019-20","F",2,,,,2/22/2021,11/22/2020,11/22/2020,"SHARE14",,,
854,1/31/2021,"2020-21","2019-20","F",6,,,,4/1/2021,12/31/2020,12/31/2020,"SHARE14",,,
856,1/31/2021,"2020-21","2019-20","F",3,,,,4/1/2021,12/31/2020,12/31/2020,"INVEST",,,
289,12/29/2020,"2020-21","2019-20","F",1.65,,,,2/27/2021,11/24/2020,11/24/2020,"SHARE14",,,
246,12/30/2020,"2020-21","2019-20","F",1,,,,2/28/2021,12/9/2020,12/9/2020,"SHARE14",,,
800,12/31/2020,"2020-21","2019-20","F",2,,,,3/1/2021,12/15/2020,12/15/2020,"SHARE14",,,
709,12/30/2020,"2020-21","2019-20","F",1,,,,2/28/2021,11/29/2020,11/29/2020,"SHARE14",,,
658,12/24/2020,"2020-21","2019-20","F",5,,,,2/22/2021,11/26/2020,11/26/2020,"SHARE14",,,
669,12/27/2020,"2020-21","2019-20","F",1,,,,2/25/2021,11/26/2020,11/26/2020,"SHARE14",,,
773,12/24/2020,"2020-21","2019-20","F",10,,,,2/22/2021,11/30/2020,11/30/2020,"SHARE14",,,
634,12/24/2020,"2020-21","2019-20","F",1,,,,2/22/2021,11/18/2020,11/18/2020,"SHARE14",,,
791,12/24/2020,"2020-21","2019-20","F",10,,,,2/22/2021,12/1/2020,12/1/2020,"SHARE14",,,
223,1/31/2021,"2020-21","2019-20","B",,100,5,,4/1/2021,12/3/2020,12/3/2020,"MERCHAN1",,,
427,2/25/2021,"2020-21","2019-20","I",3,,,,4/26/2021,2/22/2021,2/22/2021,"SHARE14",,,
660,2/25/2021,"2020-21","2019-20","I",2.5,,,,4/26/2021,2/18/2021,2/18/2021,"SHARE14",,,
132,3/30/2021,"2020-21","2019-20","B",,100,7.5,,5/29/2021,3/8/2021,3/8/2021,"MERCHAN1",,,
309,3/6/2021,"2020-21","2019-20","F",150,,,,5/5/2021,1/21/2021,1/21/2021,"SHARE14",,,
360,12/24/2020,"2020-21","2019-20","F",10,,,,2/22/2021,12/3/2020,12/3/2020,"SHARE14",,,
744,3/31/2021,"2020-21","2019-20","B",,100,6,,5/30/2021,3/11/2021,3/11/2021,"MERCHAN1",,,
259,3/28/2021,"2020-21","2019-20","F",300,,,,5/27/2021,3/3/2021,3/3/2021,"SHARE14",,,
259,3/28/2021,"2020-21","2019-20","B",,1,2,,5/27/2021,3/3/2021,3/3/2021,"INVEST",,,
135,3/31/2021,"2020-21","2019-20","B",,20,1,,5/30/2021,3/11/2021,3/11/2021,"INVEST",,,
742,4/4/2021,"2020-21","2019-20","F",12,,,,6/3/2021,3/11/2021,3/11/2021,"SHARE14",,,
654,3/31/2021,"2020-21","2019-20","F",10,,,,5/30/2021,2/25/2021,2/25/2021,"SHARE14",,,
308,3/13/2021,"2020-21","2019-20","F",120,,,,5/12/2021,1/19/2021,1/19/2021,"SHARE14",,,
135,3/31/2021,"2020-21","2019-20","F",15,,,,5/30/2021,3/11/2021,3/11/2021,"SHARE14",,,
132,3/30/2021,"2020-21","2019-20","F",24.5,,,,5/29/2021,3/8/2021,3/8/2021,"SHARE14",,,
123,4/28/2021,"2020-21","2019-20","B",,100,5,,6/27/2021,4/5/2021,4/5/2021,"MERCHAN1",,,
128,4/28/2021,"2020-21","2019-20","B",,100,5,,6/27/2021,4/4/2021,4/4/2021,"MERCHAN1",,,
652,4/22/2021,"2020-21","2019-20","F",10,,,,6/21/2021,3/24/2021,3/24/2021,"SHARE14",,,
415,12/19/2019,"2019-20","2018-19","B",,100,10,,2/17/2020,11/18/2019,11/18/2019,"MERCHAN1",,,
707,12/12/2019,"2019-20","2018-19","B",,100,14,,2/10/2020,11/18/2019,11/18/2019,"MERCHAN1",,,
774,12/29/2019,"2019-20","2018-19","B",,100,10,,2/27/2020,11/25/2019,11/25/2019,"MERCHAN1",,,
607,12/19/2019,"2019-20","2018-19","B",,100,10,,2/17/2020,11/19/2019,11/19/2019,"MERCHAN1",,,
785,12/31/2019,"2019-20","2018-19","B",,100,15,,2/29/2020,11/21/2019,11/21/2019,"MERCHAN1",,,
452,12/21/2019,"2019-20","2018-19","F",15,,,,2/19/2020,11/25/2019,11/25/2019,"SHARE14",,"-----------",
624,12/24/2019,"2019-20","2018-19","F",15,,,,2/22/2020,11/21/2019,11/21/2019,"SHARE14",,"----------------",
232,12/26/2019,"2019-20","2018-19","F",5,,,,2/24/2020,11/21/2019,11/21/2019,"SHARE14",,"-------------",
603,1/10/2020,"2019-20","2018-19","I",125,,,,3/10/2020,1/9/2020,1/9/2020,"SHARE14",,"-------------",
109,6/25/2020,"2019-20","2018-19","B",,100,23,,8/24/2020,6/3/2020,6/3/2020,"MERCHAN1",,,
132,6/30/2020,"2019-20","2018-19","F",15,,,,8/29/2020,3/2/2020,3/2/2020,"SHARE14",,,
137,4/23/2020,"2019-20","2018-19","F",10,,,,6/22/2020,3/12/2020,3/12/2020,"SHARE14",,,
731,7/26/2020,"2020-21","2019-20","F",15,,,,9/24/2020,3/8/2020,3/8/2020,"SHARE14",,,
140,9/3/2020,"2020-21","2019-20","B",,100,5,,11/2/2020,8/6/2020,8/6/2020,"MERCHAN1",,,
120,7/30/2020,"2020-21","2019-20","F",5,,,,9/28/2020,6/2/2020,6/2/2020,"SHARE14",,,
123,6/24/2020,"2019-20","2018-19","F",11,,,,8/23/2020,6/2/2020,6/2/2020,"SHARE14",,,
127,6/25/2020,"2019-20","2018-19","F",7.5,,,,8/24/2020,6/3/2020,6/3/2020,"SHARE14",,,
109,6/25/2020,"2019-20","2018-19","F",7,,,,8/24/2020,6/3/2020,6/3/2020,"SHARE14",,,
118,7/8/2020,"2020-21","2019-20","F",15,,,,9/6/2020,6/2/2020,6/2/2020,"SHARE14",,,
117,9/15/2020,"2020-21","2019-20","F",5,,,,11/14/2020,7/26/2020,7/26/2020,"SHARE14",,,
745,9/17/2020,"2020-21","2019-20","F",6,,,,11/16/2020,7/26/2020,7/26/2020,"SHARE14",,,
759,9/20/2020,"2020-21","2019-20","F",10,,,,11/19/2020,8/9/2020,8/9/2020,"SHARE14",,,
116,9/28/2020,"2020-21","2019-20","F",15,,,,11/27/2020,8/10/2020,8/10/2020,"SHARE14",,,
485,7/22/2020,"2020-21","2019-20","F",200,,,,9/20/2020,6/18/2020,6/18/2020,"SHARE14",,,
485,8/23/2020,"2020-21","2019-20","I",300,,,,10/22/2020,8/16/2020,8/16/2020,"SHARE14",,,
259,11/19/2020,"2020-21","2019-20","I",300,,,,1/18/2021,11/11/2020,11/11/2020,"SHARE14",,,
735,10/25/2020,"2020-21","2019-20","F",10,,,,12/24/2020,8/25/2020,8/25/2020,"SHARE14",,,
457,12/19/2020,"2020-21","2019-20","B",,100,10,,2/17/2021,11/16/2020,11/16/2020,"MERCHAN1",,,
797,11/29/2020,"2020-21","2019-20","I",5,,,,1/28/2021,11/22/2020,11/22/2020,"SHARE14",,,
244,11/19/2020,"2020-21","2019-20","F",7.5,,,,1/18/2021,11/4/2020,11/4/2020,"SHARE14",,,
671,12/14/2020,"2020-21","2019-20","F",18,,,,2/12/2021,11/26/2020,11/26/2020,"SHARE14",,,
556,12/17/2020,"2020-21","2019-20","F",5,,,,2/15/2021,11/19/2020,11/19/2020,"SHARE14",,,
727,8/24/2020,"2020-21","2019-20","F",20,,,,10/23/2020,7/20/2020,7/20/2020,"SHARE14",,,
310,12/15/2020,"2020-21","2019-20","F",26,,,,2/13/2021,11/18/2020,11/18/2020,"SHARE14",,,
410,12/24/2020,"2020-21","2019-20","F",11,,,,2/22/2021,11/15/2020,11/15/2020,"SHARE14",,,
464,12/21/2020,"2020-21","2019-20","F",35,,,,2/19/2021,11/26/2020,11/26/2020,"SHARE14",,,
653,12/19/2020,"2020-21","2019-20","F",2,,,,2/17/2021,11/25/2020,11/25/2020,"SHARE14",,,
695,12/19/2020,"2020-21","2019-20","F",9,,,,2/17/2021,11/22/2020,11/22/2020,"SHARE14",,,
212,12/20/2020,"2020-21","2019-20","F",3,,,,2/18/2021,11/18/2020,11/18/2020,"SHARE14",,,
214,11/19/2020,"2020-21","2019-20","F",5,,,,1/18/2021,11/2/2020,11/2/2020,"SHARE14",,,
564,12/29/2020,"2020-21","2019-20","F",10,,,,2/27/2021,11/22/2020,11/22/2020,"SHARE14",,,
703,12/28/2020,"2020-21","2019-20","F",1,,,,2/26/2021,12/6/2020,12/6/2020,"SHARE14",,,
728,12/15/2020,"2020-21","2019-20","F",10,,,,2/13/2021,11/22/2020,11/22/2020,"SHARE14",,,
491,12/28/2020,"2020-21","2019-20","F",5,,,,2/26/2021,11/15/2020,11/15/2020,"SHARE14",,,
711,12/24/2020,"2020-21","2019-20","F",10,,,,2/22/2021,11/16/2020,11/16/2020,"SHARE14",,,
499,12/24/2020,"2020-21","2019-20","F",1,,,,2/22/2021,11/23/2020,11/23/2020,"SHARE14",,,
483,12/29/2020,"2020-21","2019-20","F",30,,,,2/27/2021,11/16/2020,11/16/2020,"SHARE14",,,
498,12/24/2020,"2020-21","2019-20","F",5,,,,2/22/2021,11/19/2020,11/19/2020,"SHARE14",,,
513,12/31/2020,"2020-21","2019-20","F",0.25,,,,3/1/2021,11/25/2020,11/25/2020,"SHARE14",,,
198,2/28/2021,"2020-21","2019-20","F",7.25,,,,4/29/2021,2/22/2021,2/22/2021,"SHARE14",,,
640,12/31/2020,"2020-21","2019-20","F",1.4,,,,3/1/2021,11/24/2020,11/24/2020,"SHARE14",,,
688,12/29/2020,"2020-21","2019-20","F",10,,,,2/27/2021,12/3/2020,12/3/2020,"SHARE14",,,
302,2/27/2021,"2020-21","2019-20","F",125,,,,4/28/2021,1/18/2021,1/18/2021,"SHARE14",,,
624,2/28/2021,"2020-21","2019-20","F",15,,,,4/29/2021,1/31/2021,1/31/2021,"SHARE14",,,
231,3/4/2021,"2020-21","2019-20","I",10,,,,5/3/2021,2/28/2021,2/28/2021,"SHARE14",,,
243,3/4/2021,"2020-21","2019-20","I",10,,,,5/3/2021,2/28/2021,2/28/2021,"SHARE14",,,
720,3/28/2021,"2020-21","2019-20","F",10,,,,5/27/2021,3/4/2021,3/4/2021,"SHARE14",,,
303,3/13/2021,"2020-21","2019-20","F",30,,,,5/12/2021,1/20/2021,1/20/2021,"SHARE14",,,
744,3/31/2021,"2020-21","2019-20","F",6,,,,5/30/2021,3/11/2021,3/11/2021,"SHARE14",,,
705,4/4/2021,"2020-21","2019-20","F",1.6,,,,6/3/2021,3/28/2021,3/28/2021,"SHARE14",,,
436,12/30/2020,"2020-21","2019-20","F",1,,,,2/28/2021,11/30/2020,11/30/2020,"SHARE14",,,
128,4/28/2021,"2020-21","2019-20","F",7,,,,6/27/2021,4/4/2021,4/4/2021,"SHARE14",,,
209,4/15/2021,"2020-21","2019-20","F",30,,,,6/14/2021,2/16/2021,2/16/2021,"SHARE14",,,
122,4/29/2021,"2020-21","2019-20","F",10,,,,6/28/2021,4/8/2021,4/8/2021,"SHARE14",,,
118,4/26/2021,"2020-21","2019-20","F",15,,,,6/25/2021,3/28/2021,3/28/2021,"SHARE14",,,
123,4/28/2021,"2020-21","2019-20","F",10,,,,6/27/2021,4/5/2021,4/5/2021,"SHARE14",,,
298,4/15/2021,"2020-21","2019-20","I",2,,,,6/14/2021,4/8/2021,4/8/2021,"SHARE14",,,
557,3/22/2021,"2020-21","2019-20","F",1,,,,5/21/2021,2/28/2021,2/28/2021,"SHARE14",,,
725,4/28/2021,"2020-21","2019-20","B",,100,5,,6/27/2021,4/6/2021,4/6/2021,"MERCHAN1",,,
146,4/25/2021,"2020-21","2019-20","F",25,,,,6/24/2021,4/4/2021,4/4/2021,"SHARE14",,,
137,5/5/2021,"2020-21","2019-20","F",10,,,,7/4/2021,4/11/2021,4/11/2021,"SHARE14",,,
802,5/11/2021,"2020-21","2019-20","I",3,,,,7/10/2021,5/2/2021,5/2/2021,"SHARE14",,,
748,5/3/2021,"2020-21","2019-20","B",,100,20,,7/2/2021,4/1/2021,4/1/2021,"MERCHAN1",,,
299,4/29/2021,"2020-21","2019-20","B",,100,2.5,,6/28/2021,12/13/2020,12/13/2020,"MERCHAN1",,,
129,5/5/2021,"2020-21","2019-20","B",,100,7.5,,7/4/2021,4/12/2021,4/12/2021,"MERCHAN1",,,
740,4/29/2021,"2020-21","2019-20","F",12,,,,6/28/2021,4/5/2021,4/5/2021,"SHARE14",,,
725,4/28/2021,"2020-21","2019-20","F",5,,,,6/27/2021,4/6/2021,4/6/2021,"SHARE14",,,
454,4/29/2021,"2020-21","2019-20","F",440,,,,6/28/2021,3/23/2021,3/23/2021,"SHARE14",,,
109,5/20/2021,"2020-21","2019-20","B",,100,12.5,,7/19/2021,5/2/2021,5/2/2021,"MERCHAN1",,,
127,5/27/2021,"2020-21","2019-20","B",,100,5,,7/26/2021,5/4/2021,5/4/2021,"MERCHAN1",,,
124,5/6/2021,"2020-21","2019-20","B",,100,2,,7/5/2021,4/13/2021,4/13/2021,"MERCHAN1",,,
111,5/30/2021,"2020-21","2019-20","F",17.5,,,,7/29/2021,5/5/2021,5/5/2021,"SHARE14",,,
129,5/5/2021,"2020-21","2019-20","F",12.5,,,,7/4/2021,4/12/2021,4/12/2021,"SHARE14",,,
299,12/31/2020,"2020-21","2019-20","F",10,,,,3/1/2021,12/13/2020,12/13/2020,"SHARE14",,,
775,5/2/2021,"2020-21","2019-20","F",10,,,,7/1/2021,4/18/2021,4/18/2021,"SHARE14",,,
102,5/19/2021,"2020-21","2019-20","B",,100,5,,7/18/2021,4/13/2021,4/13/2021,"MERCHAN1",,,
762,5/30/2021,"2020-21","2019-20","B",,100,17,,7/29/2021,4/19/2021,4/19/2021,"MERCHAN1",,,
103,5/27/2021,"2020-21","2019-20","B",,100,5,,7/26/2021,4/25/2021,4/25/2021,"MERCHAN1",,,
109,5/27/2021,"2020-21","2019-20","F",12.5,,,,7/26/2021,5/2/2021,5/2/2021,"SHARE14",,,
102,5/19/2021,"2020-21","2019-20","F",17.5,,,,7/18/2021,4/13/2021,4/13/2021,"SHARE14",,,
102,5/19/2021,"2020-21","2019-20","C",25.73,100,5,,7/18/2021,4/13/2021,4/13/2021,"SHARE14",,,
756,5/18/2021,"2020-21","2019-20","F",15,,,,7/17/2021,4/18/2021,4/18/2021,"SHARE14",,,
126,5/31/2021,"2020-21","2019-20","F",17.5,,,,7/30/2021,4/20/2021,4/20/2021,"SHARE14",,,
106,6/3/2021,"2020-21","2019-20","F",12.5,,,,8/2/2021,5/9/2021,5/9/2021,"SHARE14",,,
147,9/30/2020,"2020-21","2019-20","F",10,,,,11/29/2020,8/17/2020,8/17/2020,"SHARE14",,,
127,5/27/2021,"2020-21","2019-20","F",10,,,,7/26/2021,5/4/2021,5/4/2021,"SHARE14",,,
127,5/27/2021,"2020-21","2019-20","C",48.18,100,5,,7/26/2021,5/4/2021,5/4/2021,"INVEST",,,
624,12/24/2019,"2019-20","2018-19","B",,100,15,,2/22/2020,11/24/2019,11/24/2019,"MERCHAN1",,,
704,12/24/2019,"2019-20","2018-19","B",,100,18,,2/22/2020,11/24/2019,11/24/2019,"MERCHAN1",,,
669,12/24/2019,"2019-20","2018-19","B",,100,2,,2/22/2020,11/24/2019,11/24/2019,"MERCHAN1",,,
693,12/30/2019,"2019-20","2018-19","B",,100,1,,2/28/2020,11/20/2019,11/20/2019,"MERCHAN1",,,
670,12/31/2019,"2019-20","2018-19","B",,100,10,,2/29/2020,12/19/2019,12/19/2019,"MERCHAN1",,,
322,1/30/2020,"2019-20","2018-19","B",,100,2,,3/30/2020,12/3/2019,12/3/2019,"MERCHAN1",,,
223,1/28/2020,"2019-20","2018-19","F",10,,,,3/28/2020,12/5/2019,12/5/2019,"SHARE14",,"----------------",
652,6/23/2020,"2019-20","2018-19","F",10,,,,8/22/2020,6/2/2020,6/2/2020,"SHARE14",,,
549,8/6/2020,"2020-21","2019-20","I",130,,,,10/5/2020,8/5/2020,8/5/2020,"SHARE14",,,
106,7/30/2020,"2020-21","2019-20","F",10,,,,9/28/2020,7/9/2020,7/9/2020,"SHARE14",,,
736,7/21/2020,"2020-21","2019-20","F",10,,,,9/19/2020,7/2/2020,7/2/2020,"SHARE14",,,
101,9/2/2020,"2020-21","2019-20","B",,100,5,,11/1/2020,8/10/2020,8/10/2020,"MERCHAN1",,,
757,9/3/2020,"2020-21","2019-20","B",,100,7,,11/2/2020,8/10/2020,8/10/2020,"MERCHAN1",,,
121,8/13/2020,"2020-21","2019-20","B",,100,5,,10/12/2020,7/16/2020,7/16/2020,"MERCHAN1",,,
140,9/3/2020,"2020-21","2019-20","F",5,,,,11/2/2020,8/6/2020,8/6/2020,"SHARE14",,,
751,8/20/2020,"2020-21","2019-20","F",5,,,,10/19/2020,7/20/2020,7/20/2020,"SHARE14",,,
298,12/28/2019,"2019-20","2018-19","F",7,,,,2/26/2020,11/18/2019,11/18/2019,"SHARE14",,,
497,12/31/2019,"2019-20","2018-19","F",2,,,,2/29/2020,12/19/2019,12/19/2019,"SHARE14",,,
602,12/22/2019,"2019-20","2018-19","F",50,,,,2/20/2020,11/21/2019,11/21/2019,"SHARE14",,,
144,9/29/2020,"2020-21","2019-20","F",28,,,,11/28/2020,8/31/2020,8/31/2020,"SHARE14",,,
119,8/27/2020,"2020-21","2019-20","F",5,,,,10/26/2020,7/21/2020,7/21/2020,"SHARE14",,,
950,7/27/2020,"2020-21","2019-20","F",9.38,,,,9/25/2020,7/21/2020,7/21/2020,"SHARE14",,,
129,8/10/2020,"2020-21","2019-20","F",5,,,,10/9/2020,7/21/2020,7/21/2020,"SHARE14",,,
220,11/29/2020,"2020-21","2019-20","B",,100,3,,1/28/2021,11/1/2020,11/1/2020,"MERCHAN1",,,
699,12/20/2020,"2020-21","2019-20","B",,100,10,,2/18/2021,11/30/2020,11/30/2020,"MERCHAN1",,,
455,12/24/2020,"2020-21","2019-20","B",,100,10,,2/22/2021,12/1/2020,12/1/2020,"MERCHAN1",,,
696,12/20/2020,"2020-21","2019-20","B",,100,5,,2/18/2021,11/19/2020,11/19/2020,"MERCHAN1",,,
224,12/17/2020,"2020-21","2019-20","F",4,,,,2/15/2021,11/17/2020,11/17/2020,"SHARE14",,,
693,12/15/2020,"2020-21","2019-20","F",2,,,,2/13/2021,11/18/2020,11/18/2020,"SHARE14",,,
606,12/30/2020,"2020-21","2019-20","F",5,,,,2/28/2021,12/15/2020,12/15/2020,"SHARE14",,,
247,12/28/2020,"2020-21","2019-20","F",10,,,,2/26/2021,11/26/2020,11/26/2020,"SHARE14",,,
512,12/23/2020,"2020-21","2019-20","F",10,,,,2/21/2021,11/29/2020,11/29/2020,"SHARE14",,,
476,12/23/2020,"2020-21","2019-20","F",10,,,,2/21/2021,11/29/2020,11/29/2020,"SHARE14",,,
486,12/24/2020,"2020-21","2019-20","F",6,,,,2/22/2021,11/22/2020,11/22/2020,"SHARE14",,,
770,12/28/2020,"2020-21","2019-20","F",8,,,,2/26/2021,11/26/2020,11/26/2020,"SHARE14",,,
311,12/29/2020,"2020-21","2019-20","F",10,,,,2/27/2021,11/18/2020,11/18/2020,"SHARE14",,,
768,12/22/2020,"2020-21","2019-20","F",8,,,,2/20/2021,10/29/2020,10/29/2020,"SHARE14",,,
796,12/24/2020,"2020-21","2019-20","F",15,,,,2/22/2021,11/19/2020,11/19/2020,"SHARE14",,,
713,12/29/2020,"2020-21","2019-20","F",10,,,,2/27/2021,11/22/2020,11/22/2020,"SHARE14",,,
649,12/29/2020,"2020-21","2019-20","F",1,,,,2/27/2021,11/25/2020,11/25/2020,"SHARE14",,,
549,4/19/2021,"2020-21","2019-20","F",145,,,,6/18/2021,2/17/2021,2/17/2021,"SHARE14",,,
118,4/26/2021,"2020-21","2019-20","B",,100,15,,6/25/2021,3/28/2021,3/28/2021,"MERCHAN1",,,
752,5/6/2021,"2020-21","2019-20","B",,100,15,,7/5/2021,4/13/2021,4/13/2021,"MERCHAN1",,,
113,5/20/2021,"2020-21","2019-20","F",15,,,,7/19/2021,4/25/2021,4/25/2021,"SHARE14",,,
752,5/6/2021,"2020-21","2019-20","F",15,,,,7/5/2021,4/13/2021,4/13/2021,"SHARE14",,,
111,5/30/2021,"2020-21","2019-20","B",,100,17.5,,7/29/2021,5/5/2021,5/5/2021,"MERCHAN1",,,
101,6/10/2021,"2020-21","2019-20","B",,100,5,,8/9/2021,5/19/2021,5/19/2021,"MERCHAN1",,,
647,12/26/2020,"2020-21","2019-20","F",1,,,,2/24/2021,12/13/2020,12/13/2020,"SHARE14",,,
191,6/8/2021,"2020-21","2019-20","F",11.5,,,,8/7/2021,5/31/2021,5/31/2021,"SHARE14",,,
190,6/8/2021,"2020-21","2019-20","F",12.25,,,,8/7/2021,5/31/2021,5/31/2021,"SHARE14",,,
149,8/25/2020,"2020-21","2019-20","F",2.5,,,,10/24/2020,8/5/2020,8/5/2020,"SHARE14",,,
751,6/15/2021,"2020-21","2019-20","B",,100,4,,8/14/2021,5/20/2021,5/20/2021,"MERCHAN1",,,
140,6/10/2021,"2020-21","2019-20","B",,100,3,,8/9/2021,4/28/2021,4/28/2021,"MERCHAN1",,,
301,5/27/2021,"2020-21","2019-20","F",400,,,,7/26/2021,4/29/2021,4/29/2021,"SHARE14",,,
121,6/24/2021,"2020-21","2019-20","B",,100,5.5,,8/23/2021,5/11/2021,5/11/2021,"MERCHAN1",,,
119,6/24/2021,"2020-21","2019-20","B",,100,10,,8/23/2021,5/31/2021,5/31/2021,"MERCHAN1",,,
690,12/29/2020,"2020-21","2019-20","B",,100,2.5,,2/27/2021,12/14/2020,12/14/2020,"MERCHAN1",,,
140,6/10/2021,"2020-21","2019-20","F",7,,,,8/9/2021,4/28/2021,4/28/2021,"SHARE14",,,
801,6/10/2021,"2020-21","2019-20","F",10,,,,8/9/2021,5/17/2021,5/17/2021,"SHARE14",,,
765,6/6/2021,"2020-21","2019-20","I",2,,,,8/5/2021,5/27/2021,5/27/2021,"SHARE14",,,
125,6/29/2021,"2020-21","2019-20","B",,100,2.5,,8/28/2021,6/6/2021,6/6/2021,"MERCHAN1",,,
196,6/7/2021,"2020-21","2019-20","I",1.5,,,,8/6/2021,5/30/2021,5/30/2021,"SHARE14",,,
115,6/29/2021,"2020-21","2019-20","B",,100,6,,8/28/2021,5/31/2021,5/31/2021,"MERCHAN1",,,
133,7/23/2020,"2020-21","2019-20","F",11,,,,9/21/2020,6/2/2020,6/2/2020,"SHARE14",,,
748,5/3/2021,"2020-21","2019-20","C",87.6,100,20,,7/2/2021,4/1/2021,4/1/2021,"SHARE14",,,
731,6/20/2021,"2020-21","2019-20","F",10,,,,8/19/2021,5/24/2021,5/24/2021,"SHARE14",,,
808,6/26/2021,"2020-21","2019-20","B",,100,5,,8/25/2021,5/31/2021,5/31/2021,"MERCHAN1",,,
117,7/6/2021,"2021-22","2020-21","B",,100,5,,9/4/2021,6/1/2021,6/1/2021,"MERCHAN1",,,
125,6/29/2021,"2020-21","2019-20","F",7.5,,,,8/28/2021,6/6/2021,6/6/2021,"SHARE14",,,
117,7/6/2021,"2021-22","2020-21","F",5,,,,9/4/2021,6/1/2021,6/1/2021,"SHARE14",,,
218,6/28/2021,"2020-21","2019-20","F",20,,,,8/27/2021,5/25/2021,5/25/2021,"SHARE14",,,
115,6/29/2021,"2020-21","2019-20","F",6,,,,8/28/2021,5/31/2021,5/31/2021,"SHARE14",,,
104,6/27/2021,"2020-21","2019-20","F",10,,,,8/26/2021,5/20/2021,5/20/2021,"SHARE14",,,
736,6/24/2021,"2020-21","2019-20","F",10,,,,8/23/2021,5/5/2021,5/5/2021,"SHARE14",,,
114,6/30/2021,"2020-21","2019-20","F",10,,,,8/29/2021,6/3/2021,6/3/2021,"SHARE14",,,
459,6/22/2021,"2020-21","2019-20","F",1400,,,,8/21/2021,5/27/2021,5/27/2021,"SHARE14",,,
133,4/28/2021,"2020-21","2019-20","F",11,,,,6/27/2021,4/4/2021,4/4/2021,"SHARE14",,,
753,7/7/2021,"2021-22","2020-21","B",,100,5,,9/5/2021,6/6/2021,6/6/2021,"MERCHAN1",,,
300,6/22/2021,"2020-21","2019-20","F",15,,,,8/21/2021,5/19/2021,5/19/2021,"SHARE14",,,
751,6/15/2021,"2020-21","2019-20","F",6,,,,8/14/2021,5/20/2021,5/20/2021,"SHARE14",,,
475,5/24/2021,"2020-21","2019-20","F",5,,,,7/23/2021,5/3/2021,5/3/2021,"SHARE14",,,
795,7/12/2021,"2021-22","2020-21","F",4.25,,,,9/10/2021,7/5/2021,7/5/2021,"INVEST",,,
749,6/30/2021,"2020-21","2019-20","F",10,,,,8/29/2021,5/24/2021,5/24/2021,"SHARE14",,,
134,6/29/2021,"2020-21","2019-20","F",11,,,,8/28/2021,5/30/2021,5/30/2021,"SHARE14",,,
724,6/30/2021,"2020-21","2019-20","F",10,,,,8/29/2021,6/16/2021,6/16/2021,"SHARE14",,,
808,6/26/2021,"2020-21","2019-20","F",7.5,,,,8/25/2021,5/31/2021,5/31/2021,"SHARE14",,,
121,6/24/2021,"2020-21","2019-20","F",6,,,,8/23/2021,5/11/2021,5/11/2021,"SHARE14",,,
753,7/7/2021,"2021-22","2020-21","F",5,,,,9/5/2021,6/6/2021,6/6/2021,"SHARE14",,,
753,7/7/2021,"2021-22","2020-21","C",10.44,100,5,,9/5/2021,6/6/2021,6/6/2021,"SHARE14",,,
734,7/8/2021,"2021-22","2020-21","F",10,,,,9/6/2021,5/30/2021,5/30/2021,"SHARE14",,,
755,7/8/2021,"2021-22","2020-21","F",12.5,,,,9/6/2021,6/13/2021,6/13/2021,"SHARE14",,,
108,8/5/2021,"2021-22","2020-21","B",,100,5,,10/4/2021,6/30/2021,6/30/2021,"MERCHAN1",,,
138,7/29/2021,"2021-22","2020-21","B",,100,5,,9/27/2021,6/7/2021,6/7/2021,"MERCHAN1",,,
757,7/27/2021,"2021-22","2020-21","B",,100,7,,9/25/2021,6/24/2021,6/24/2021,"MERCHAN1",,,
131,7/14/2021,"2021-22","2020-21","F",12,,,,9/12/2021,6/14/2021,6/14/2021,"SHARE14",,,
754,7/31/2021,"2021-22","2020-21","F",10,,,,9/29/2021,6/21/2021,6/21/2021,"SHARE14",,,
141,7/29/2021,"2021-22","2020-21","B",,100,7.5,,9/27/2021,6/17/2021,6/17/2021,"MERCHAN1",,,
550,12/12/2019,"2019-20","2018-19","B",,100,4,,2/10/2020,11/17/2019,11/17/2019,"MERCHAN1",,,
468,12/26/2019,"2019-20","2018-19","B",,100,25,,2/24/2020,11/19/2019,11/19/2019,"MERCHAN1",,,
771,12/12/2019,"2019-20","2018-19","B",,100,10,,2/10/2020,11/21/2019,11/21/2019,"MERCHAN1",,,
668,12/9/2019,"2019-20","2018-19","B",,100,9,,2/7/2020,11/18/2019,11/18/2019,"MERCHAN1",,,
553,12/29/2019,"2019-20","2018-19","B",,100,5,,2/27/2020,12/2/2019,12/2/2019,"MERCHAN1",,,
696,12/19/2019,"2019-20","2018-19","B",,100,5,,2/17/2020,11/21/2019,11/21/2019,"MERCHAN1",,,
780,12/19/2019,"2019-20","2018-19","B",,100,10,,2/17/2020,11/20/2019,11/20/2019,"MERCHAN1",,,
776,12/26/2019,"2019-20","2018-19","B",,100,10,,2/24/2020,11/19/2019,11/19/2019,"MERCHAN1",,,
233,12/21/2019,"2019-20","2018-19","B",,100,10,,2/19/2020,11/21/2019,11/21/2019,"MERCHAN1",,,
711,12/21/2019,"2019-20","2018-19","B",,100,10,,2/19/2020,11/21/2019,11/21/2019,"MERCHAN1",,,
257,12/30/2019,"2019-20","2018-19","B",,100,5,,2/28/2020,12/18/2019,12/18/2019,"MERCHAN1",,,
569,12/14/2019,"2019-20","2018-19","B",,100,10,,2/12/2020,11/24/2019,11/24/2019,"MERCHAN1",,,
232,12/26/2019,"2019-20","2018-19","B",,100,5,,2/24/2020,11/21/2019,11/21/2019,"MERCHAN1",,,
772,12/24/2019,"2019-20","2018-19","B",,100,10,,2/22/2020,11/18/2019,11/18/2019,"MERCHAN1",,,
410,12/21/2019,"2019-20","2018-19","B",,100,10,,2/19/2020,11/5/2019,11/5/2019,"MERCHAN1",,,
408,12/15/2019,"2019-20","2018-19","B",,100,150,,2/13/2020,11/28/2019,11/28/2019,"MERCHAN1",,,
786,12/24/2019,"2019-20","2018-19","B",,100,15,,2/22/2020,11/7/2019,11/7/2019,"MERCHAN1",,,
768,12/21/2019,"2019-20","2018-19","B",,100,10,,2/19/2020,11/26/2019,11/26/2019,"MERCHAN1",,,
714,12/19/2019,"2019-20","2018-19","B",,100,12.5,,2/17/2020,11/19/2019,11/19/2019,"MERCHAN1",,,
246,12/29/2019,"2019-20","2018-19","B",,100,5,,2/27/2020,12/5/2019,12/5/2019,"MERCHAN1",,,
687,12/29/2019,"2019-20","2018-19","B",,100,6,,2/25/2020,11/18/2019,11/18/2019,"MERCHAN1",,,
245,12/26/2019,"2019-20","2018-19","B",,100,5,,2/24/2020,11/21/2019,11/21/2019,"MERCHAN1",,,
713,12/26/2019,"2019-20","2018-19","B",,100,6,,2/24/2020,11/19/2019,11/19/2019,"MERCHAN1",,,
564,12/26/2019,"2019-20","2018-19","B",,100,5,,2/24/2020,11/20/2019,11/20/2019,"MERCHAN1",,,
437,12/18/2019,"2019-20","2018-19","B",,100,7,,2/16/2020,11/20/2019,11/20/2019,"MERCHAN1",,,
445,12/18/2019,"2019-20","2018-19","B",,100,8,,2/16/2020,11/20/2019,11/20/2019,"MERCHAN1",,,
647,12/21/2019,"2019-20","2018-19","B",,100,4,,2/19/2020,11/20/2019,11/20/2019,"MERCHAN1",,,
217,12/26/2019,"2019-20","2018-19","B",,100,10,,2/24/2020,11/17/2019,11/17/2019,"MERCHAN1",,,
710,12/19/2019,"2019-20","2018-19","B",,100,10,,2/17/2020,11/6/2019,11/6/2019,"MERCHAN1",,,
703,12/21/2019,"2019-20","2018-19","B",,100,5,,2/19/2020,11/26/2019,11/26/2019,"MERCHAN1",,,
794,12/11/2019,"2019-20","2018-19","B",,100,15,,2/9/2020,12/11/2019,12/11/2019,"MERCHAN1",,,
717,9/29/2019,"2019-20","2018-19","F",15,,,,11/28/2019,9/3/2019,9/3/2019,"SHARE14",,"---------",
465,11/14/2019,"2019-20","2018-19","F",30,,,,1/13/2020,10/14/2019,10/14/2019,"SHARE14",,"------------------",
365,10/28/2019,"2019-20","2018-19","F",10,,,,12/27/2019,10/13/2019,10/13/2019,"SHARE14",,"---------",
702,10/28/2019,"2019-20","2018-19","F",2,,,,12/27/2019,10/13/2019,10/13/2019,"SHARE14",,"-----------",
244,11/7/2018,"2018-19","2017-18","F",10,,,,1/6/2019,10/1/2019,10/1/2019,"SHARE14",,"-------------",
244,11/7/2019,"2019-20","2018-19","F",10,,,,1/6/2020,10/1/2019,10/1/2019,"SHARE14",,"------------",
674,11/7/2019,"2019-20","2018-19","F",7.5,,,,1/6/2020,10/17/2019,10/17/2019,"SHARE14",,"------------",
738,8/25/2019,"2019-20","2018-19","F",15,,,,10/24/2019,7/17/2019,7/17/2019,"SHARE14",,"-----------",
357,12/8/2019,"2019-20","2018-19","F",100,,,,2/6/2020,11/5/2019,11/5/2019,"SHARE14",,"-----------",
312,12/1/2019,"2019-20","2018-19","F",40,,,,1/30/2020,11/14/2019,11/14/2019,"SHARE14",,"--------------",
201,12/11/2019,"2019-20","2018-19","F",7,,,,2/9/2020,11/19/2019,11/19/2019,"SHARE14",,"-------------",
737,2/2/2020,"2019-20","2018-19","B",,100,12,,4/2/2020,1/8/2020,1/8/2020,"MERCHAN1",,,
773,12/24/2019,"2019-20","2018-19","F",15,,,,2/22/2020,12/2/2019,12/2/2019,"SHARE14",,"----------",
776,12/19/2019,"2019-20","2018-19","F",6,,,,2/17/2020,11/19/2019,11/19/2019,"SHARE14",,"-----------",
779,12/12/2019,"2019-20","2018-19","F",2,,,,2/10/2020,11/21/2019,11/21/2019,"SHARE14",,"------------",
308,2/1/2020,"2019-20","2018-19","F",130,,,,4/1/2020,12/22/2019,12/22/2019,"SHARE14",,"-------------",
607,12/19/2019,"2019-20","2018-19","F",10,,,,2/17/2020,11/19/2019,11/19/2019,"SHARE14",,"---------",
400,12/23/2019,"2019-20","2018-19","F",1,,,,2/21/2020,11/21/2019,11/21/2019,"SHARE14",,"-------------",
319,12/18/2019,"2019-20","2018-19","F",10,,,,2/16/2020,12/3/2019,12/3/2019,"SHARE14",,"-------------",
211,2/8/2020,"2019-20","2018-19","F",5,,,,4/8/2020,12/12/2019,12/12/2019,"SHARE14",,"-----------",
644,2/1/2020,"2019-20","2018-19","F",10,,,,4/1/2020,11/28/2019,11/28/2019,"SHARE14",,"-------------",
561,12/24/2019,"2019-20","2018-19","F",10,,,,2/22/2020,11/21/2019,11/21/2019,"SHARE14",,"-----------",
700,12/26/2019,"2019-20","2018-19","F",2,,,,2/24/2020,11/28/2019,11/28/2019,"SHARE14",,"----------",
262,12/24/2019,"2019-20","2018-19","F",22,,,,2/22/2020,11/19/2019,11/19/2019,"SHARE14",,"-------------",
170,2/23/2020,"2019-20","2018-19","F",7,,,,4/23/2020,2/20/2020,2/20/2020,"SHARE14",,"--------------",
687,12/29/2019,"2019-20","2018-19","F",4,,,,2/27/2020,11/18/2019,11/18/2019,"SHARE14",,"------------",
127,6/25/2020,"2019-20","2018-19","B",,100,7.5,,8/24/2020,6/3/2020,6/3/2020,"MERCHAN1",,,
132,6/30/2020,"2019-20","2018-19","B",,100,5,,8/29/2020,3/2/2020,3/2/2020,"MERCHAN1",,,
123,6/24/2020,"2019-20","2018-19","B",,100,5,,8/23/2020,4/15/2020,4/15/2020,"MERCHAN1",,,
118,7/8/2020,"2020-21","2019-20","B",,100,10,,9/6/2020,6/2/2020,6/2/2020,"MERCHAN1",,,
129,8/10/2020,"2020-21","2019-20","B",,100,5,,10/9/2020,7/21/2020,7/21/2020,"MERCHAN1",,,
120,7/30/2020,"2020-21","2019-20","B",,100,5,,9/28/2020,6/2/2020,6/2/2020,"MERCHAN1",,,
747,8/23/2020,"2020-21","2019-20","B",,100,5,,10/22/2020,7/20/2020,7/20/2020,"MERCHAN1",,,
484,7/28/2020,"2020-21","2019-20","F",295,,,,9/26/2020,7/12/2020,7/12/2020,"SHARE14",,,
102,8/13/2020,"2020-21","2019-20","F",15,,,,10/12/2020,7/13/2020,7/13/2020,"SHARE14",,,
119,8/27/2020,"2020-21","2019-20","B",,100,5,,10/26/2020,7/21/2020,7/21/2020,"MERCHAN1",,,
149,8/25/2020,"2020-21","2019-20","B",,100,2.5,,10/24/2020,8/5/2020,8/5/2020,"MERCHAN1",,,
142,9/2/2020,"2020-21","2019-20","F",10,,,,11/1/2020,8/12/2020,8/12/2020,"SHARE14",,,
764,9/23/2020,"2020-21","2019-20","B",,100,10.5,,11/22/2020,9/3/2020,9/3/2020,"MERCHAN1",,,
719,9/30/2020,"2020-21","2019-20","B",,100,5,,11/29/2020,9/15/2020,9/15/2020,"MERCHAN1",,,
125,8/25/2020,"2020-21","2019-20","F",10,,,,10/24/2020,6/25/2020,6/25/2020,"SHARE14",,,
145,9/23/2020,"2020-21","2019-20","F",5,,,,11/22/2020,8/27/2020,8/27/2020,"SHARE14",,,
105,10/12/2020,"2020-21","2019-20","B",,100,5,,12/11/2020,8/9/2020,8/9/2020,"MERCHAN1",,,
760,10/28/2020,"2020-21","2019-20","B",,100,2,,12/27/2020,10/1/2020,10/1/2020,"MERCHAN1",,,
756,9/20/2020,"2020-21","2019-20","F",10,,,,11/19/2020,8/18/2020,8/18/2020,"SHARE14",,,
244,11/19/2020,"2020-21","2019-20","B",,100,7.5,,1/18/2021,11/4/2020,11/4/2020,"MERCHAN1",,,
512,12/15/2019,"2019-20","2018-19","F",15,,,,2/13/2020,11/28/2019,11/28/2019,"SHARE14",,,
476,12/15/2019,"2019-20","2018-19","F",14,,,,2/13/2019,11/17/2019,11/17/2019,"SHARE14",,,
465,11/12/2020,"2020-21","2019-20","F",38.5,,,,1/11/2021,10/12/2020,10/12/2020,"SHARE14",,,
202,12/26/2019,"2019-20","2018-19","F",50,,,,2/24/2020,11/28/2019,11/28/2019,"SHARE14",,,
621,11/12/2020,"2020-21","2019-20","F",25,,,,1/11/2021,10/12/2020,10/12/2020,"SHARE14",,,
105,10/12/2020,"2020-21","2019-20","F",,,,,12/11/2020,8/9/2020,8/9/2020,"SHARE14",,,
105,10/12/2020,"2020-21","2019-20","C",7.07,100,5,,12/11/2020,8/9/2020,8/9/2020,"MERCHAN1",,,
138,11/26/2020,"2020-21","2019-20","F",10,,,,1/25/2021,9/30/2020,9/30/2020,"SHARE14",,,
262,12/24/2020,"2020-21","2019-20","F",5,,,,2/22/2021,11/18/2020,11/18/2020,"SHARE14",,,
464,12/21/2020,"2020-21","2019-20","C",467.99,100,10,,2/19/2021,11/26/2020,11/26/2020,"SHARE14",,,
744,12/10/2020,"2020-21","2019-20","F",10,,,,2/8/2021,10/8/2020,10/8/2020,"SHARE14",,,
448,12/27/2020,"2020-21","2019-20","F",2,,,,2/25/2021,11/23/2020,11/23/2020,"SHARE14",,,
602,12/22/2020,"2020-21","2019-20","F",50,,,,2/20/2021,11/25/2020,11/25/2020,"SHARE14",,,
230,12/31/2020,"2020-21","2019-20","F",2.5,,,,3/1/2021,12/15/2020,12/15/2020,"SHARE14",,,
474,12/21/2020,"2020-21","2019-20","F",15,,,,2/19/2021,11/19/2020,11/19/2020,"SHARE14",,,
790,12/30/2019,"2019-20","2018-19","B",,100,7,,2/28/2020,11/21/2019,11/21/2019,"MERCHAN1",,,
697,12/28/2019,"2019-20","2018-19","B",,100,5,,2/26/2020,11/24/2019,11/24/2019,"MERCHAN1",,,
668,12/9/2019,"2019-20","2018-19","F",7,,,,2/7/2020,11/18/2019,11/18/2019,"SHARE14",,"--------------",
420,12/12/2019,"2019-20","2018-19","F",20,,,,2/10/2020,11/13/2019,11/13/2019,"SHARE14",,"------------",
701,12/12/2019,"2019-20","2018-19","F",35,,,,2/10/2020,10/31/2019,10/31/2019,"SHARE14",,"-----------",
270,12/24/2019,"2019-20","2018-19","F",2,,,,2/22/2020,11/21/2019,11/21/2019,"SHARE14",,"------------",
231,12/19/2019,"2019-20","2018-19","F",25,,,,2/17/2020,10/27/2019,10/27/2019,"SHARE14",,"-----------",
684,12/12/2019,"2019-20","2018-19","F",5,,,,2/10/2020,11/14/2019,11/14/2019,"SHARE14",,"--------------",
442,12/22/2019,"2019-20","2018-19","F",5,,,,2/20/2020,11/20/2019,11/20/2019,"SHARE14",,"-------------",
450,12/21/2019,"2019-20","2018-19","F",10,,,,2/19/2020,11/14/2019,11/14/2019,"SHARE14",,"--------------",
487,12/21/2019,"2019-20","2018-19","F",10,,,,2/19/2020,11/14/2019,11/14/2019,"SHARE14",,"---------------",
696,12/19/2019,"2019-20","2018-19","F",5,,,,2/17/2020,11/21/2019,11/21/2019,"SHARE14",,"-----------",
243,12/19/2019,"2019-20","2018-19","F",25,,,,2/17/2020,10/27/2019,10/27/2019,"SHARE14",,"---------------",
278,12/21/2019,"2019-20","2018-19","F",32,,,,2/19/2020,11/19/2019,11/19/2019,"SHARE14",,"-------------",
247,12/12/2019,"2019-20","2018-19","F",17,,,,2/10/2020,10/13/2019,10/13/2019,"SHARE14",,"-------------",
556,12/24/2019,"2019-20","2018-19","F",6,,,,2/22/2020,11/19/2019,11/19/2019,"SHARE14",,"---------------",
224,12/18/2019,"2019-20","2018-19","F",7.5,,,,2/16/2020,11/19/2019,11/19/2019,"SHARE14",,"------------",
657,12/19/2019,"2019-20","2018-19","F",10,,,,2/17/2020,11/18/2019,11/18/2019,"SHARE14",,"----------",
295,12/12/2019,"2019-20","2018-19","F",2,,,,2/10/2020,11/19/2019,11/19/2019,"SHARE14",,"-----------",
455,12/23/2019,"2019-20","2018-19","F",100,,,,2/21/2020,12/3/2019,12/3/2019,"SHARE14",,"---------",
296,12/23/2019,"2019-20","2018-19","F",35,,,,2/21/2020,12/3/2019,12/3/2019,"SHARE14",,"----------",
618,12/21/2019,"2019-20","2018-19","F",5,,,,2/19/2020,11/25/2019,11/25/2019,"SHARE14",,"--------------",
301,6/16/2020,"2020-21","2019-20","F",500,,,,8/15/2020,3/12/2020,3/12/2020,"SHARE14",,"---------------",
753,8/10/2020,"2020-21","2019-20","B",,100,10,,10/9/2020,7/12/2020,7/12/2020,"MERCHAN1",,,
450,2/6/2020,"2019-20","2018-19","F",2,,,,4/6/2020,12/5/2019,12/5/2019,"SHARE14",,,
437,12/18/2019,"2019-20","2018-19","F",3,,,,2/16/2020,11/20/2019,11/20/2019,"SHARE14",,,
445,12/18/2019,"2019-20","2018-19","F",2,,,,2/16/2020,11/20/2019,11/20/2019,"SHARE14",,,
108,9/3/2020,"2020-21","2019-20","B",,100,5,,11/2/2020,7/19/2020,7/19/2020,"MERCHAN1",,,
734,8/20/2020,"2020-21","2019-20","F",10,,,,10/19/2020,7/27/2020,7/27/2020,"SHARE14",,,
300,8/26/2020,"2020-21","2019-20","F",12,,,,10/25/2020,7/29/2020,7/29/2020,"SHARE14",,,
121,9/10/2020,"2020-21","2019-20","F",5,,,,11/9/2020,7/16/2020,7/16/2020,"SHARE14",,,
112,9/3/2020,"2020-21","2019-20","F",13,,,,11/2/2020,7/30/2020,7/30/2020,"SHARE14",,,
115,8/6/2020,"2020-21","2019-20","F",5,,,,10/5/2020,7/14/2020,7/14/2020,"SHARE14",,,
116,9/28/2020,"2020-21","2019-20","B",,100,2,,11/27/2020,8/10/2020,8/10/2020,"MERCHAN1",,,
186,9/1/2020,"2020-21","2019-20","F",4,,,,10/31/2020,8/31/2020,8/31/2020,"SHARE14",,,
136,8/26/2020,"2020-21","2019-20","F",20,,,,10/25/2020,7/26/2020,7/26/2020,"SHARE14",,,
749,9/16/2020,"2020-21","2019-20","F",5,,,,11/15/2020,8/6/2020,8/6/2020,"SHARE14",,,
739,9/21/2020,"2020-21","2019-20","F",10,,,,11/20/2020,8/13/2020,8/13/2020,"SHARE14",,,
761,10/10/2020,"2020-21","2019-20","F",5,,,,12/9/2020,8/13/2020,8/13/2020,"SHARE14",,,
214,11/19/2020,"2020-21","2019-20","B",,100,5,,1/18/2021,11/2/2020,11/2/2020,"MERCHAN1",,,
758,10/29/2020,"2020-21","2019-20","B",,100,2.5,,12/28/2020,9/17/2020,9/17/2020,"MERCHAN1",,,
566,12/10/2020,"2020-21","2019-20","B",,100,5,,2/8/2021,11/19/2020,11/19/2020,"MERCHAN1",,,
668,12/12/2020,"2020-21","2019-20","B",,100,5,,2/10/2021,11/18/2020,11/18/2020,"MERCHAN1",,,
365,12/14/2020,"2020-21","2019-20","B",,100,5,,2/12/2021,11/24/2020,11/24/2020,"MERCHAN1",,,
743,11/23/2020,"2020-21","2019-20","F",10,,,,1/22/2021,10/14/2020,10/14/2020,"SHARE14",,,
247,12/28/2020,"2020-21","2019-20","B",,100,10,,2/26/2021,11/26/2020,11/26/2020,"MERCHAN1",,,
232,12/21/2020,"2020-21","2019-20","B",,100,5,,2/19/2021,11/18/2020,11/18/2020,"MERCHAN1",,,
772,12/23/2020,"2020-21","2019-20","B",,100,5,,2/21/2021,11/26/2020,11/26/2020,"MERCHAN1",,,
693,12/15/2020,"2020-21","2019-20","B",,100,8,,2/13/2021,11/18/2020,11/18/2020,"MERCHAN1",,,
714,12/20/2020,"2020-21","2019-20","B",,100,5,,2/18/2021,11/19/2020,11/19/2020,"MERCHAN1",,,
799,12/22/2020,"2020-21","2019-20","B",,100,8,,2/20/2021,11/25/2020,11/25/2020,"MERCHAN1",,,
233,12/24/2020,"2020-21","2019-20","B",,100,5,,2/22/2021,11/16/2020,11/16/2020,"MERCHAN1",,,
707,12/15/2020,"2020-21","2019-20","B",,100,10,,2/13/2021,11/19/2020,11/19/2020,"MERCHAN1",,,
768,12/22/2020,"2020-21","2019-20","B",,100,7,,2/20/2021,10/29/2020,10/29/2020,"MERCHAN1",,,
687,12/29/2020,"2020-21","2019-20","B",,100,5,,2/27/2021,12/2/2020,12/2/2020,"MERCHAN1",,,
457,12/19/2020,"2020-21","2019-20","F",130,,,,2/17/2021,11/16/2020,11/16/2020,"SHARE14",,,
151,12/19/2020,"2020-21","2019-20","F",5,,,,2/17/2021,11/22/2020,11/22/2020,"SHARE14",,,
668,12/12/2020,"2020-21","2019-20","F",15,,,,2/10/2021,11/18/2020,11/18/2020,"SHARE14",,,
278,12/24/2020,"2020-21","2019-20","F",32,,,,2/22/2021,11/30/2020,11/30/2020,"SHARE14",,,
696,12/20/2020,"2020-21","2019-20","F",5,,,,2/18/2021,11/19/2020,11/19/2020,"SHARE14",,,
452,12/19/2020,"2020-21","2019-20","C",178.4,100,10,,2/17/2021,11/25/2020,11/25/2020,"SHARE14",,,
442,12/24/2020,"2020-21","2019-20","F",2,,,,2/22/2021,11/18/2020,11/18/2020,"SHARE14",,,
468,12/24/2020,"2020-21","2019-20","F",35,,,,2/22/2021,11/23/2020,11/23/2020,"SHARE14",,,
455,12/24/2020,"2020-21","2019-20","F",80,,,,2/22/2021,12/1/2020,12/1/2020,"SHARE14",,,
455,12/24/2020,"2020-21","2019-20","C",244.25,100,10,,2/22/2021,12/1/2020,12/1/2020,"SHARE14",,,
474,1/7/2021,"2020-21","2019-20","R",,1,1,5,3/8/2021,1/7/2021,1/7/2021,"INVEST",,,
296,12/24/2020,"2020-21","2019-20","F",20,,,,2/22/2021,12/1/2020,12/1/2020,"SHARE14",,,
213,12/26/2020,"2020-21","2019-20","F",5,,,,2/24/2021,11/26/2020,11/26/2020,"SHARE14",,,
672,12/23/2020,"2020-21","2019-20","F",20,,,,2/21/2021,11/25/2020,11/25/2020,"SHARE14",,,
774,12/24/2020,"2020-21","2019-20","F",15,,,,2/22/2021,11/26/2020,11/26/2020,"SHARE14",,,
254,12/24/2020,"2020-21","2019-20","F",15,,,,2/22/2021,11/18/2020,11/18/2020,"SHARE14",,,
199,9/17/2020,"2020-21","2019-20","F",5,,,,11/16/2020,9/9/2020,9/9/2020,"SHARE14",,,
192,9/17/2020,"2020-21","2019-20","F",3,,,,11/16/2020,9/9/2020,9/9/2020,"SHARE14",,,
730,10/22/2020,"2020-21","2019-20","F",20,,,,12/21/2020,9/21/2020,9/21/2020,"SHARE14",,,
786,12/30/2020,"2020-21","2019-20","F",10,,,,2/28/2021,11/17/2020,11/17/2020,"SHARE14",,,
229,1/9/2021,"2020-21","2019-20","F",10,,,,3/10/2021,11/24/2020,11/24/2020,"SHARE14",,,
443,1/24/2021,"2020-21","2019-20","F",10,,,,3/25/2021,11/29/2020,11/29/2020,"SHARE14",,,
790,12/24/2020,"2020-21","2019-20","F",5,,,,2/22/2021,11/18/2020,11/18/2020,"SHARE14",,,
245,12/24/2020,"2020-21","2019-20","F",5,,,,2/22/2021,11/25/2020,11/25/2020,"SHARE14",,,
726,12/26/2020,"2020-21","2019-20","F",5,,,,2/24/2021,11/16/2020,11/16/2020,"SHARE14",,,
673,12/22/2020,"2020-21","2019-20","F",1,,,,2/20/2021,11/19/2020,11/19/2020,"SHARE14",,,
511,12/29/2020,"2020-21","2019-20","F",2,,,,2/27/2021,12/3/2020,12/3/2020,"SHARE14",,,
776,12/20/2020,"2020-21","2019-20","F",3,,,,2/18/2021,11/18/2020,11/18/2020,"SHARE14",,,
210,12/29/2020,"2020-21","2019-20","F",10,,,,2/27/2021,11/18/2020,11/18/2020,"SHARE14",,,
223,1/31/2021,"2020-21","2019-20","F",10,,,,4/1/2021,12/3/2020,12/3/2020,"SHARE14",,,
322,1/25/2021,"2020-21","2019-20","F",28,,,,3/26/2021,12/3/2020,12/3/2020,"SHARE14",,,
657,12/29/2020,"2020-21","2019-20","F",10,,,,2/27/2021,12/6/2020,12/6/2020,"SHARE14",,,
692,12/26/2020,"2020-21","2019-20","F",10,,,,2/24/2021,11/25/2020,11/25/2020,"SHARE14",,,
295,12/26/2020,"2020-21","2019-20","F",1,,,,2/24/2021,11/19/2020,11/19/2020,"SHARE14",,,
852,1/31/2021,"2020-21","2019-20","F",3,,,,4/1/2021,12/31/2020,12/31/2020,"SHARE14",,,
855,1/31/2021,"2020-21","2019-20","F",4,,,,4/1/2021,12/31/2020,12/31/2020,"SHARE14",,,
704,12/23/2020,"2020-21","2019-20","F",5,,,,2/21/2021,12/8/2020,12/8/2020,"SHARE14",,,
220,11/29/2020,"2020-21","2019-20","C",28.35,100,3,,1/28/2021,11/1/2020,11/1/2020,"SHARE14",,,
785,12/31/2020,"2020-21","2019-20","F",2,,,,3/1/2021,12/7/2020,12/7/2020,"SHARE14",,,
298,12/28/2019,"2019-20","2018-19","B",,100,5,,2/26/2020,11/18/2019,11/18/2019,"MERCHAN1",,,
770,12/22/2019,"2019-20","2018-19","B",,100,10,,2/20/2020,11/28/2019,11/28/2019,"MERCHAN1",,,
791,12/12/2019,"2019-20","2018-19","B",,100,10,,2/10/2020,11/19/2019,11/19/2019,"MERCHAN1",,,
462,12/26/2019,"2019-20","2018-19","F",50,,,,2/24/2020,12/2/2019,12/2/2019,"SHARE14",,"--------------",
553,12/29/2019,"2019-20","2018-19","F",10,,,,2/27/2020,12/2/2019,12/2/2019,"SHARE14",,"----------",
565,12/26/2019,"2019-20","2018-19","F",20,,,,2/24/2020,11/18/2019,11/18/2019,"SHARE14",,"---------------",
692,12/29/2019,"2019-20","2018-19","F",10,,,,2/27/2020,11/28/2019,11/28/2019,"SHARE14",,"--------------",
665,12/30/2019,"2019-20","2018-19","F",1,,,,2/28/2020,11/25/2019,11/25/2019,"SHARE14",,"-----------",
634,12/28/2019,"2019-20","2018-19","F",5,,,,2/26/2020,11/18/2019,11/18/2019,"SHARE14",,"-------------",
306,1/4/2020,"2019-20","2018-19","F",12,,,,3/4/2020,11/21/2019,11/21/2019,"SHARE14",,"-------------",
606,12/14/2019,"2019-20","2018-19","F",10,,,,2/12/2020,11/19/2019,11/19/2019,"SHARE14",,"------------",
625,12/19/2019,"2019-20","2018-19","F",10,,,,2/17/2020,12/2/2019,12/2/2019,"SHARE14",,"----------",
307,1/25/2020,"2019-20","2018-19","F",20,,,,3/25/2020,12/22/2019,12/22/2019,"SHARE14",,"----------",
318,12/29/2019,"2019-20","2018-19","F",10,,,,2/27/2020,11/18/2019,11/18/2019,"SHARE14",,"-------------",
302,1/18/2020,"2019-20","2018-19","F",130,,,,3/18/2020,11/26/2019,11/26/2019,"SHARE14",,"---------",
742,3/31/2020,"2019-20","2018-19","B",,100,5,,5/30/2020,3/15/2020,3/15/2020,"MERCHAN1",,,
748,4/8/2020,"2019-20","2018-19","B",,100,2,,6/7/2020,3/25/2020,3/25/2020,"MERCHAN1",,,
309,1/4/2020,"2019-20","2018-19","F",150,,,,3/4/2020,12/1/2019,12/1/2019,"SHARE14",,,
146,3/31/2020,"2019-20","2018-19","F",25,,,,5/30/2020,3/11/2020,3/11/2020,"SHARE14",,,
459,7/26/2020,"2020-21","2019-20","F",1250,,,,9/24/2020,6/3/2020,6/3/2020,"SHARE14",,,
751,8/20/2020,"2020-21","2019-20","B",,100,5,,10/19/2020,7/20/2020,7/20/2020,"MERCHAN1",,,
141,9/7/2020,"2020-21","2019-20","B",,100,5,,11/6/2020,7/23/2020,7/23/2020,"MERCHAN1",,,
103,8/27/2020,"2020-21","2019-20","B",,100,10,,10/26/2020,7/19/2020,7/19/2020,"MERCHAN1",,,
740,9/7/2020,"2020-21","2019-20","B",,100,5,,11/6/2020,7/16/2020,7/16/2020,"MERCHAN1",,,
114,9/16/2020,"2020-21","2019-20","B",,100,2.5,,11/15/2020,7/28/2020,7/28/2020,"MERCHAN1",,,
117,9/15/2020,"2020-21","2019-20","B",,100,5,,11/14/2020,7/26/2020,7/26/2020,"MERCHAN1",,,
981,9/8/2020,"2020-21","2019-20","F",2.5,,,,11/7/2020,9/1/2020,9/1/2020,"SHARE14",,,
113,7/9/2020,"2020-21","2019-20","F",13.5,,,,9/7/2020,6/21/2020,6/21/2020,"SHARE14",,,
740,9/7/2020,"2020-21","2019-20","F",7,,,,11/6/2020,7/16/2020,7/16/2020,"SHARE14",,,
747,8/23/2020,"2020-21","2019-20","F",5,,,,10/22/2020,7/20/2020,7/20/2020,"SHARE14",,,
717,9/27/2020,"2020-21","2019-20","F",12,,,,11/26/2020,9/1/2020,9/1/2020,"SHARE14",,,
754,10/3/2020,"2020-21","2019-20","F",10,,,,12/2/2020,7/29/2020,7/29/2020,"SHARE14",,,
725,9/30/2020,"2020-21","2019-20","F",10,,,,11/29/2020,9/2/2020,9/2/2020,"SHARE14",,,
134,9/24/2020,"2020-21","2019-20","F",8,,,,11/23/2020,7/29/2020,7/29/2020,"SHARE14",,,
755,9/9/2020,"2020-21","2019-20","F",10,,,,11/8/2020,8/20/2020,8/20/2020,"SHARE14",,,
762,9/15/2020,"2020-21","2019-20","F",12,,,,11/14/2020,8/5/2020,8/5/2020,"SHARE14",,,
737,9/12/2019,"2019-20","2018-19","F",5,,,,11/11/2019,8/22/2019,8/22/2019,"SHARE14",,,
752,6/17/2020,"2019-20","2018-19","F",20,,,,8/16/2020,3/11/2020,3/11/2020,"SHARE14",,,
151,12/19/2020,"2020-21","2019-20","B",,100,5,,2/17/2021,11/22/2020,11/22/2020,"MERCHAN1",,,
556,12/17/2020,"2020-21","2019-20","B",,100,5,,2/15/2021,11/19/2020,11/19/2020,"MERCHAN1",,,
684,12/17/2020,"2020-21","2019-20","B",,100,2,,2/15/2021,11/12/2020,11/12/2020,"MERCHAN1",,,
625,12/7/2020,"2020-21","2019-20","B",,100,5,,2/5/2021,11/26/2020,11/26/2020,"MERCHAN1",,,
732,11/26/2020,"2020-21","2019-20","F",2,,,,1/25/2021,10/22/2020,10/22/2020,"SHARE14",,,
699,12/20/2020,"2020-21","2019-20","F",145,,,,2/18/2021,11/30/2020,11/30/2020,"SHARE14",,,
477,12/15/2020,"2020-21","2019-20","F",47,,,,2/13/2021,11/22/2020,11/22/2020,"SHARE14",,,
674,12/14/2020,"2020-21","2019-20","F",10,,,,2/12/2021,11/18/2020,11/18/2020,"SHARE14",,,
701,12/10/2020,"2020-21","2019-20","F",25,,,,2/8/2021,11/10/2020,11/10/2020,"SHARE14",,,
563,12/9/2020,"2020-21","2019-20","F",20,,,,2/7/2021,11/17/2020,11/17/2020,"SHARE14",,,
203,12/15/2020,"2020-21","2019-20","F",10,,,,2/13/2021,11/12/2020,11/12/2020,"SHARE14",,,
625,12/7/2020,"2020-21","2019-20","F",5,,,,2/5/2021,11/26/2020,11/26/2020,"SHARE14",,,
771,12/17/2020,"2020-21","2019-20","B",,100,10,,2/15/2021,11/19/2020,11/19/2020,"MERCHAN1",,,
780,12/24/2020,"2020-21","2019-20","B",,100,8,,2/22/2021,11/22/2020,11/22/2020,"MERCHAN1",,,
297,1/9/2021,"2020-21","2019-20","B",,100,2,,3/10/2021,12/9/2020,12/9/2020,"MERCHAN1",,,
566,11/19/2020,"2020-21","2019-20","F",5,,,,1/18/2021,11/19/2020,11/19/2020,"SHARE14",,,
566,12/10/2020,"2020-21","2019-20","F",5,,,,2/8/2021,11/19/2020,11/19/2020,"SHARE14",,,
201,12/15/2020,"2020-21","2019-20","F",1,,,,2/13/2021,11/18/2020,11/18/2020,"SHARE14",,,
625,12/7/2020,"2020-21","2019-20","C",72.2,100,5,,2/5/2021,11/26/2020,11/26/2020,"SHARE14",,,
684,12/17/2020,"2020-21","2019-20","F",3,,,,2/15/2021,11/12/2020,11/12/2020,"SHARE14",,,
760,10/28/2020,"2020-21","2019-20","F",12,,,,12/27/2020,10/1/2020,10/1/2020,"SHARE14",,,
726,12/26/2020,"2020-21","2019-20","B",,100,5,,2/24/2021,11/16/2020,11/16/2020,"MERCHAN1",,,
785,12/31/2020,"2020-21","2019-20","B",,100,8,,3/1/2021,12/7/2020,12/7/2020,"MERCHAN1",,,
477,12/15/2020,"2020-21","2019-20","C",211.67,100,5,,2/13/2021,11/22/2020,11/22/2020,"SHARE14",,,
457,12/19/2020,"2020-21","2019-20","C",1066.87,100,10,,2/17/2021,11/16/2020,11/16/2020,"SHARE14",,,
317,12/13/2020,"2020-21","2019-20","F",45,,,,2/11/2021,11/17/2020,11/17/2020,"SHARE14",,,
565,12/24/2020,"2020-21","2019-20","F",10,,,,2/22/2021,11/18/2020,11/18/2020,"SHARE14",,,
232,12/21/2020,"2020-21","2019-20","F",5,,,,2/19/2021,11/18/2020,11/18/2020,"SHARE14",,,
691,12/24/2020,"2020-21","2019-20","F",2,,,,2/22/2021,11/19/2020,11/19/2020,"SHARE14",,,
462,12/24/2020,"2020-21","2019-20","F",50,,,,2/22/2021,12/7/2020,12/7/2020,"SHARE14",,,
217,12/24/2020,"2020-21","2019-20","F",3,,,,2/22/2021,11/26/2020,11/26/2020,"SHARE14",,,
687,12/29/2020,"2020-21","2019-20","F",5,,,,2/27/2021,12/2/2020,12/2/2020,"SHARE14",,,
365,12/14/2020,"2020-21","2019-20","F",5,,,,2/12/2021,11/24/2020,11/24/2020,"SHARE14",,,
233,12/24/2020,"2020-21","2019-20","F",5,,,,2/22/2021,11/16/2020,11/16/2020,"   SHARE14",,,
305,12/14/2020,"2020-21","2019-20","F",20,,,,2/12/2021,11/15/2020,11/15/2020,"   SHARE14",,,
306,1/9/2021,"2020-21","2019-20","F",10,,,,3/10/2021,11/19/2020,11/19/2020,"   SHARE14",,,
607,12/28/2020,"2020-21","2019-20","F",5,,,,2/26/2021,11/19/2020,11/19/2020,"   SHARE14",,,
297,12/31/2020,"2020-21","2019-20","F",2,,,,3/1/2021,12/9/2020,12/9/2020,"SHARE14",,,
605,12/23/2020,"2020-21","2019-20","F",10,,,,2/21/2021,12/3/2020,12/3/2020,"SHARE14",,,
257,12/30/2020,"2020-21","2019-20","F",5,,,,2/28/2021,12/23/2020,12/23/2020,"SHARE14",,,
779,12/24/2020,"2020-21","2019-20","F",4.5,,,,2/22/2021,11/23/2020,11/23/2020,"SHARE14",,,
853,1/31/2021,"2020-21","2019-20","F",5,,,,4/1/2021,12/31/2020,12/31/2020,"SHARE14",,,
858,1/31/2021,"2020-21","2019-20","F",5,,,,4/1/2021,12/31/2020,12/31/2020,"SHARE14",,,
859,1/31/2021,"2020-21","2019-20","F",4,,,,4/1/2021,12/31/2020,12/31/2020,"SHARE14",,,
560,12/31/2020,"2020-21","2019-20","F",2,,,,3/1/2021,12/21/2020,12/21/2020,"SHARE14",,,
857,1/31/2021,"2020-21","2019-20","F",6,,,,4/1/2021,12/31/2020,12/31/2020,"SHARE14",,,
869,1/31/2021,"2020-21","2019-20","F",7,,,,4/1/2021,12/31/2020,12/31/2020,"SHARE14",,,
207,12/28/2020,"2020-21","2019-20","F",10,,,,2/26/2021,11/19/2020,11/19/2020,"INVEST",,,
778,12/30/2020,"2020-21","2019-20","F",5,,,,2/28/2021,12/1/2020,12/1/2020,"SHARE14",,,
644,1/25/2021,"2020-21","2019-20","F",5,,,,3/26/2021,11/30/2020,11/30/2020,"SHARE14",,,
480,1/19/2021,"2020-21","2019-20","F",1,,,,3/20/2021,1/3/2021,1/3/2021,"SHARE14",,,
450,2/2/2021,"2020-21","2019-20","F",2,,,,4/3/2021,12/6/2020,12/6/2020,"SHARE14",,,
485,2/25/2021,"2020-21","2019-20","I",200,,,,4/26/2021,2/15/2021,2/15/2021,"SHARE14",,,
792,1/14/2021,"2020-21","2019-20","F",2.5,,,,3/15/2021,11/22/2020,11/22/2020,"SHARE14",,,
624,2/28/2021,"2020-21","2019-20","B",,100,5,,4/29/2021,1/31/2021,1/31/2021,"MERCHAN1",,,
659,12/28/2020,"2020-21","2019-20","F",10,,,,2/26/2021,12/7/2020,12/7/2020,"SHARE14",,,
687,12/29/2020,"2020-21","2019-20","C",23.26,100,5,,2/27/2021,12/2/2020,12/2/2020,"SHARE14",,,
690,12/29/2020,"2020-21","2019-20","F",0.5,,,,2/27/2021,12/14/2020,12/14/2020," SHARE14",,,
108,8/5/2021,"2021-22","2020-21","F",5,,,,10/4/2021,6/30/2021,6/30/2021," SHARE14",,,
199,9/9/2021,"2021-22","2020-21","F",17.5,,,,11/8/2021,8/29/2021,8/29/2021,"SHARE14",,,
116,8/5/2021,"2021-22","2020-21","F",7.5,,,,10/4/2021,6/3/2021,6/3/2021,"SHARE14",,,
747,8/9/2021,"2021-22","2020-21","F",10,,,,10/8/2021,7/7/2021,7/7/2021,"SHARE14",,,
143,8/3/2021,"2021-22","2020-21","F",10,,,,10/2/2021,6/10/2021,6/10/2021,"SHARE14",,,
718,8/26/2021,"2021-22","2020-21","F",30,,,,10/25/2021,6/30/2021,6/30/2021,"SHARE14",,,
142,8/26/2021,"2021-22","2020-21","F",10,,,,10/25/2021,6/27/2021,6/27/2021,"SHARE14",,,
954,4/15/2013,"2012-13","2011-12","F",8.93,,,,6/14/2013,4/8/2013,4/8/2013,"SHARE14",,,
954,1/15/2018,"2017-18","2016-17","F",100,,,,3/16/2018,1/14/2018,1/14/2018,"SHARE14",,,
712,9/15/2021,"2021-22","2020-21","F",7,,,,11/14/2021,9/6/2021,9/6/2021,"SHARE14",,,
178,9/15/2021,"2021-22","2020-21","F",6,,,,11/14/2021,9/6/2021,9/6/2021,"SHARE14",,,
698,9/15/2021,"2021-22","2020-21","F",15,,,,11/14/2021,9/7/2021,9/7/2021,"SHARE14",,,
764,9/28/2021,"2021-22","2020-21","B",,100,10,,11/27/2021,9/7/2021,9/7/2021,"MERCHAN1",,,
451,7/13/2021,"2021-22","2020-21","F",15,,,,9/11/2021,6/28/2021,6/28/2021,"19990017",,,
621,11/22/2021,"2021-22","2020-21","F",35,,,,1/21/2022,10/21/2021,10/21/2021,"19990017",,,
758,11/4/2021,"2021-22","2020-21","F",10,,,,1/3/2022,10/18/2021,10/18/2021,"19990017",,,
247,12/5/2021,"2021-22","2020-21","F",12,,,,2/3/2022,11/9/2021,11/9/2021,"19990017",,,
203,12/19/2021,"2021-22","2020-21","F",20,,,,2/17/2022,11/10/2021,11/10/2021,"19990017",,,
449,12/15/2021,"2021-22","2020-21","F",20,,,,2/13/2022,11/22/2021,11/22/2021,"19990017",,,
464,12/12/2021,"2021-22","2020-21","F",35,,,,2/10/2022,11/21/2021,11/21/2021,"19990017",,,
464,12/12/2021,"2021-22","2020-21","C",392.09,15,100,,2/10/2022,11/21/2021,11/21/2021,"19990017",,,
668,12/18/2021,"2021-22","2020-21","B",,100,5,,2/16/2022,11/18/2021,11/18/2021,"MERCHAN1",,,
233,12/20/2021,"2021-22","2020-21","F",2,,,,2/18/2022,11/14/2021,11/14/2021,"19990017",,,
400,12/23/2021,"2021-22","2020-21","F",2.5,,,,2/21/2022,11/22/2021,11/22/2021,"19990017",,,
462,12/30/2021,"2021-22","2020-21","F",50,,,,2/28/2022,12/7/2021,12/7/2021,"19990017",,,
774,12/23/2021,"2021-22","2020-21","F",5,,,,2/21/2022,11/25/2021,11/25/2021,"19990017",,,
805,12/28/2021,"2021-22","2020-21","F",11,,,,2/26/2022,11/17/2021,11/17/2021,"19990017",,,
800,12/30/2021,"2021-22","2020-21","F",5,,,,2/28/2022,12/8/2021,12/8/2021,"19990017",,,
483,12/29/2021,"2021-22","2020-21","F",30,,,,2/27/2022,11/18/2021,11/18/2021,"19990017",,,
625,12/30/2021,"2021-22","2020-21","F",5,,,,2/28/2022,12/5/2021,12/5/2021,"19990017",,,
625,12/30/2021,"2021-22","2020-21","C",74.55,100,5,,2/28/2022,12/5/2021,12/5/2021,"19990017",,,
709,12/23/2021,"2021-22","2020-21","B",,100,2.5,,2/21/2022,2/28/2022,2/28/2022,"MERCHAN1",,,
687,12/29/2021,"2021-22","2020-21","B",,100,6,,2/27/2022,2/28/2022,2/28/2022,"MERCHAN1",,,
799,12/22/2021,"2021-22","2020-21","B",,100,7,,2/20/2022,3/2/2022,3/2/2022,"MERCHAN1",,,
302,2/26/2022,"2021-22","2020-21","F",125,,,,4/27/2022,1/20/2022,1/20/2022,"19990017",,,
705,3/16/2022,"2021-22","2020-21","F",10,,,,5/15/2022,3/6/2022,3/6/2022,"19990017",,,
259,3/30/2022,"2021-22","2020-21","F",150,,,,5/29/2022,3/3/2022,3/3/2022,"19990017",,,
146,3/30/2022,"2021-22","2020-21","F",25,,,,5/29/2022,3/7/2022,3/7/2022,"19990017",,,
752,4/17/2022,"2021-22","2020-21","B",,100,10,,6/16/2022,3/22/2022,3/22/2022,"MERCHAN1",,,
209,4/13/2022,"2021-22","2020-21","F",60,,,,6/12/2022,2/16/2022,2/16/2022,"19990017",,,
122,4/28/2022,"2021-22","2020-21","F",15,,,,6/27/2022,4/6/2022,4/6/2022,"19990017",,,
761,8/7/2021,"2021-22","2020-21","C",63,100,10,,10/6/2021,6/7/2021,6/7/2021,"19990017",,,
123,4/28/2022,"2021-22","2020-21","C",13.94,100,5,,6/27/2022,4/6/2022,4/6/2022,"19990017",,,
129,5/17/2022,"2021-22","2020-21","C",12.99,100,10,,7/16/2022,4/20/2022,4/20/2022,"19990017",,,
813,6/23/2022,"2021-22","2020-21","F",3,,,,8/22/2022,5/29/2022,5/29/2022,"19990017",,,
126,6/14/2022,"2021-22","2020-21","F",17.5,,,,8/13/2022,4/21/2022,4/21/2022,"19990017",,,
753,6/15/2022,"2021-22","2020-21","F",5,,,,8/14/2022,5/19/2022,5/19/2022,"19990017",,,
753,6/15/2022,"2021-22","2020-21","C",10.35,100,5,,8/14/2022,5/19/2022,5/19/2022,"19990017",,,
112,8/11/2022,"2022-23","2021-22","F",15,,,,10/10/2022,6/8/2022,6/8/2022,"19990017",,,
763,6/28/2022,"2021-22","2020-21","F",25,,,,8/27/2022,5/22/2022,5/22/2022,"19990017",,,
747,8/2/2022,"2022-23","2021-22","F",12.5,,,,10/1/2022,6/5/2022,6/5/2022,"19990017",,,
747,8/2/2022,"2022-23","2021-22","C",35.12,100,10,,10/1/2022,6/5/2022,6/5/2022,"INVEST",,,
114,8/11/2022,"2022-23","2021-22","F",8,,,,10/10/2022,6/12/2022,6/12/2022,"19990017",,,
114,8/11/2022,"2022-23","2021-22","C",13.72,100,4,,10/10/2022,6/12/2022,6/12/2022,"19990017",,,
116,8/11/2022,"2022-23","2021-22","F",12,,,,10/10/2022,6/8/2022,6/8/2022,"19990017",,,
116,8/11/2022,"2022-23","2021-22","C",13.67,100,4,,10/10/2022,6/8/2022,6/8/2022,"19990017",,,
175,7/21/2022,"2022-23","2021-22","F",15,,,,9/19/2022,7/12/2022,7/12/2022,"19990017",,,
761,8/6/2022,"2022-23","2021-22","F",12.5,,,,10/5/2022,6/20/2022,6/20/2022,"19990017",,,
182,9/15/2022,"2022-23","2021-22","F",5,,,,11/14/2022,9/5/2022,9/5/2022,"19990017",,,
712,9/15/2022,"2022-23","2021-22","F",9,,,,11/14/2022,9/5/2022,9/5/2022,"19990017",,,
184,9/15/2022,"2022-23","2021-22","F",7,,,,11/14/2022,9/6/2022,9/6/2022,"19990017",,,
185,9/15/2022,"2022-23","2021-22","F",7,,,,11/14/2022,9/5/2022,9/5/2022,"19990017",,,
171,9/15/2022,"2022-23","2021-22","F",6,,,,11/14/2022,9/6/2022,9/6/2022,"19990017",,,
176,9/15/2022,"2022-23","2021-22","F",7,,,,11/14/2022,9/5/2022,9/5/2022,"19990017",,,
179,9/15/2022,"2022-23","2021-22","F",5,,,,11/14/2022,9/5/2022,9/5/2022,"19990017",,,
147,9/6/2022,"2022-23","2021-22","F",10,,,,11/5/2022,7/25/2022,7/25/2022,"19990017",,,
173,9/15/2022,"2022-23","2021-22","F",5,,,,11/14/2022,9/5/2022,9/5/2022,"19990017",,,
197,9/15/2022,"2022-23","2021-22","F",6,,,,11/14/2022,9/6/2022,9/6/2022,"19990017",,,
708,9/15/2022,"2022-23","2021-22","F",6,,,,11/14/2022,9/4/2022,9/4/2022,"19990017",,,
101,7/6/2022,"2022-23","2021-22","C",10.5,100,3,,9/4/2022,5/24/2022,5/24/2022,"19990017",,,
698,9/15/2022,"2022-23","2021-22","F",5,,,,11/14/2022,9/5/2022,9/5/2022,"19990017",,,
168,9/15/2022,"2022-23","2021-22","F",15,,,,11/14/2022,9/6/2022,9/6/2022,"19990017",,,
797,9/1/2022,"2022-23","2021-22","F",10,,,,10/31/2022,7/21/2022,7/21/2022,"19990017",,,
706,9/18/2022,"2022-23","2021-22","F",8,,,,11/17/2022,9/11/2022,9/11/2022,"19990017",,,
769,9/18/2022,"2022-23","2021-22","F",8,,,,11/17/2022,9/11/2022,9/11/2022,"19990017",,,
811,9/28/2022,"2022-23","2021-22","F",13,,,,11/27/2022,8/31/2022,8/31/2022,"19990017",,,
229,1/7/2023,"2022-23","2021-22","F",5,,,,3/8/2023,11/24/2022,11/24/2022,"19990017",,,
730,10/19/2022,"2022-23","2021-22","F",15,,,,12/18/2022,9/25/2022,9/25/2022,"19990017",,,
625,12/29/2022,"2022-23","2021-22","F",5,,,,2/27/2023,12/1/2022,12/1/2022,"19990017",,,
311,12/28/2022,"2022-23","2021-22","F",5,,,,2/26/2023,11/20/2022,11/20/2022,"19990017",,,
311,12/28/2022,"2022-23","2021-22","C",23.68,100,5,,2/26/2023,11/20/2022,11/20/2022,"19990017",,,
625,12/29/2022,"2022-23","2021-22","C",64.69,100,5,,2/27/2023,12/1/2022,12/1/2022,"19990017",,,
436,12/31/2022,"2022-23","2021-22","F",2,,,,3/1/2023,11/24/2022,11/24/2022,"19990017",,,
606,12/29/2022,"2022-23","2021-22","F",2.5,,,,2/27/2023,11/17/2022,11/17/2022,"19990017",,,
803,12/8/2022,"2022-23","2021-22","F",10,,,,2/6/2023,11/17/2022,11/17/2022,"19990017",,,
593,1/10/2023,"2022-23","2021-22","F",7.87,,,,3/11/2023,12/29/2022,12/29/2022,"19990017",,,
306,1/14/2023,"2022-23","2021-22","F",10,,,,3/15/2023,11/17/2022,11/17/2022,"19990017",,,
695,12/18/2022,"2022-23","2021-22","C",43.91,100,5,,2/16/2023,11/20/2022,11/20/2022,"19990017",,,
210,12/28/2022,"2022-23","2021-22","C",24.45,100,5,,2/26/2023,11/20/2022,11/20/2022,"19990017",,,
198,3/18/2023,"2022-23","2021-22","F",6,,,,5/17/2023,3/9/2023,3/9/2023,"19990017",,,
805,12/20/2022,"2022-23","2021-22","F",12,,,,2/18/2023,11/14/2022,11/14/2022,"19990017",,,
654,3/30/2023,"2022-23","2021-22","F",10,,,,5/29/2023,2/16/2023,2/16/2023,"19990017",,,
749,3/30/2023,"2022-23","2021-22","F",10.5,,,,5/29/2023,3/7/2023,3/7/2023,"19990017",,,
289,4/2/2023,"2022-23","2021-22","I",0.5,,,,6/1/2023,3/21/2023,3/21/2023,"19990017",,,
827,7/4/2022,"2022-23","2021-22","B",,100,5,,9/2/2022,4/12/2023,4/12/2023,"MERCHAN1",,,
122,4/30/2023,"2022-23","2021-22","F",15,,,,6/29/2023,4/6/2023,4/6/2023,"19990017",,,
145,8/4/2021,"2021-22","2020-21","B",,100,5,,10/3/2021,7/7/2021,7/7/2021,"MERCHAN1",,,
116,8/5/2021,"2021-22","2020-21","B",,100,7.5,,10/4/2021,6/3/2021,6/3/2021,"MERCHAN1",,,
112,8/9/2021,"2021-22","2020-21","F",15,,,,10/8/2021,6/10/2021,6/10/2021,"SHARE14",,,
136,7/29/2021,"2021-22","2020-21","F",20,,,,9/27/2021,5/25/2021,5/25/2021,"SHARE14",,,
120,7/29/2021,"2021-22","2020-21","F",2.5,,,,9/27/2021,6/6/2021,6/6/2021,"SHARE14",,,
603,8/12/2021,"2021-22","2020-21","F",25,,,,10/11/2021,6/22/2021,6/22/2021,"SHARE14",,,
726,8/14/2021,"2021-22","2020-21","F",10,,,,10/13/2021,6/22/2021,6/22/2021,"SHARE14",,,
811,8/12/2021,"2021-22","2020-21","I",2,,,,10/11/2021,8/4/2021,8/4/2021,"SHARE14",,,
738,8/12/2021,"2021-22","2020-21","F",12,,,,10/11/2021,7/19/2021,7/19/2021,"SHARE14",,,
708,9/12/2021,"2021-22","2020-21","F",10,,,,11/11/2021,9/2/2021,9/2/2021,"SHARE14",,,
981,9/12/2021,"2021-22","2020-21","F",15,,,,11/11/2021,9/2/2021,9/2/2021,"SHARE14",,,
567,9/12/2021,"2021-22","2020-21","F",15,,,,11/11/2021,9/2/2021,9/2/2021,"SHARE14",,,
727,8/24/2021,"2021-22","2020-21","F",40,,,,10/23/2021,7/26/2021,7/26/2021,"SHARE14",,,
954,1/14/2018,"2017-18","2016-17","F",3.16,,,,3/15/2018,1/14/2018,1/14/2018,"INVEST",,,
149,9/20/2021,"2021-22","2020-21","B",,100,2.5,,11/19/2021,8/25/2021,8/25/2021,"MERCHAN1",,,
144,9/29/2021,"2021-22","2020-21","F",32,,,,11/28/2021,8/18/2021,8/18/2021,"19990017",,,
735,9/23/2021,"2021-22","2020-21","F",15,,,,11/22/2021,7/27/2021,7/27/2021,"19990017",,,
622,11/10/2021,"2021-22","2020-21","F",15,,,,1/9/2022,10/7/2021,10/7/2021,"19990017",,,
310,11/25/2021,"2021-22","2020-21","F",22,,,,1/24/2022,11/11/2021,11/11/2021,"19990017",,,
671,12/13/2021,"2021-22","2020-21","F",40,,,,2/11/2022,11/17/2021,11/17/2021,"19990017",,,
564,12/28/2021,"2021-22","2020-21","B",,100,5,,2/26/2022,11/21/2021,11/21/2021,"MERCHAN1",,,
713,12/28/2021,"2021-22","2020-21","B",,100,5,,2/26/2022,11/21/2021,11/21/2021,"MERCHAN1",,,
498,12/15/2021,"2021-22","2020-21","F",5,,,,2/13/2022,10/28/2021,10/28/2021,"19990017",,,
657,12/15/2021,"2021-22","2020-21","F",20,,,,2/13/2022,11/17/2021,11/17/2021,"19990017",,,
455,12/26/2021,"2021-22","2020-21","C",283.96,100,15,,2/24/2022,11/18/2021,11/18/2021,"19990017",,,
699,12/27/2021,"2021-22","2020-21","F",170,,,,2/25/2022,11/22/2021,11/22/2021,"19990017",,,
687,12/29/2021,"2021-22","2020-21","F",10,,,,2/27/2022,11/18/2021,11/18/2021,"19990017",,,
312,12/28/2021,"2021-22","2020-21","F",12.5,,,,2/26/2022,11/22/2021,11/22/2021,"19990017",,,
653,12/23/2021,"2021-22","2020-21","F",2.5,,,,2/21/2022,11/22/2021,11/22/2021,"19990017",,,
777,12/28/2021,"2021-22","2020-21","F",10,,,,2/26/2022,11/25/2021,11/25/2021,"19990017",,,
505,12/26/2021,"2021-22","2020-21","F",10,,,,2/24/2022,12/6/2021,12/6/2021,"19990017",,,
262,12/27/2021,"2021-22","2020-21","F",10,,,,2/25/2022,11/23/2021,11/23/2021,"19990017",,,
212,12/28/2021,"2021-22","2020-21","F",4,,,,2/26/2022,11/22/2021,11/22/2021,"19990017",,,
776,12/29/2021,"2021-22","2020-21","F",11,,,,2/27/2022,11/15/2021,11/15/2021,"19990017",,,
322,1/30/2022,"2021-22","2020-21","B",,100,4,,3/31/2022,12/2/2021,12/2/2021,"MERCHAN1",,,
786,12/12/2021,"2021-22","2020-21","B",,100,10,,2/10/2022,2/17/2022,2/17/2022,"MERCHAN1",,,
443,1/24/2022,"2021-22","2020-21","C",56.85,100,5,,3/25/2022,11/29/2021,11/29/2021,"19990017",,,
644,1/24/2022,"2021-22","2020-21","F",10,,,,3/25/2022,11/30/2021,11/30/2021,"19990017",,,
788,1/26/2022,"2021-22","2020-21","F",15,,,,3/27/2022,12/5/2021,12/5/2021,"19990017",,,
641,1/13/2022,"2021-22","2020-21","I",5,,,,3/14/2022,1/3/2022,1/3/2022,"19990017",,,
360,12/22/2021,"2021-22","2020-21","F",10,,,,2/20/2022,12/7/2021,12/7/2021,"19990017",,,
693,12/28/2021,"2021-22","2020-21","B",,100,1,,2/26/2022,4/12/2022,4/12/2022,"MERCHAN1",,,
108,6/9/2022,"2021-22","2020-21","B",,100,10,,8/8/2022,4/25/2022,4/25/2022,"MERCHAN1",,,
108,6/9/2022,"2021-22","2020-21","C",14.1,100,10,,8/8/2022,4/25/2022,4/25/2022,"19990017",,,
139,6/29/2022,"2021-22","2020-21","F",15,,,,8/28/2022,5/25/2022,5/25/2022,"19990017",,,
751,6/20/2022,"2021-22","2020-21","F",12,,,,8/19/2022,5/24/2022,5/24/2022,"19990017",,,
175,9/15/2022,"2022-23","2021-22","F",5,,,,11/14/2022,9/5/2022,9/5/2022,"INVEST",,,
738,7/31/2022,"2022-23","2021-22","B",,100,6,,9/29/2022,9/26/2022,9/26/2022,"MERCHAN1",,,
717,10/18/2022,"2022-23","2021-22","F",12,,,,12/17/2022,9/21/2022,9/21/2022,"19990017",,,
735,9/29/2022,"2022-23","2021-22","F",15,,,,11/28/2022,8/25/2022,8/25/2022,"19990017",,,
601,11/9/2022,"2022-23","2021-22","F",10,,,,1/8/2023,10/3/2022,10/3/2022,"19990017",,,
457,12/17/2022,"2022-23","2021-22","B",,100,7,,2/15/2023,11/10/2022,11/10/2022,"MERCHAN1",,,
232,12/28/2022,"2022-23","2021-22","B",,100,5.5,,2/26/2023,11/23/2022,11/23/2022,"MERCHAN1",,,
699,12/27/2022,"2022-23","2021-22","F",170,,,,2/25/2023,11/22/2022,11/22/2022,"19990017",,,
607,12/14/2022,"2022-23","2021-22","F",10,,,,2/12/2023,11/21/2022,11/21/2022,"19990017",,,
452,12/22/2022,"2022-23","2021-22","F",35,,,,2/20/2023,11/21/2022,11/21/2022,"19990017",,,
462,12/27/2022,"2022-23","2021-22","F",50,,,,2/25/2023,12/8/2022,12/8/2022,"19990017",,,
512,12/28/2022,"2022-23","2021-22","F",10,,,,2/26/2023,12/4/2022,12/4/2022,"19990017",,,
770,12/22/2022,"2022-23","2021-22","F",6,,,,2/20/2023,11/15/2022,11/15/2022,"19990017",,,
706,9/15/2018,"2018-19","2017-18","F",7,,,,11/14/2018,9/4/2018,9/4/2018,"19990017",,,
443,1/18/2023,"2022-23","2021-22","F",5,,,,3/19/2023,11/22/2022,11/22/2022,"19990017",,,
322,1/29/2023,"2022-23","2021-22","F",16,,,,3/30/2023,12/1/2022,12/1/2022,"19990017",,,
443,1/18/2023,"2022-23","2021-22","C",115.16,100,10,,3/19/2023,11/22/2022,11/22/2022,"19990017",,,
450,2/6/2023,"2022-23","2021-22","F",10,,,,4/7/2023,12/6/2022,12/6/2022,"19990017",,,
852,1/29/2023,"2022-23","2021-22","F",4,,,,3/30/2023,12/31/2022,12/31/2022,"19990017",,,
857,1/29/2023,"2022-23","2021-22","F",10,,,,3/30/2023,12/31/2022,12/31/2022,"19990017",,,
854,1/29/2023,"2022-23","2021-22","F",8,,,,3/30/2023,12/31/2022,12/31/2022,"19990017",,,
855,1/29/2023,"2022-23","2021-22","F",8,,,,3/30/2023,12/31/2022,12/31/2022,"19990017",,,
856,1/29/2023,"2022-23","2021-22","F",8,,,,3/30/2023,12/31/2022,12/31/2022,"19990017",,,
859,1/29/2023,"2022-23","2021-22","F",8,,,,3/30/2023,12/31/2022,12/31/2022,"19990017",,,
858,1/29/2023,"2022-23","2021-22","F",10,,,,3/30/2023,12/31/2022,12/31/2022,"19990017",,,
869,1/29/2023,"2022-23","2021-22","F",10,,,,3/30/2023,12/31/2022,12/31/2022,"19990017",,,
771,12/22/2022,"2022-23","2021-22","F",2,,,,2/20/2023,11/17/2022,11/17/2022,"19990017",,,
259,3/29/2023,"2022-23","2021-22","F",100,,,,5/28/2023,3/2/2023,3/2/2023,"19990017",,,
659,3/28/2023,"2022-23","2021-22","F",10,,,,5/27/2023,3/6/2023,3/6/2023,"19990017",,,
146,3/30/2023,"2022-23","2021-22","F",25,,,,5/29/2023,3/7/2023,3/7/2023,"19990017",,,
549,5/2/2023,"2022-23","2021-22","F",95,,,,7/1/2023,2/26/2023,2/26/2023,"19990017",,,
132,4/16/2023,"2022-23","2021-22","F",25,,,,6/15/2023,3/22/2023,3/22/2023,"19990017",,,
799,12/28/2022,"2022-23","2021-22","F",10,,,,2/26/2023,11/30/2022,11/30/2022,"19990017",,,
714,3/30/2023,"2022-23","2021-22","F",1,,,,5/29/2023,2/27/2023,2/27/2023,"19990017",,,
294,2/26/2023,"2022-23","2021-22","F",1.5,,,,4/27/2023,12/22/2022,12/22/2022,"19990017",,,
744,4/30/2302,"2301-02","2300-01","F",10,,,,6/29/2302,4/4/2023,4/4/2023,"19990017",,,
744,4/30/2023,"2022-23","2021-22","F",10,,,,6/29/2023,4/4/2023,4/4/2023,"19990017",,,
785,3/30/2023,"2022-23","2021-22","F",2,,,,5/29/2023,2/22/2023,2/22/2023,"19990017",,,
742,4/27/2023,"2022-23","2021-22","F",10,,,,6/26/2023,3/21/2023,3/21/2023,"19990017",,,
415,12/26/2022,"2022-23","2021-22","C",110.8,100,10,,2/24/2023,11/22/2022,11/22/2022,"19990017",,,
757,12/4/2022,"2022-23","2021-22","C",32.05,100,5,,2/2/2023,11/24/2022,11/24/2022,"19990017",,,
652,5/29/2023,"2022-23","2021-22","F",15,,,,7/28/2023,3/27/2023,3/27/2023,"19990017",,,
752,5/18/2023,"2022-23","2021-22","B",,100,2,,7/17/2023,4/18/2023,4/18/2023,"MERCHAN1",,,
128,5/24/2023,"2022-23","2021-22","B",,100,3,,7/23/2023,4/27/2023,4/27/2023,"MERCHAN1",,,
109,5/18/2023,"2022-23","2021-22","F",14,,,,7/17/2023,4/26/2023,4/26/2023,"19990017",,,
109,5/18/2023,"2022-23","2021-22","C",21.89,100,14,,7/17/2023,4/26/2023,4/26/2023,"19990017",,,
113,5/28/2023,"2022-23","2021-22","F",17.5,,,,7/27/2023,4/30/2023,4/30/2023,"19990017",,,
128,5/24/2023,"2022-23","2021-22","F",12,,,,7/23/2023,4/27/2023,4/27/2023,"19990017",,,
111,5/31/2023,"2022-23","2021-22","F",12.5,,,,7/30/2023,5/5/2023,5/5/2023,"19990017",,,
752,5/18/2023,"2022-23","2021-22","F",15,,,,7/17/2023,4/18/2023,4/18/2023,"19990017",,,
752,5/18/2023,"2022-23","2021-22","C",56.41,100,2,,7/17/2023,4/18/2023,4/18/2023,"19990017",,,
108,8/5/2021,"2021-22","2020-21","C",16.2,100,5,,10/4/2021,6/30/2021,6/30/2021,"SHARE14",,,
120,7/29/2021,"2021-22","2020-21","B",,100,2.5,,9/27/2021,6/6/2021,6/6/2021,"MERCHAN1",,,
138,7/29/2021,"2021-22","2020-21","F",6,,,,9/27/2021,6/7/2021,6/7/2021,"SHARE14",,,
485,7/26/2021,"2021-22","2020-21","F",200,,,,9/24/2021,5/27/2021,5/27/2021,"SHARE14",,,
485,8/29/2021,"2021-22","2020-21","I",200,,,,10/28/2021,8/18/2021,8/18/2021,"SHARE14",,,
141,7/29/2021,"2021-22","2020-21","F",6,,,,9/27/2021,6/17/2021,6/17/2021,"SHARE14",,,
141,7/29/2021,"2021-22","2020-21","C",59.7,100,7.5,,9/27/2021,6/17/2021,6/17/2021,"SHARE14",,,
763,8/10/2021,"2021-22","2020-21","F",20,,,,10/9/2021,7/4/2021,7/4/2021,"SHARE14",,,
488,7/30/2021,"2021-22","2020-21","F",1,,,,9/28/2021,7/12/2021,7/12/2021,"SHARE14",,,
107,8/18/2021,"2021-22","2020-21","B",,100,10,,10/17/2021,7/14/2021,7/14/2021,"MERCHAN1",,,
484,8/25/2021,"2021-22","2020-21","F",375,,,,10/24/2021,8/16/2021,8/16/2021,"19990017",,,
760,10/28/2021,"2021-22","2020-21","F",13,,,,12/27/2021,9/23/2021,9/23/2021,"19990017",,,
455,12/26/2021,"2021-22","2020-21","B",,100,15,,2/24/2022,11/18/2021,11/18/2021,"MERCHAN1",,,
296,12/26/2021,"2021-22","2020-21","B",,100,5,,2/24/2022,11/18/2021,11/18/2021,"MERCHAN1",,,
464,12/12/2021,"2021-22","2020-21","B",,100,15,,2/10/2022,11/21/2021,11/21/2021,"MERCHAN1",,,
365,12/14/2021,"2021-22","2020-21","B",,100,5,,2/12/2022,11/18/2021,11/18/2021,"MERCHAN1",,,
232,12/20/2021,"2021-22","2020-21","B",,100,10,,2/18/2022,11/22/2021,11/22/2021,"MERCHAN1",,,
457,12/18/2021,"2021-22","2020-21","B",,100,10,,2/16/2022,11/15/2021,11/15/2021,"MERCHAN1",,,
563,12/7/2021,"2021-22","2020-21","F",37,,,,2/5/2022,11/11/2021,11/11/2021,"19990017",,,
494,12/12/2021,"2021-22","2020-21","F",10,,,,2/10/2022,11/17/2021,11/17/2021,"19990017",,,
413,12/12/2021,"2021-22","2020-21","F",10,,,,2/10/2022,11/18/2021,11/18/2021,"19990017",,,
684,12/22/2021,"2021-22","2020-21","F",10,,,,2/20/2022,11/11/2021,11/11/2021,"19990017",,,
261,12/13/2021,"2021-22","2020-21","F",5,,,,2/11/2022,11/22/2021,11/22/2021,"19990017",,,
151,12/28/2021,"2021-22","2020-21","F",11,,,,2/26/2022,12/1/2021,12/1/2021,"19990017",,,
317,12/15/2021,"2021-22","2020-21","F",55,,,,2/13/2022,11/17/2021,11/17/2021,"19990017",,,
244,12/9/2021,"2021-22","2020-21","F",15,,,,2/7/2022,11/21/2021,11/21/2021,"19990017",,,
442,12/20/2021,"2021-22","2020-21","F",2,,,,2/18/2022,11/15/2021,11/15/2021,"19990017",,,
797,12/9/2021,"2021-22","2020-21","F",2,,,,2/7/2022,10/7/2021,10/7/2021,"19990017",,,
796,12/14/2021,"2021-22","2020-21","F",10,,,,2/12/2022,11/17/2021,11/17/2021,"19990017",,,
660,12/9/2021,"2021-22","2020-21","F",2.5,,,,2/7/2022,11/18/2021,11/18/2021,"19990017",,,
704,12/9/2021,"2021-22","2020-21","F",10,,,,2/7/2022,11/4/2021,11/4/2021,"19990017",,,
607,12/11/2021,"2021-22","2020-21","F",10,,,,2/9/2022,11/23/2021,11/23/2021,"19990017",,,
550,12/14/2021,"2021-22","2020-21","F",10,,,,2/12/2022,11/18/2021,11/18/2021,"19990017",,,
803,12/11/2021,"2021-22","2020-21","F",10,,,,2/9/2022,11/16/2021,11/16/2021,"19990017",,,
207,12/11/2021,"2021-22","2020-21","F",10,,,,2/9/2022,11/23/2021,11/23/2021,"19990017",,,
786,12/12/2021,"2021-22","2020-21","F",10,,,,2/10/2022,11/18/2021,11/18/2021,"19990017",,,
560,12/15/2021,"2021-22","2020-21","F",3.5,,,,2/13/2022,11/21/2021,11/21/2021,"19990017",,,
702,12/14/2021,"2021-22","2020-21","F",2,,,,2/12/2022,11/18/2021,11/18/2021,"19990017",,,
556,12/17/2021,"2021-22","2020-21","F",5,,,,2/15/2022,11/18/2021,11/18/2021,"19990017",,,
624,12/21/2021,"2021-22","2020-21","F",25,,,,2/19/2022,11/23/2021,11/23/2021,"19990017",,,
452,12/23/2021,"2021-22","2020-21","F",35,,,,2/21/2022,11/22/2021,11/22/2021,"19990017",,,
618,12/23/2021,"2021-22","2020-21","F",35,,,,2/21/2022,11/22/2021,11/22/2021,"19990017",,,
695,12/22/2021,"2021-22","2020-21","F",11,,,,2/20/2022,11/21/2021,11/21/2021,"19990017",,,
319,12/23/2021,"2021-22","2020-21","F",11.5,,,,2/21/2022,11/25/2021,11/25/2021,"19990017",,,
700,12/23/2021,"2021-22","2020-21","F",1,,,,2/21/2022,11/21/2021,11/21/2021,"19990017",,,
245,12/23/2021,"2021-22","2020-21","F",4,,,,2/21/2022,11/24/2021,11/24/2021,"19990017",,,
299,12/20/2021,"2021-22","2020-21","F",15,,,,2/18/2022,11/21/2021,11/21/2021,"19990017",,,
775,12/20/2021,"2021-22","2020-21","F",11,,,,2/18/2022,11/22/2021,11/22/2021,"19990017",,,
569,12/29/2021,"2021-22","2020-21","F",5,,,,2/27/2022,11/14/2021,11/14/2021,"19990017",,,
223,1/12/2022,"2021-22","2020-21","F",20,,,,3/13/2022,11/18/2021,11/18/2021,"19990017",,,
704,12/9/2021,"2021-22","2020-21","B",,100,5,,2/7/2022,1/30/2022,1/30/2022,"MERCHAN1",,,
772,12/22/2021,"2021-22","2020-21","B",,100,8,,2/20/2022,3/1/2022,3/1/2022,"MERCHAN1",,,
658,12/23/2021,"2021-22","2020-21","F",5,,,,2/21/2022,11/25/2021,11/25/2021,"19990017",,,
499,12/30/2021,"2021-22","2020-21","F",2,,,,2/28/2022,12/6/2021,12/6/2021,"19990017",,,
180,12/29/2021,"2021-22","2020-21","F",1,,,,2/27/2022,12/7/2021,12/7/2021,"19990017",,,
198,3/10/2022,"2021-22","2020-21","F",12,,,,5/9/2022,3/1/2022,3/1/2022,"19990017",,,
170,3/6/2022,"2021-22","2020-21","F",10,,,,5/5/2022,2/22/2022,2/22/2022,"19990017",,,
441,3/2/2022,"2021-22","2020-21","I",1,,,,5/1/2022,2/24/2022,2/24/2022,"19990017",,,
303,3/13/2022,"2021-22","2020-21","B",,100,20,,5/12/2022,1/18/2022,1/18/2022,"MERCHAN1",,,
549,4/26/2022,"2021-22","2020-21","F",125,,,,6/25/2022,2/23/2022,2/23/2022,"19990017",,,
569,12/29/2021,"2021-22","2020-21","B",,100,5,,2/27/2022,4/10/2022,4/10/2022,"MERCHAN1",,,
118,4/24/2022,"2021-22","2020-21","B",,100,10,,6/23/2022,3/28/2022,3/28/2022,"MERCHAN1",,,
128,4/28/2022,"2021-22","2020-21","B",,100,5,,6/27/2022,4/6/2022,4/6/2022,"MERCHAN1",,,
109,4/28/2022,"2021-22","2020-21","B",,100,14,,6/27/2022,4/6/2022,4/6/2022,"MERCHAN1",,,
123,4/28/2022,"2021-22","2020-21","B",,100,5,,6/27/2022,4/6/2022,4/6/2022,"MERCHAN1",,,
785,12/31/2021,"2021-22","2020-21","B",,100,8,,3/1/2022,4/25/2022,4/25/2022,"MERCHAN1",,,
740,5/31/2022,"2021-22","2020-21","F",10,,,,7/30/2022,5/9/2022,5/9/2022,"19990017",,,
718,6/6/2022,"2021-22","2020-21","F",35,,,,8/5/2022,5/10/2022,5/10/2022,"19990017",,,
119,6/15/2022,"2021-22","2020-21","B",,100,10,,8/14/2022,5/23/2022,5/23/2022,"MERCHAN1",,,
808,6/2/2022,"2021-22","2020-21","B",,100,7.5,,8/1/2022,7/13/2022,7/13/2022,"MERCHAN1",,,
117,7/6/2022,"2022-23","2021-22","B",,100,5,,9/4/2022,5/31/2022,5/31/2022,"MERCHAN1",,,
138,8/11/2022,"2022-23","2021-22","F",6,,,,10/10/2022,7/7/2022,7/7/2022,"19990017",,,
138,8/11/2022,"2022-23","2021-22","C",29.68,100,5,,10/10/2022,7/7/2022,7/7/2022,"19990017",,,
214,11/25/2021,"2021-22","2020-21","C",52.2,100,10,,1/24/2022,3/1/2022,3/1/2022,"19990017",,,
485,8/30/2022,"2022-23","2021-22","I",300,,,,10/29/2022,8/21/2022,8/21/2022,"19990017",,,
652,8/22/2022,"2022-23","2021-22","I",15,,,,10/21/2022,8/11/2022,8/11/2022,"19990017",,,
484,8/24/2022,"2022-23","2021-22","F",100,,,,10/23/2022,6/26/2022,6/26/2022,"19990017",,,
224,6/8/2022,"2021-22","2020-21","I",5,,,,8/7/2022,5/25/2022,5/25/2022,"19990017",,,
195,9/15/2022,"2022-23","2021-22","F",7,,,,11/14/2022,9/6/2022,9/6/2022,"19990017",,,
193,9/15/2022,"2022-23","2021-22","F",11,,,,11/14/2022,9/6/2022,9/6/2022,"19990017",,,
160,9/15/2022,"2022-23","2021-22","F",7,,,,11/14/2022,9/6/2022,9/6/2022,"19990017",,,
186,9/15/2022,"2022-23","2021-22","F",4,,,,11/14/2022,9/5/2022,9/5/2022,"19990017",,,
187,9/15/2022,"2022-23","2021-22","F",7,,,,11/14/2022,9/6/2022,9/6/2022,"19990017",,,
981,9/15/2022,"2022-23","2021-22","F",15,,,,11/14/2022,9/4/2022,9/4/2022,"19990017",,,
567,9/15/2022,"2022-23","2021-22","F",5,,,,11/14/2022,9/4/2022,9/4/2022,"19990017",,,
465,10/30/2022,"2022-23","2021-22","F",60,,,,12/29/2022,9/29/2022,9/29/2022,"19990017",,,
622,11/9/2022,"2022-23","2021-22","F",20,,,,1/8/2023,10/12/2022,10/12/2022,"19990017",,,
194,12/15/2022,"2022-23","2021-22","F",6,,,,2/13/2023,12/5/2022,12/5/2022,"19990017",,,
310,11/29/2022,"2022-23","2021-22","F",10,,,,1/28/2023,11/3/2022,11/3/2022,"19990017",,,
568,12/15/2022,"2022-23","2021-22","F",5,,,,2/13/2023,12/4/2022,12/4/2022,"19990017",,,
244,11/24/2022,"2022-23","2021-22","F",16,,,,1/23/2023,11/1/2022,11/1/2022,"19990017",,,
504,11/7/2022,"2022-23","2021-22","F",1,,,,1/6/2023,10/24/2022,10/24/2022,"19990017",,,
365,12/5/2022,"2022-23","2021-22","F",10,,,,2/3/2023,11/17/2022,11/17/2022,"19990017",,"...",
254,12/15/2022,"2022-23","2021-22","F",20,,,,2/13/2023,11/7/2022,11/7/2022,"19990017",,,
625,12/29/2022,"2022-23","2021-22","B",,100,5,,2/27/2023,12/1/2022,12/1/2022,"MERCHAN1",,,
360,12/31/2022,"2022-23","2021-22","B",,100,100,,3/1/2023,12/7/2022,12/7/2022,"MERCHAN1",,,
464,12/22/2022,"2022-23","2021-22","C",437.32,100,20,,2/20/2023,12/1/2022,12/1/2022,"19990017",,,
747,8/9/2021,"2021-22","2020-21","B",,100,10,,10/8/2021,7/7/2021,7/7/2021,"MERCHAN1",,,
950,6/2/2021,"2020-21","2019-20","F",7.88,,,,8/1/2021,5/20/2021,5/20/2021,"SHARE14",,,
954,4/14/2016,"2015-16","2014-15","F",6.25,,,,6/13/2016,4/8/2016,4/8/2016,"SHARE14",,,
954,10/15/2013,"2013-14","2012-13","F",16.63,,,,12/14/2013,10/8/2013,10/8/2013,"SHARE14",,,
954,4/15/2014,"2013-14","2012-13","F",8.19,,,,6/14/2014,4/8/2014,4/8/2014,"SHARE14",,,
954,10/15/2014,"2014-15","2013-14","F",7,,,,12/14/2014,10/8/2014,10/8/2014,"SHARE14",,,
954,10/16/2016,"2016-17","2015-16","F",6.25,,,,12/15/2016,10/8/2016,10/8/2016,"SHARE14",,,
954,4/13/2017,"2016-17","2015-16","F",6.25,,,,6/12/2017,4/8/2017,4/8/2017,"SHARE14",,,
954,10/15/2017,"2017-18","2016-17","F",6.25,,,,12/14/2017,10/8/2017,10/8/2017,"SHARE14",,,
721,8/25/2021,"2021-22","2020-21","F",20,,,,10/24/2021,7/18/2021,7/18/2021,"SHARE14",,,
186,9/15/2021,"2021-22","2020-21","F",4,,,,11/14/2021,9/6/2021,9/6/2021,"SHARE14",,,
179,9/15/2021,"2021-22","2020-21","F",7,,,,11/14/2021,9/6/2021,9/6/2021,"SHARE14",,,
175,9/15/2021,"2021-22","2020-21","F",7.5,,,,11/14/2021,9/6/2021,9/6/2021,"SHARE14",,,
730,10/27/2021,"2021-22","2020-21","B",,100,15,,12/26/2021,10/6/2021,10/6/2021,"MERCHAN1",,,
621,11/22/2021,"2021-22","2020-21","C",232.46,100,5,,1/21/2022,10/21/2021,10/21/2021,"19990017",,,
810,12/9/2021,"2021-22","2020-21","F",25,,,,2/7/2022,10/31/2021,10/31/2021,"19990017",,,
601,11/29/2021,"2021-22","2020-21","F",10,,,,1/28/2022,10/27/2021,10/27/2021,"19990017",,,
674,12/13/2021,"2021-22","2020-21","F",10,,,,2/11/2022,11/15/2021,11/15/2021,"19990017",,,
305,12/5/2021,"2021-22","2020-21","F",35,,,,2/3/2022,10/24/2021,10/24/2021,"19990017",,,
477,12/15/2021,"2021-22","2020-21","F",60,,,,2/13/2022,11/22/2021,11/22/2021,"19990017",,,
105,12/28/2021,"2021-22","2020-21","B",,100,5,,2/26/2022,8/17/2021,8/17/2021,"MERCHAN1",,,
210,12/30/2021,"2021-22","2020-21","B",,100,5,,2/28/2022,11/17/2021,11/17/2021,"MERCHAN1",,,
311,12/30/2021,"2021-22","2020-21","B",,100,5,,2/28/2022,11/17/2021,11/17/2021,"MERCHAN1",,,
745,12/28/2021,"2021-22","2020-21","B",,100,12,,2/26/2022,7/29/2021,7/29/2021,"MERCHAN1",,,
443,1/24/2022,"2021-22","2020-21","B",,100,5,,3/25/2022,11/29/2021,11/29/2021,"MERCHAN1",,,
791,1/16/2022,"2021-22","2020-21","F",10,,,,3/17/2022,12/20/2021,12/20/2021,"19990017",,,
322,1/30/2021,"2020-21","2019-20","F",28,,,,3/31/2021,12/2/2021,12/2/2021,"19990017",,,
322,1/30/2022,"2021-22","2020-21","F",28,,,,3/31/2022,12/2/2021,12/2/2021,"19990017",,,
297,12/27/2021,"2021-22","2020-21","B",,100,3,,2/25/2022,3/14/2022,3/14/2022,"MERCHAN1",,,
439,2/28/2022,"2021-22","2020-21","I",1,,,,4/29/2022,2/17/2022,2/17/2022,"19990017",,,
605,1/20/2022,"2021-22","2020-21","F",12,,,,3/21/2022,1/16/2022,1/16/2022,"19990017",,,
605,1/27/2022,"2021-22","2020-21","F",12,,,,3/28/2022,1/16/2022,1/16/2022,"19990017",,,
309,3/5/2022,"2021-22","2020-21","F",150,,,,5/4/2022,1/25/2022,1/25/2022,"19990017",,,
485,2/24/2022,"2021-22","2020-21","I",200,,,,4/25/2022,2/15/2022,2/15/2022,"19990017",,,
443,1/24/2022,"2021-22","2020-21","F",5,,,,3/25/2022,11/29/2021,11/29/2021,"19990017",,,
210,12/30/2021,"2021-22","2020-21","F",5,,,,2/28/2022,11/17/2021,11/17/2021,"19990017",,,
119,6/15/2022,"2021-22","2020-21","C",17.44,100,10,,8/14/2022,5/23/2022,5/23/2022,"19990017",,,
814,6/28/2022,"2021-22","2020-21","F",5.8,,,,8/27/2022,6/22/2022,6/22/2022,"19990017",,,
753,6/15/2022,"2021-22","2020-21","B",,100,5,,8/14/2022,5/19/2022,5/19/2022,"MERCHAN1",,,
115,6/23/2022,"2021-22","2020-21","F",12,,,,8/22/2022,5/24/2022,5/24/2022,"19990017",,,
721,6/27/2022,"2021-22","2020-21","C",72.48,100,10,,8/26/2022,5/25/2022,5/25/2022,"19990017",,,
101,7/6/2022,"2022-23","2021-22","B",,100,3,,9/4/2022,5/24/2022,5/24/2022,"MERCHAN1",,,
762,7/20/2022,"2022-23","2021-22","B",,100,16,,9/18/2022,5/30/2022,5/30/2022,"MERCHAN1",,,
747,8/2/2022,"2022-23","2021-22","B",,100,10,,10/1/2022,6/5/2022,6/5/2022,"MERCHAN1",,,
549,8/23/2022,"2022-23","2021-22","I",125,,,,10/22/2022,8/10/2022,8/10/2022,"19990017",,,
131,8/18/2022,"2022-23","2021-22","F",12.5,,,,10/17/2022,7/7/2022,7/7/2022,"19990017",,,
183,9/15/2022,"2022-23","2021-22","F",7,,,,11/14/2022,9/6/2022,9/6/2022,"19990017",,,
177,9/15/2022,"2022-23","2021-22","F",7,,,,11/14/2022,9/6/2022,9/6/2022,"19990017",,,
727,8/26/2022,"2022-23","2021-22","F",40,,,,10/25/2022,8/25/2022,8/25/2022,"19990017",,,
294,9/28/2022,"2022-23","2021-22","F",1,,,,11/27/2022,12/22/2021,12/22/2021,"19990017",,,
621,11/23/2022,"2022-23","2021-22","B",,10,1,,1/22/2023,10/24/2022,10/24/2022,"INVEST",,,
757,6/27/2022,"2021-22","2020-21","B",,100,5,,8/26/2022,11/24/2022,11/24/2022,"MERCHAN1",,,
684,12/22/2022,"2022-23","2021-22","F",10,,,,2/20/2023,11/13/2022,11/13/2022,"19990017",,,
556,12/14/2022,"2022-23","2021-22","F",10,,,,2/12/2023,11/17/2022,11/17/2022,"19990017",,,
505,11/8/2022,"2022-23","2021-22","F",8,,,,1/7/2023,10/24/2022,10/24/2022,"19990017",,,
261,12/8/2022,"2022-23","2021-22","F",10,,,,2/6/2023,11/10/2022,11/10/2022,"19990017",,,
247,12/18/2022,"2022-23","2021-22","B",,100,12,,2/16/2023,11/6/2022,11/6/2022,"MERCHAN1",,,
261,12/8/2022,"2022-23","2021-22","B",,100,30,,2/6/2023,11/10/2022,11/10/2022,"MERCHAN1",,,
605,12/11/2022,"2022-23","2021-22","F",20,,,,2/9/2023,11/23/2022,11/23/2022,"19990017",,,
695,12/18/2022,"2022-23","2021-22","B",,100,5,,2/16/2023,11/20/2022,11/20/2022,"MERCHAN1",,,
408,12/15/2022,"2022-23","2021-22","F",2,,,,2/13/2023,11/24/2022,11/24/2022,"19990017",,,
837,12/22/2022,"2022-23","2021-22","F",3,,,,2/20/2023,10/24/2022,10/24/2022,"19990017",,,
359,12/22/2022,"2022-23","2021-22","F",3,,,,2/20/2023,11/21/2022,11/21/2022,"19990017",,,
653,12/22/2022,"2022-23","2021-22","F",3,,,,2/20/2023,11/21/2022,11/21/2022,"19990017",,,
449,12/24/2022,"2022-23","2021-22","F",35,,,,2/22/2023,11/28/2022,11/28/2022,"19990017",,,
550,12/28/2022,"2022-23","2021-22","F",15,,,,2/26/2023,11/27/2022,11/27/2022,"19990017",,,
302,1/21/2023,"2022-23","2021-22","F",125,,,,3/22/2023,12/5/2022,12/5/2022,"19990017",,,
772,12/20/2022,"2022-23","2021-22","F",10,,,,2/18/2023,11/14/2022,11/14/2022,"19990017",,,
257,12/20/2022,"2022-23","2021-22","F",3,,,,2/18/2023,11/28/2022,11/28/2022,"19990017",,,
768,12/22/2022,"2022-23","2021-22","F",10,,,,2/20/2023,11/20/2022,11/20/2022,"19990017",,,
793,12/22/2022,"2022-23","2021-22","F",15,,,,2/20/2023,11/17/2022,11/17/2022,"19990017",,,
561,12/22/2022,"2022-23","2021-22","F",5,,,,2/20/2023,11/17/2022,11/17/2022,"19990017",,,
295,12/22/2022,"2022-23","2021-22","F",1.5,,,,2/20/2023,11/17/2022,11/17/2022,"INVEST",,,
202,12/26/2022,"2022-23","2021-22","F",45,,,,2/24/2023,11/24/2022,11/24/2022,"19990017",,,
317,12/26/2022,"2022-23","2021-22","F",50,,,,2/24/2023,11/17/2022,11/17/2022,"19990017",,,
795,1/15/2023,"2022-23","2021-22","F",5.25,,,,3/16/2023,1/4/2023,1/4/2023,"19990017",,,
786,12/29/2022,"2022-23","2021-22","B",,100,2,,2/27/2023,11/20/2022,11/20/2022,"MERCHAN1",,,
309,1/14/2023,"2022-23","2021-22","F",150,,,,3/15/2023,12/11/2022,12/11/2022,"19990017",,,
468,12/29/2022,"2022-23","2021-22","F",20,,,,2/27/2023,11/22/2022,11/22/2022,"19990017",,,
443,1/18/2023,"2022-23","2021-22","B",,100,10,,3/19/2023,11/22/2022,11/22/2022,"MERCHAN1",,,
792,1/19/2023,"2022-23","2021-22","B",,100,4,,3/20/2023,12/21/2022,12/21/2022,"MERCHAN1",,,
640,12/31/2022,"2022-23","2021-22","F",2,,,,3/1/2023,12/8/2022,12/8/2022,"19990017",,,
624,12/31/2022,"2022-23","2021-22","F",5,,,,3/1/2023,12/5/2022,12/5/2022,"19990017",,,
773,12/27/2022,"2022-23","2021-22","F",10,,,,2/25/2023,11/22/2022,11/22/2022,"19990017",,,
602,12/29/2022,"2022-23","2021-22","F",50,,,,2/27/2023,12/5/2022,12/5/2022,"19990017",,,
497,12/29/2022,"2022-23","2021-22","F",0.25,,,,2/27/2023,11/17/2022,11/17/2022,"19990017",,,
488,1/5/2023,"2022-23","2021-22","F",0.25,,,,3/6/2023,11/28/2022,11/28/2022,"19990017",,,
476,12/28/2022,"2022-23","2021-22","F",20,,,,2/26/2023,12/4/2022,12/4/2022,"19990017",,,
307,1/21/2023,"2022-23","2021-22","F",10,,,,3/22/2023,11/30/2022,11/30/2022,"19990017",,,
819,12/29/2022,"2022-23","2021-22","F",5,,,,2/27/2023,11/23/2022,11/23/2022,"19990017",,,
437,1/25/2023,"2022-23","2021-22","F",12,,,,3/11/2023,11/20/2022,11/20/2022,"19990017",,,
788,1/25/2023,"2022-23","2021-22","F",10,,,,3/26/2023,12/5/2022,12/5/2022,"19990017",,,
693,12/31/2022,"2022-23","2021-22","F",1,,,,3/1/2023,11/24/2022,11/24/2022,"19990017",,,
649,2/6/2023,"2022-23","2021-22","F",3,,,,4/7/2023,12/7/2022,12/7/2022,"19990017",,,
853,1/29/2023,"2022-23","2021-22","F",10,,,,3/30/2023,12/31/2022,12/31/2022,"19990017",,,
170,2/27/2023,"2022-23","2021-22","F",11,,,,4/28/2023,2/19/2023,2/19/2023,"19990017",,,
459,3/30/2023,"2022-23","2021-22","F",980,,,,5/29/2023,3/13/2023,3/13/2023,"19990017",,,
757,7/27/2021,"2021-22","2020-21","F",7,,,,9/25/2021,6/24/2021,6/24/2021,"SHARE14",,,
757,7/27/2021,"2021-22","2020-21","C",52.08,100,7,,9/25/2021,6/24/2021,6/24/2021,"INVEST",,,
145,8/4/2021,"2021-22","2020-21","F",5,,,,10/3/2021,7/7/2021,7/7/2021,"SHARE14",,,
145,8/4/2021,"2021-22","2020-21","C",36.54,100,5,,10/3/2021,7/7/2021,7/7/2021,"SHARE14",,,
721,8/25/2021,"2021-22","2020-21","B",,100,10,,10/24/2021,7/18/2021,7/18/2021,"MERCHAN1",,,
172,9/15/2021,"2021-22","2020-21","F",8,,,,11/14/2021,9/6/2021,9/6/2021,"SHARE14",,,
173,9/15/2021,"2021-22","2020-21","F",6,,,,11/14/2021,9/6/2021,9/6/2021,"SHARE14",,,
182,9/15/2021,"2021-22","2020-21","F",7,,,,11/14/2021,9/6/2021,9/6/2021,"SHARE14",,,
706,9/16/2021,"2021-22","2020-21","F",13,,,,11/15/2021,9/8/2021,9/8/2021,"SHARE14",,,
214,12/12/2019,"2019-20","2018-19","F",5,,,,2/10/2020,11/19/2019,11/19/2019,"SHARE14",,,
798,9/29/2021,"2021-22","2020-21","F",250,,,,11/28/2021,9/5/2021,9/5/2021,"SHARE14",,,
658,12/19/2019,"2019-20","2018-19","F",5,,,,2/17/2020,11/26/2019,11/26/2019,"19990017",,,
717,9/28/2021,"2021-22","2020-21","F",12,,,,11/27/2021,8/25/2021,8/25/2021,"19990017",,,
147,9/30/2021,"2021-22","2020-21","F",5,,,,11/29/2021,7/27/2021,7/27/2021,"19990017",,,
503,11/11/2021,"2021-22","2020-21","F",20,,,,1/10/2022,10/7/2021,10/7/2021,"19990017",,,
247,12/5/2021,"2021-22","2020-21","B",,100,12,,2/3/2022,11/9/2021,11/9/2021,"MERCHAN1",,,
556,12/17/2021,"2021-22","2020-21","B",,100,5,,2/15/2022,11/18/2021,11/18/2021,"MERCHAN1",,,
254,12/15/2021,"2021-22","2020-21","F",20,,,,2/13/2022,11/21/2021,11/21/2021,"19990017",,,
420,12/15/2021,"2021-22","2020-21","F",20,,,,2/13/2022,11/21/2021,11/21/2021,"19990017",,,
711,12/20/2021,"2021-22","2020-21","B",,100,5,,2/18/2022,11/14/2021,11/14/2021,"MERCHAN1",,,
318,12/18/2021,"2021-22","2020-21","F",10,,,,2/16/2022,11/24/2021,11/24/2021,"19990017",,,
553,12/29/2021,"2021-22","2020-21","F",10,,,,2/27/2022,11/23/2021,11/23/2021,"19990017",,,
447,12/18/2021,"2021-22","2020-21","F",5,,,,2/16/2022,11/22/2021,11/22/2021,"19990017",,,
789,12/23/2021,"2021-22","2020-21","F",10,,,,2/21/2022,11/21/2021,11/21/2021,"19990017",,,
707,12/15/2021,"2021-22","2020-21","F",1,,,,2/13/2022,11/18/2021,11/18/2021,"19990017",,,
487,12/27/2021,"2021-22","2020-21","F",10,,,,2/25/2022,11/18/2021,11/18/2021,"19990017",,,
220,12/27/2021,"2021-22","2020-21","F",2,,,,2/25/2022,11/28/2021,11/28/2021,"19990017",,,
270,12/26/2021,"2021-22","2020-21","C",229.4,100,10,,2/24/2022,11/25/2021,11/25/2021,"19990017",,,
692,12/27/2021,"2021-22","2020-21","F",5,,,,2/25/2022,11/28/2021,11/28/2021,"19990017",,,
297,12/27/2021,"2021-22","2020-21","F",3,,,,2/25/2022,11/29/2021,11/29/2021,"19990017",,,
745,9/30/2021,"2021-22","2020-21","F",6,,,,11/29/2021,7/29/2021,7/29/2021,"19990017",,,
770,12/27/2021,"2021-22","2020-21","F",10,,,,2/25/2022,11/25/2021,11/25/2021,"19990017",,,
491,12/27/2021,"2021-22","2020-21","F",5,,,,2/25/2022,11/15/2021,11/15/2021,"19990017",,,
365,12/14/2021,"2021-22","2020-21","F",10,,,,2/12/2022,11/18/2021,11/18/2021,"19990017",,,
468,12/30/2021,"2021-22","2020-21","F",30,,,,2/28/2022,12/8/2021,12/8/2021,"19990017",,,
281,12/27/2021,"2021-22","2020-21","F",1,,,,2/25/2022,12/2/2021,12/2/2021,"19990017",,,
812,12/18/2021,"2021-22","2020-21","F",12.5,,,,2/16/2022,11/24/2021,11/24/2021,"19990017",,,
437,12/12/2021,"2021-22","2020-21","F",5,,,,2/10/2022,11/30/2021,11/30/2021,"19990017",,,
672,12/30/2021,"2021-22","2020-21","F",20,,,,2/28/2022,11/25/2021,11/25/2021,"19990017",,,
773,12/28/2021,"2021-22","2020-21","F",12,,,,2/26/2022,11/30/2021,11/30/2021,"19990017",,,
230,12/30/2021,"2021-22","2020-21","F",2.75,,,,2/28/2022,12/1/2021,12/1/2021,"19990017",,,
707,12/15/2021,"2021-22","2020-21","B",,100,1,,2/13/2022,3/14/2022,3/14/2022,"MERCHAN1",,,
804,12/23/2021,"2021-22","2020-21","F",12.5,,,,2/21/2022,11/17/2021,11/17/2021,"19990017",,,
652,3/21/2022,"2021-22","2020-21","F",25,,,,5/20/2022,2/22/2022,2/22/2022,"19990017",,,
802,4/28/2022,"2021-22","2020-21","F",2,,,,6/27/2022,4/6/2022,4/6/2022,"19990017",,,
744,3/31/2022,"2021-22","2020-21","F",6,,,,5/30/2022,3/9/2022,3/9/2022,"19990017",,,
123,4/28/2022,"2021-22","2020-21","F",12.5,,,,6/27/2022,4/6/2022,4/6/2022,"19990017",,,
134,5/17/2022,"2021-22","2020-21","F",10,,,,7/16/2022,4/17/2022,4/17/2022,"19990017",,,
137,5/17/2022,"2021-22","2020-21","F",10,,,,7/16/2022,4/17/2022,4/17/2022,"19990017",,,
779,12/23/2021,"2021-22","2020-21","B",,100,3,,2/21/2022,6/13/2022,6/13/2022,"MERCHAN1",,,
218,6/27/2022,"2021-22","2020-21","F",26,,,,8/26/2022,5/31/2022,5/31/2022,"19990017",,,
739,6/28/2022,"2021-22","2020-21","F",10,,,,8/27/2022,5/26/2022,5/26/2022,"19990017",,,
603,6/30/2022,"2021-22","2020-21","F",25,,,,8/29/2022,5/23/2022,5/23/2022,"19990017",,,
117,7/6/2022,"2022-23","2021-22","F",5,,,,9/4/2022,5/31/2022,5/31/2022,"19990017",,,
762,7/20/2022,"2022-23","2021-22","C",61.36,100,16,,9/18/2022,5/30/2022,5/30/2022,"19990017",,,
136,7/27/2022,"2022-23","2021-22","F",22,,,,9/25/2022,5/30/2022,5/30/2022,"19990017",,,
759,7/26/2022,"2022-23","2021-22","F",15,,,,9/24/2022,6/7/2022,6/7/2022,"19990017",,,
144,9/5/2022,"2022-23","2021-22","F",35,,,,11/4/2022,7/28/2022,7/28/2022,"19990017",,,
178,9/15/2022,"2022-23","2021-22","F",5,,,,11/14/2022,9/6/2022,9/6/2022,"19990017",,,
172,9/15/2022,"2022-23","2021-22","F",6,,,,11/14/2022,9/6/2022,9/6/2022,"19990017",,,
188,9/15/2022,"2022-23","2021-22","F",10,,,,11/14/2022,9/6/2022,9/6/2022,"19990017",,,
475,8/21/2022,"2022-23","2021-22","F",5,,,,10/20/2022,8/11/2022,8/11/2022,"19990017",,,
259,12/5/2022,"2022-23","2021-22","I",100,,,,2/3/2023,11/21/2022,11/21/2022,"19990017",,,
487,12/27/2022,"2022-23","2021-22","F",10,,,,2/25/2023,11/16/2022,11/16/2022,"19990017",,,
671,12/8/2022,"2022-23","2021-22","F",50,,,,2/6/2023,11/13/2022,11/13/2022,"19990017",,,
843,12/22/2022,"2022-23","2021-22","F",11,,,,2/20/2023,11/28/2022,11/28/2022,"19990017",,,
420,12/15/2022,"2022-23","2021-22","F",20,,,,2/13/2023,11/7/2022,11/7/2022,"19990017",,,
810,12/21/2022,"2022-23","2021-22","F",10,,,,2/19/2023,11/14/2022,11/14/2022,"19990017",,,
560,12/15/2022,"2022-23","2021-22","F",4.5,,,,2/13/2023,11/17/2022,11/17/2022,"19990017",,,
318,12/15/2022,"2022-23","2021-22","F",10,,,,2/13/2023,11/22/2022,11/22/2022,"19990017",,,
812,12/15/2022,"2022-23","2021-22","F",10,,,,2/13/2023,11/22/2022,11/22/2022,"19990017",,,
500,12/12/2022,"2022-23","2021-22","F",1,,,,2/10/2023,11/17/2022,11/17/2022,"19990017",,,
457,12/17/2022,"2022-23","2021-22","F",140,,,,2/15/2023,11/10/2022,11/10/2022,"19990017",,,
457,12/17/2022,"2022-23","2021-22","C",1133.8,100,7,,2/15/2023,11/10/2022,11/10/2022,"19990017",,,
464,12/22/2022,"2022-23","2021-22","B",,100,20,,2/20/2023,12/1/2022,12/1/2022,"MERCHAN1",,,
415,12/26/2022,"2022-23","2021-22","B",,100,10,,2/24/2023,11/22/2022,11/22/2022,"MERCHAN1",,,
711,12/22/2022,"2022-23","2021-22","B",,100,5,,2/20/2023,11/20/2022,11/20/2022,"MERCHAN1",,,
151,12/28/2022,"2022-23","2021-22","B",,100,5,,2/26/2023,12/1/2022,12/1/2022,"MERCHAN1",,,
713,12/29/2022,"2022-23","2021-22","B",,100,5,,2/27/2023,11/20/2022,11/20/2022,"MERCHAN1",,,
564,12/29/2022,"2022-23","2021-22","B",,100,6,,2/27/2023,11/24/2022,11/24/2022,"MERCHAN1",,,
311,12/28/2022,"2022-23","2021-22","B",,100,5,,2/26/2023,11/20/2022,11/20/2022,"MERCHAN1",,,
704,12/8/2022,"2022-23","2021-22","B",,100,5,,2/6/2023,12/21/2022,12/21/2022,"MERCHAN1",,,
210,12/28/2022,"2022-23","2021-22","B",,100,5,,2/26/2023,11/20/2022,11/20/2022,"MERCHAN1",,,
660,12/24/2022,"2022-23","2021-22","F",5,,,,2/22/2023,11/21/2022,11/21/2022,"19990017",,,
233,12/22/2022,"2022-23","2021-22","F",3.5,,,,2/20/2023,11/20/2022,11/20/2022,"19990017",,,
831,1/12/2023,"2022-23","2021-22","F",12.5,,,,3/13/2023,11/30/2022,11/30/2022,"19990017",,,
322,1/29/2023,"2022-23","2021-22","B",,100,4,,3/30/2023,12/1/2022,12/1/2022,"MERCHAN1",,,
779,12/22/2022,"2022-23","2021-22","F",1,,,,2/20/2023,11/28/2022,11/28/2022,"19990017",,,
303,2/4/2023,"2022-23","2021-22","F",40,,,,4/5/2023,12/11/2022,12/11/2022,"19990017",,,
303,2/4/2023,"2022-23","2021-22","B",,100,10,,4/5/2023,12/11/2022,12/11/2022,"MERCHAN1",,,
308,1/28/2023,"2022-23","2021-22","F",120,,,,3/29/2023,12/20/2022,12/20/2022,"19990017",,,
211,1/30/2023,"2022-23","2021-22","F",2,,,,3/31/2023,12/8/2022,12/8/2022,"19990017",,,
624,12/31/2022,"2022-23","2021-22","B",,100,5,,3/1/2023,12/5/2022,12/5/2022,"MERCHAN1",,,
209,4/11/2023,"2022-23","2021-22","F",10,,,,6/10/2023,2/16/2023,2/16/2023,"19990017",,,
802,4/25/2023,"2022-23","2021-22","F",7,,,,6/24/2023,3/13/2023,3/13/2023,"19990017",,,
813,6/23/2022,"2021-22","2020-21","B",,100,1,,8/22/2022,4/11/2023,4/11/2023,"MERCHAN1",,,
109,5/18/2023,"2022-23","2021-22","B",,100,14,,7/17/2023,4/26/2023,4/26/2023,"MERCHAN1",,,
138,7/29/2021,"2021-22","2020-21","C",38.6,100,5,,9/27/2021,6/7/2021,6/7/2021,"SHARE14",,,
759,8/2/2021,"2021-22","2020-21","F",12,,,,10/1/2021,6/22/2021,6/22/2021,"SHARE14",,,
560,12/12/2019,"2019-20","2018-19","F",7,,,,2/10/2020,11/21/2019,11/21/2019,"SHARE14",,,
549,8/19/2021,"2021-22","2020-21","I",125,,,,10/18/2021,8/9/2021,8/9/2021,"SHARE14",,,
147,9/30/2021,"2021-22","2020-21","B",,100,5,,11/29/2021,7/27/2021,7/27/2021,"MERCHAN1",,,
503,11/11/2021,"2021-22","2020-21","B",,100,20,,1/10/2022,10/7/2021,10/7/2021,"MERCHAN1",,,
730,10/27/2021,"2021-22","2020-21","F",15,,,,12/26/2021,10/6/2021,10/6/2021,"19990017",,,
568,12/12/2021,"2021-22","2020-21","F",15,,,,2/10/2022,12/1/2021,12/1/2021,"19990017",,,
270,12/26/2021,"2021-22","2020-21","B",,100,10,,2/24/2022,11/25/2021,11/25/2021,"MERCHAN1",,,
709,12/23/2021,"2021-22","2020-21","F",2.5,,,,2/21/2022,11/24/2021,11/24/2021,"19990017",,,
668,12/18/2021,"2021-22","2020-21","F",20,,,,2/16/2022,11/18/2021,11/18/2021,"19990017",,,
231,12/23/2021,"2021-22","2020-21","F",30,,,,2/21/2022,11/18/2021,11/18/2021,"19990017",,,
243,12/23/2021,"2021-22","2020-21","F",40,,,,2/21/2022,11/18/2021,11/18/2021,"19990017",,,
202,12/26/2021,"2021-22","2020-21","F",54,,,,2/24/2022,11/18/2021,11/18/2021,"19990017",,,
625,12/30/2021,"2021-22","2020-21","B",,100,5,,2/28/2022,12/5/2021,12/5/2021,"MERCHAN1",,,
223,1/12/2022,"2021-22","2020-21","B",,100,10,,3/13/2022,11/18/2021,11/18/2021,"MERCHAN1",,,
486,12/29/2021,"2021-22","2020-21","F",15,,,,2/27/2022,12/20/2021,12/20/2021,"19990017",,,
561,12/23/2021,"2021-22","2020-21","F",6,,,,2/21/2022,11/21/2021,11/21/2021,"19990017",,,
673,12/21/2021,"2021-22","2020-21","F",1,,,,2/19/2022,11/25/2021,11/25/2021,"19990017",,,
670,12/23/2021,"2021-22","2020-21","F",0.5,,,,2/21/2022,11/28/2021,11/28/2021,"19990017",,,
778,12/30/2021,"2021-22","2020-21","F",5,,,,2/28/2022,12/1/2021,12/1/2021,"19990017",,,
565,12/27/2021,"2021-22","2020-21","F",10,,,,2/25/2022,11/18/2021,11/18/2021,"19990017",,,
659,12/26/2021,"2021-22","2020-21","F",20,,,,2/24/2022,11/17/2021,11/17/2021,"19990017",,,
445,12/12/2021,"2021-22","2020-21","F",1.5,,,,2/28/2022,11/30/2021,11/30/2021,"19990017",,,
634,12/29/2021,"2021-22","2020-21","F",1,,,,2/27/2022,11/24/2021,11/24/2021,"19990017",,,
799,12/22/2021,"2021-22","2020-21","F",5,,,,2/20/2022,11/25/2021,11/25/2021,"19990017",,,
772,12/22/2021,"2021-22","2020-21","F",2,,,,2/20/2022,11/22/2021,11/22/2021,"19990017",,,
217,12/27/2021,"2021-22","2020-21","F",2,,,,2/25/2022,12/9/2021,12/9/2021,"19990017",,,
437,12/30/2021,"2021-22","2020-21","F",10,,,,2/28/2022,11/30/2021,11/30/2021,"19990017",,,
785,12/31/2021,"2021-22","2020-21","F",2,,,,3/1/2022,12/15/2021,12/15/2021,"19990017",,,
311,12/30/2021,"2021-22","2020-21","F",5,,,,2/28/2022,11/17/2021,11/17/2021,"19990017",,,
780,12/30/2021,"2021-22","2020-21","F",10,,,,2/28/2022,12/13/2021,12/13/2021,"19990017",,,
311,12/30/2021,"2021-22","2020-21","C",31.39,100,5,,2/28/2022,11/17/2021,11/17/2021,"19990017",,,
713,12/28/2021,"2021-22","2020-21","F",5,,,,2/26/2022,11/21/2021,11/21/2021,"19990017",,,
564,12/28/2021,"2021-22","2020-21","F",5,,,,2/26/2022,11/21/2021,11/21/2021,"19990017",,,
307,1/29/2022,"2021-22","2020-21","F",20,,,,3/30/2022,12/6/2021,12/6/2021,"19990017",,,
135,3/29/2022,"2021-22","2020-21","B",,100,5,,5/28/2022,3/8/2022,3/8/2022,"MERCHAN1",,,
135,3/29/2022,"2021-22","2020-21","F",15,,,,5/28/2022,3/8/2022,3/8/2022,"19990017",,,
503,5/30/2022,"2021-22","2020-21","R",,2,1,0,7/29/2022,5/23/2022,5/23/2022,"INVEST",,,
103,5/12/2022,"2021-22","2020-21","B",,100,5,,7/11/2022,4/12/2022,4/12/2022,"MERCHAN1",,,
111,5/19/2022,"2021-22","2020-21","B",,100,12.5,,7/18/2022,4/25/2022,4/25/2022,"MERCHAN1",,,
129,5/17/2022,"2021-22","2020-21","B",,100,10,,7/16/2022,4/20/2022,4/20/2022,"MERCHAN1",,,
744,3/31/2022,"2021-22","2020-21","B",,100,6,,5/30/2022,5/23/2022,5/23/2022,"MERCHAN1",,,
106,5/31/2022,"2021-22","2020-21","F",12.5,,,,7/30/2022,5/8/2022,5/8/2022,"19990017",,,
190,6/14/2022,"2021-22","2020-21","F",10,,,,8/13/2022,6/5/2022,6/5/2022,"19990017",,,
191,6/14/2022,"2021-22","2020-21","F",10,,,,8/13/2022,6/5/2022,6/5/2022,"19990017",,,
756,6/2/2022,"2021-22","2020-21","F",15,,,,8/1/2022,4/20/2022,4/20/2022,"19990017",,,
779,12/23/2021,"2021-22","2020-21","F",4,,,,2/21/2022,11/21/2021,11/21/2021,"19990017",,,
693,12/28/2021,"2021-22","2020-21","C",12.28,100,1,,2/26/2022,11/18/2021,11/18/2021,"19990017",,,
102,6/12/2022,"2021-22","2020-21","B",,100,12.5,,8/11/2022,5/5/2022,5/5/2022,"MERCHAN1",,,
757,6/27/2022,"2021-22","2020-21","F",10,,,,8/26/2022,5/26/2022,5/26/2022,"19990017",,,
748,6/25/2022,"2021-22","2020-21","F",10,,,,8/24/2022,4/28/2022,4/28/2022,"19990017",,,
300,6/27/2022,"2021-22","2020-21","F",18,,,,8/26/2022,5/25/2022,5/25/2022,"19990017",,,
755,6/27/2022,"2021-22","2020-21","F",13,,,,8/26/2022,5/24/2022,5/24/2022,"19990017",,,
134,6/28/2022,"2021-22","2020-21","F",12.5,,,,8/27/2022,5/25/2022,5/25/2022,"19990017",,,
125,6/26/2022,"2021-22","2020-21","F",10,,,,8/25/2022,5/26/2022,5/26/2022,"19990017",,,
809,7/7/2022,"2022-23","2021-22","F",10,,,,9/5/2022,6/1/2022,6/1/2022,"19990017",,,
117,7/6/2022,"2022-23","2021-22","C",12.42,100,5,,9/4/2022,5/31/2022,5/31/2022,"19990017",,,
101,7/6/2022,"2022-23","2021-22","F",2,,,,9/4/2022,5/24/2022,5/24/2022,"19990017",,,
111,5/19/2022,"2021-22","2020-21","C",32.88,100,12.5,,7/18/2022,4/25/2022,4/25/2022,"19990017",,,
120,7/21/2022,"2022-23","2021-22","B",,100,3,,9/19/2022,6/2/2022,6/2/2022,"MERCHAN1",,,
143,8/2/2022,"2022-23","2021-22","F",10,,,,10/1/2022,6/8/2022,6/8/2022,"19990017",,,
950,6/21/2022,"2021-22","2020-21","F",6.91,,,,8/20/2022,5/26/2022,5/26/2022,"19990017",,,
738,7/31/2022,"2022-23","2021-22","F",11,,,,9/29/2022,7/7/2022,7/7/2022,"19990017",,,
485,7/26/2022,"2022-23","2021-22","F",200,,,,9/24/2022,5/26/2022,5/26/2022,"19990017",,,
149,7/21/2022,"2022-23","2021-22","B",,100,1,,9/19/2022,9/11/2022,9/11/2022,"MERCHAN1",,,
174,9/15/2022,"2022-23","2021-22","F",7,,,,11/14/2022,9/6/2022,9/6/2022,"19990017",,,
102,6/6/2022,"2021-22","2020-21","C",21.63,100,12.5,,8/5/2022,5/5/2022,5/5/2022,"19990017",,,
798,9/28/2022,"2022-23","2021-22","F",250,,,,11/27/2022,9/4/2022,9/4/2022,"19990017",,,
107,8/7/2022,"2022-23","2021-22","B",,100,2,,10/6/2022,10/16/2022,10/16/2022,"MERCHAN1",,,
730,10/19/2022,"2022-23","2021-22","B",,100,10,,12/18/2022,9/25/2022,9/25/2022,"MERCHAN1",,,
305,10/31/2022,"2022-23","2021-22","F",20,,,,12/30/2022,10/6/2022,10/6/2022,"19990017",,,
652,12/18/2022,"2022-23","2021-22","I",18,,,,2/16/2023,12/6/2022,12/6/2022,"19990017",,,
563,12/3/2022,"2022-23","2021-22","F",46,,,,2/1/2023,11/7/2022,11/7/2022,"19990017",,,
621,11/23/2022,"2022-23","2021-22","F",35,,,,1/22/2023,10/24/2022,10/24/2022,"19990017",,,
621,11/23/2022,"2022-23","2021-22","C",256.46,100,10,,1/22/2023,10/24/2022,10/24/2022,"19990017",,,
814,12/29/2022,"2022-23","2021-22","F",5.8,,,,2/27/2023,12/22/2022,12/22/2022,"19990017",,,
796,12/7/2022,"2022-23","2021-22","F",10,,,,2/5/2023,10/13/2022,10/13/2022,"19990017",,,
702,12/5/2022,"2022-23","2021-22","F",2,,,,2/3/2023,11/17/2022,11/17/2022,"19990017",,,
566,12/14/2022,"2022-23","2021-22","F",6,,,,2/12/2023,11/15/2022,11/15/2022,"19990017",,,
477,12/24/2022,"2022-23","2021-22","F",100,,,,2/22/2023,11/28/2022,11/28/2022,"19990017",,,
203,12/19/2022,"2022-23","2021-22","F",20,,,,2/17/2023,11/10/2022,11/10/2022,"19990017",,,
207,12/14/2022,"2022-23","2021-22","F",15,,,,2/12/2023,11/21/2022,11/21/2022,"19990017",,,
247,12/18/2022,"2022-23","2021-22","F",18,,,,2/16/2023,11/6/2022,11/6/2022,"19990017",,,
498,12/14/2022,"2022-23","2021-22","F",5,,,,2/12/2023,11/15/2022,11/15/2022,"19990017",,,
439,12/13/2022,"2022-23","2021-22","F",1,,,,2/11/2023,11/21/2022,11/21/2022,"19990017",,,
245,12/22/2022,"2022-23","2021-22","F",8,,,,2/20/2023,11/24/2022,11/24/2022,"19990017",,,
553,12/26/2022,"2022-23","2021-22","F",5,,,,2/24/2023,11/30/2022,11/30/2022,"19990017",,,
553,12/26/2022,"2022-23","2021-22","C",41.29,100,5,,2/24/2023,11/30/2022,11/30/2022,"19990017",,,
203,12/19/2022,"2022-23","2021-22","C",250.58,100,7,,2/17/2023,11/10/2022,11/10/2022,"19990017",,,
823,12/29/2022,"2021-22","2020-21","F",7.87,,,,8/28/2022,12/18/2022,12/18/2022,"19990017",,,
297,12/21/2022,"2022-23","2021-22","F",5,,,,2/19/2023,12/5/2022,12/5/2022,"19990017",,"....",
672,12/22/2022,"2022-23","2021-22","F",25,,,,2/20/2023,11/24/2022,11/24/2022,"19990017",,"...",
503,12/15/2022,"2022-23","2021-22","F",40,,,,2/13/2023,11/17/2022,11/17/2022,"19990017",,,
474,12/27/2022,"2022-23","2021-22","F",10.5,,,,2/25/2023,11/17/2022,11/17/2022,"19990017",,,
319,12/27/2022,"2022-23","2021-22","F",3,,,,2/25/2023,12/1/2022,12/1/2022,"19990017",,,
761,8/7/2021,"2021-22","2020-21","B",,100,10,,10/6/2021,6/7/2021,6/7/2021,"MERCHAN1",,,
176,9/12/2021,"2021-22","2020-21","F",12,,,,11/11/2021,9/1/2021,9/1/2021,"SHARE14",,,
185,9/12/2021,"2021-22","2020-21","F",12,,,,11/11/2021,9/1/2021,9/1/2021,"SHARE14",,,
183,9/26/2021,"2021-22","2020-21","F",8.5,,,,11/25/2021,9/16/2021,9/16/2021,"SHARE14",,,
259,11/24/2021,"2021-22","2020-21","I",125,,,,1/23/2022,11/16/2021,11/16/2021,"19990017",,,
115,6/29/2021,"2020-21","2019-20","C",14.15,100,6,,8/28/2021,5/31/2021,5/31/2021,"19990017",,,
465,11/18/2021,"2021-22","2020-21","F",47,,,,1/17/2022,10/18/2021,10/18/2021,"19990017",,,
603,11/28/2021,"2021-22","2020-21","I",75,,,,1/27/2022,11/17/2021,11/17/2021,"19990017",,,
793,11/13/2021,"2021-22","2020-21","F",1,,,,1/12/2022,9/16/2021,9/16/2021,"19990017",,,
485,11/22/2021,"2021-22","2020-21","I",200,,,,1/21/2022,11/11/2021,11/11/2021,"19990017",,,
194,12/5/2021,"2021-22","2020-21","F",15.1,,,,2/3/2022,11/23/2021,11/23/2021,"19990017",,,
474,12/22/2021,"2021-22","2020-21","F",10,,,,2/20/2022,11/14/2021,11/14/2021,"19990017",,,
701,12/26/2021,"2021-22","2020-21","F",25,,,,2/24/2022,11/18/2021,11/18/2021,"19990017",,,
813,10/21/2021,"2021-22","2020-21","B",,100,4,,12/20/2021,12/29/2021,12/29/2021,"MERCHAN1",,,
306,1/15/2022,"2021-22","2020-21","F",10,,,,3/16/2022,11/18/2021,11/18/2021,"19990017",,,
278,12/26/2021,"2021-22","2020-21","F",32,,,,2/24/2022,11/21/2021,11/21/2021,"19990017",,,
225,12/26/2021,"2021-22","2020-21","F",23,,,,2/24/2022,11/21/2021,11/21/2021,"19990017",,,
795,1/16/2022,"2021-22","2020-21","F",4.25,,,,3/17/2022,1/4/2022,1/4/2022,"19990017",,,
229,1/15/2022,"2021-22","2020-21","F",10,,,,3/16/2022,11/25/2021,11/25/2021,"19990017",,,
257,12/30/2021,"2021-22","2020-21","F",4,,,,2/28/2022,11/28/2021,11/28/2021,"19990017",,,
214,11/25/2021,"2021-22","2020-21","B",,100,10,,1/24/2022,3/1/2022,3/1/2022,"MERCHAN1",,,
224,12/19/2021,"2021-22","2020-21","B",,100,5,,2/17/2022,2/28/2022,2/28/2022,"MERCHAN1",,,
771,12/15/2021,"2021-22","2020-21","B",,100,2,,2/13/2022,2/27/2022,2/27/2022,"MERCHAN1",,,
308,3/12/2022,"2021-22","2020-21","F",120,,,,5/11/2022,1/23/2022,1/23/2022,"19990017",,,
303,3/12/2022,"2021-22","2020-21","F",140,,,,5/11/2022,1/18/2022,1/18/2022,"19990017",,,
132,3/30/2022,"2021-22","2020-21","F",30,,,,5/29/2022,3/8/2022,3/8/2022,"19990017",,,
127,4/28/2022,"2021-22","2020-21","B",,100,7.5,,6/27/2022,4/6/2022,4/6/2022,"MERCHAN1",,,
749,4/25/2022,"2021-22","2020-21","F",10,,,,6/24/2022,3/22/2022,3/22/2022,"19990017",,,
127,4/28/2022,"2021-22","2020-21","F",7.5,,,,6/27/2022,4/6/2022,4/6/2022,"19990017",,,
459,4/27/2022,"2021-22","2020-21","F",1650,,,,6/26/2022,4/3/2022,4/3/2022,"19990017",,,
111,5/19/2022,"2021-22","2020-21","F",12.5,,,,7/18/2022,4/25/2022,4/25/2022,"19990017",,,
118,4/24/2022,"2021-22","2020-21","C",66.23,100,10,,6/23/2022,3/28/2022,3/28/2022,"19990017",,,
731,4/24/2022,"2021-22","2020-21","F",12.5,,,,6/23/2022,3/15/2022,3/15/2022,"19990017",,,
790,1/27/2022,"2021-22","2020-21","F",12.25,,,,3/28/2022,11/30/2021,11/30/2021,"19990017",,,
752,4/17/2022,"2021-22","2020-21","F",15,,,,6/16/2022,3/22/2022,3/22/2022,"19990017",,,
752,4/17/2022,"2021-22","2020-21","C",65.42,100,10,,6/16/2022,3/22/2022,3/22/2022,"19990017",,,
113,5/12/2022,"2021-22","2020-21","F",17.5,,,,7/11/2022,4/19/2022,4/19/2022,"19990017",,,
129,5/17/2022,"2021-22","2020-21","F",12.5,,,,7/16/2022,4/20/2022,4/20/2022,"19990017",,,
301,5/12/2022,"2021-22","2020-21","F",550,,,,7/11/2022,3/31/2022,3/31/2022,"19990017",,,
445,12/30/2021,"2021-22","2020-21","F",2,,,,2/28/2022,11/30/2021,11/30/2021,"19990017",,,
454,5/17/2022,"2021-22","2020-21","F",440,,,,7/16/2022,3/23/2022,3/23/2022,"19990017",,,
808,6/2/2022,"2021-22","2020-21","F",7.5,,,,8/1/2022,5/11/2022,5/11/2022,"19990017",,,
104,6/21/2022,"2021-22","2020-21","F",10,,,,8/20/2022,5/26/2022,5/26/2022,"19990017",,,
734,6/23/2022,"2021-22","2020-21","F",18,,,,8/22/2022,5/26/2022,5/26/2022,"19990017",,,
142,6/30/2022,"2021-22","2020-21","F",12,,,,8/29/2022,6/6/2022,6/6/2022,"19990017",,,
120,7/21/2022,"2022-23","2021-22","F",3,,,,9/19/2022,6/2/2022,6/2/2022,"19990017",,,
754,7/23/2022,"2022-23","2021-22","F",11,,,,9/21/2022,5/31/2022,5/31/2022,"19990017",,,
762,7/20/2022,"2022-23","2021-22","F",10,,,,9/18/2022,5/30/2022,5/30/2022,"19990017",,,
149,7/21/2022,"2022-23","2021-22","F",1,,,,9/19/2022,6/29/2022,6/29/2022,"19990017",,,
138,8/11/2022,"2022-23","2021-22","B",,100,5,,10/10/2022,7/7/2022,7/7/2022,"MERCHAN1",,,
116,8/11/2022,"2022-23","2021-22","B",,100,4,,10/10/2022,6/8/2022,6/8/2022,"MERCHAN1",,,
114,8/11/2022,"2022-23","2021-22","B",,100,4,,10/10/2022,6/12/2022,6/12/2022,"MERCHAN1",,,
121,8/11/2022,"2022-23","2021-22","B",,100,5,,10/10/2022,6/13/2022,6/13/2022,"MERCHAN1",,,
140,7/20/2022,"2022-23","2021-22","F",10,,,,9/18/2022,6/9/2022,6/9/2022,"19990017",,,
760,9/18/2022,"2022-23","2021-22","F",18,,,,11/17/2022,8/17/2022,8/17/2022,"19990017",,,
825,9/19/2022,"2022-23","2021-22","F",5,,,,11/18/2022,7/20/2022,7/20/2022,"19990017",,,
603,12/1/2022,"2022-23","2021-22","I",260,,,,1/30/2023,11/17/2022,11/17/2022,"19990017",,,
701,12/20/2022,"2022-23","2021-22","F",30,,,,2/18/2023,11/20/2022,11/20/2022,"19990017",,,
299,12/26/2022,"2022-23","2021-22","F",10,,,,2/24/2023,11/28/2022,11/28/2022,"19990017",,,
618,12/22/2022,"2022-23","2021-22","F",30,,,,2/20/2023,11/21/2022,11/21/2022,"19990017",,,
494,12/22/2022,"2022-23","2021-22","F",11,,,,2/20/2023,11/21/2022,11/21/2022,"19990017",,,
413,12/22/2022,"2022-23","2021-22","F",12,,,,2/20/2023,11/17/2022,11/17/2022,"19990017",,,
455,12/26/2022,"2022-23","2021-22","F",50,,,,2/24/2023,11/17/2022,11/17/2022,"19990017",,,
296,12/26/2022,"2022-23","2021-22","F",25,,,,2/24/2023,11/17/2022,11/17/2022,"19990017",,,
455,12/26/2022,"2022-23","2021-22","C",252.92,100,5,,2/24/2023,11/17/2022,11/17/2022,"19990017",,,
464,12/22/2022,"2022-23","2021-22","F",20,,,,2/20/2023,12/1/2022,12/1/2022,"19990017",,,
410,12/27/2022,"2022-23","2021-22","F",10,,,,2/25/2023,11/14/2022,11/14/2022,"19990017",,,
893,12/22/2022,"2022-23","2021-22","F",5,,,,2/20/2023,11/21/2022,11/21/2022,"19990017",,,
711,12/22/2022,"2022-23","2021-22","F",8,,,,2/20/2023,11/20/2022,11/20/2022,"19990017",,,
713,12/29/2022,"2022-23","2021-22","F",5,,,,2/27/2023,11/20/2022,11/20/2022,"19990017",,,
713,12/29/2022,"2022-23","2021-22","C",60,100,5,,2/27/2023,11/20/2022,11/20/2022,"19990017",,,
243,12/28/2022,"2022-23","2021-22","F",35,,,,2/26/2023,11/23/2022,11/23/2022,"19990017",,,
775,12/26/2022,"2022-23","2021-22","F",10,,,,2/24/2023,11/17/2022,11/17/2022,"19990017",,,
400,12/26/2022,"2022-23","2021-22","F",3,,,,2/24/2023,11/30/2022,11/30/2022,"19990017",,,
278,12/29/2022,"2022-23","2021-22","F",32,,,,2/27/2023,11/17/2022,11/17/2022,"19990017",,,
225,12/29/2022,"2022-23","2021-22","F",23,,,,2/27/2023,11/17/2022,11/17/2022,"19990017",,,
212,12/28/2022,"2022-23","2021-22","F",4,,,,2/26/2023,11/21/2022,11/21/2022,"19990017",,,
709,12/27/2022,"2022-23","2021-22","F",10,,,,2/25/2023,11/21/2022,11/21/2022,"19990017",,,
430,12/26/2022,"2022-23","2021-22","F",1,,,,2/24/2023,11/21/2022,11/21/2022,"19990017",,,
657,12/27/2022,"2022-23","2021-22","F",10,,,,2/25/2023,11/21/2022,11/21/2022,"19990017",,,
789,12/22/2022,"2022-23","2021-22","F",10,,,,2/20/2023,11/24/2022,11/24/2022,"19990017",,,
448,12/28/2022,"2022-23","2021-22","F",3,,,,2/26/2023,11/23/2022,11/23/2022,"19990017",,,
704,12/8/2022,"2022-23","2021-22","F",10,,,,2/6/2023,11/24/2022,11/24/2022,"19990017",,,
401,12/27/2022,"2022-23","2021-22","F",3,,,,2/25/2023,11/21/2022,11/21/2022,"19990017",,,
770,12/22/2022,"2022-23","2021-22","B",,100,6,,2/20/2023,1/2/2023,1/2/2023,"MERCHAN1",,,
644,1/18/2023,"2022-23","2021-22","B",,100,1,,3/19/2023,11/28/2022,11/28/2022,"MERCHAN1",,,
687,12/29/2022,"2022-23","2021-22","F",10,,,,2/27/2023,11/17/2022,11/17/2022,"19990017",,,
800,12/28/2022,"2022-23","2021-22","F",2,,,,2/26/2023,12/11/2022,12/11/2022,"19990017",,,
707,12/29/2022,"2022-23","2021-22","F",1,,,,2/27/2023,11/20/2022,11/20/2022,"19990017",,,
451,12/31/2022,"2022-23","2021-22","F",10,,,,3/1/2023,12/12/2022,12/12/2022,"19990017",,,
262,12/28/2022,"2022-23","2021-22","F",7.5,,,,2/26/2023,11/17/2022,11/17/2022,"19990017",,,
669,12/29/2022,"2022-23","2021-22","F",6,,,,2/27/2023,11/29/2022,11/29/2022,"19990017",,,
511,12/17/2022,"2022-23","2021-22","F",1,,,,2/15/2023,11/24/2022,11/24/2022,"19990017",,,
791,1/10/2023,"2022-23","2021-22","F",5,,,,3/11/2023,12/5/2022,12/5/2022,"19990017",,,
486,12/27/2022,"2022-23","2021-22","F",16,,,,2/25/2023,11/17/2022,11/17/2022,"19990017",,,
670,12/29/2022,"2022-23","2021-22","F",0.5,,,,2/27/2023,11/17/2022,11/17/2022,"19990017",,,
223,1/17/2023,"2022-23","2021-22","B",,100,80,,3/18/2023,11/16/2022,11/16/2022,"MERCHAN1",,,
139,8/11/2021,"2021-22","2020-21","F",15,,,,10/10/2021,6/30/2021,6/30/2021,"SHARE14",,,
739,8/7/2021,"2021-22","2020-21","F",10,,,,10/6/2021,6/23/2021,6/23/2021,"SHARE14",,,
168,9/27/2021,"2021-22","2020-21","F",13,,,,11/26/2021,9/20/2021,9/20/2021,"SHARE14",,,
188,9/27/2021,"2021-22","2020-21","F",10.5,,,,11/26/2021,9/20/2021,9/20/2021,"SHARE14",,,
171,9/26/2021,"2021-22","2020-21","F",13,,,,11/25/2021,9/16/2021,9/16/2021,"SHARE14",,,
184,9/26/2021,"2021-22","2020-21","F",13,,,,11/25/2021,9/16/2021,9/16/2021,"SHARE14",,,
193,9/26/2021,"2021-22","2020-21","F",6,,,,11/25/2021,9/16/2021,9/16/2021,"SHARE14",,,
197,9/26/2021,"2021-22","2020-21","F",4,,,,11/25/2021,9/16/2021,9/16/2021,"SHARE14",,,
160,9/26/2021,"2021-22","2020-21","F",7.5,,,,11/25/2021,9/16/2021,9/16/2021,"SHARE14",,,
195,9/26/2021,"2021-22","2020-21","F",8,,,,11/25/2021,9/16/2021,9/16/2021,"SHARE14",,,
177,9/26/2021,"2021-22","2020-21","F",7.5,,,,11/25/2021,9/16/2021,9/16/2021,"SHARE14",,,
174,9/26/2021,"2021-22","2020-21","F",9,,,,11/25/2021,9/16/2021,9/16/2021,"SHARE14",,,
187,9/26/2021,"2021-22","2020-21","F",8.5,,,,11/25/2021,9/16/2021,9/16/2021,"SHARE14",,,
813,10/21/2021,"2021-22","2020-21","F",4,,,,12/20/2021,9/28/2021,9/28/2021,"19990017",,,
760,10/28/2021,"2021-22","2020-21","B",,100,2,,12/27/2021,9/23/2021,9/23/2021,"MERCHAN1",,,
621,11/22/2021,"2021-22","2020-21","B",,100,5,,1/21/2022,10/21/2021,10/21/2021,"MERCHAN1",,,
457,12/18/2021,"2021-22","2020-21","F",145,,,,2/16/2022,11/15/2021,11/15/2021,"19990017",,,
696,12/23/2021,"2021-22","2020-21","F",10,,,,2/21/2022,11/23/2021,11/23/2021,"19990017",,,
410,12/27/2021,"2021-22","2020-21","F",16,,,,2/25/2022,11/18/2021,11/18/2021,"19990017",,,
400,12/23/2021,"2021-22","2020-21","B",,100,2.5,,2/21/2022,11/22/2021,11/22/2021,"MERCHAN1",,,
566,12/14/2021,"2021-22","2020-21","F",5,,,,2/12/2022,11/18/2021,11/18/2021,"19990017",,,
771,12/15/2021,"2021-22","2020-21","F",2,,,,2/13/2022,11/18/2021,11/18/2021,"19990017",,,
476,12/18/2021,"2021-22","2020-21","F",10,,,,2/16/2022,11/29/2021,11/29/2021,"19990017",,,
711,12/20/2021,"2021-22","2020-21","F",10,,,,2/18/2022,11/14/2021,11/14/2021,"19990017",,,
415,12/22/2021,"2021-22","2020-21","F",5,,,,2/20/2022,11/18/2021,11/18/2021,"19990017",,,
232,12/20/2021,"2021-22","2020-21","F",20,,,,2/18/2022,11/22/2021,11/22/2021,"19990017",,,
455,12/26/2021,"2021-22","2020-21","F",65,,,,2/24/2022,11/18/2021,11/18/2021,"19990017",,,
296,12/26/2021,"2021-22","2020-21","F",30,,,,2/24/2022,11/18/2021,11/18/2021,"19990017",,,
512,12/19/2021,"2021-22","2020-21","F",12,,,,2/17/2022,11/29/2021,11/29/2021,"19990017",,,
770,12/29/2021,"2021-22","2020-21","B",,100,10,,2/27/2022,2/22/2022,2/22/2022,"MERCHAN1",,,
807,12/27/2021,"2021-22","2020-21","F",10,,,,2/25/2022,11/18/2021,11/18/2021,"19990017",,,
497,12/23/2021,"2021-22","2020-21","F",0.5,,,,2/21/2022,11/28/2021,11/28/2021,"19990017",,,
436,12/30/2021,"2021-22","2020-21","F",2,,,,2/28/2022,11/25/2021,11/25/2021,"19990017",,,
646,12/25/2021,"2021-22","2020-21","F",1,,,,2/23/2022,11/30/2021,11/30/2021,"19990017",,,
640,12/30/2021,"2021-22","2020-21","F",2,,,,2/28/2022,12/12/2021,12/12/2021,"19990017",,,
643,12/27/2021,"2021-22","2020-21","F",0.5,,,,2/25/2022,12/5/2021,12/5/2021,"19990017",,,
511,12/27/2021,"2021-22","2020-21","F",1,,,,2/25/2022,12/5/2021,12/5/2021,"19990017",,,
602,12/22/2021,"2021-22","2020-21","F",50,,,,2/20/2022,11/24/2021,11/24/2021,"19990017",,,
418,12/23/2021,"2021-22","2020-21","F",20,,,,2/21/2022,11/23/2021,11/23/2021,"19990017",,,
852,1/31/2022,"2021-22","2020-21","F",0.7,,,,4/1/2022,12/31/2021,12/31/2021,"19990017",,,
450,1/19/2022,"2021-22","2020-21","F",11,,,,3/20/2022,11/21/2021,11/21/2021,"19990017",,,
118,4/24/2022,"2021-22","2020-21","F",17.5,,,,6/23/2022,3/28/2022,3/28/2022,"19990017",,,
742,4/17/2022,"2021-22","2020-21","F",12,,,,6/16/2022,3/22/2022,3/22/2022,"19990017",,,
128,4/28/2022,"2021-22","2020-21","F",10,,,,6/27/2022,4/6/2022,4/6/2022,"19990017",,,
109,4/28/2022,"2021-22","2020-21","F",14,,,,6/27/2022,4/6/2022,4/6/2022,"19990017",,,
128,4/28/2022,"2021-22","2020-21","C",20.11,100,5,,6/27/2022,4/6/2022,4/6/2022,"19990017",,,
109,4/28/2022,"2021-22","2020-21","C",23.58,100,14,,6/27/2022,4/6/2022,4/6/2022,"19990017",,,
811,8/24/2021,"2021-22","2020-21","F",10,,,,10/23/2021,8/4/2021,8/4/2021,"19990017",,,
687,12/29/2021,"2021-22","2020-21","C",34.56,100,6,,2/27/2022,11/18/2021,11/18/2021,"19990017",,,
691,3/6/2022,"2021-22","2020-21","I",2,,,,5/5/2022,2/24/2022,2/24/2022,"19990017",,,
801,6/14/2022,"2021-22","2020-21","F",10,,,,8/13/2022,5/24/2022,5/24/2022,"19990017",,,
145,6/27/2022,"2021-22","2020-21","F",10,,,,8/26/2022,5/29/2022,5/29/2022,"19990017",,,
102,6/6/2022,"2021-22","2020-21","F",12.5,,,,8/5/2022,5/5/2022,5/5/2022,"19990017",,,
721,6/27/2022,"2021-22","2020-21","B",,100,10,,8/26/2022,5/25/2022,5/25/2022,"MERCHAN1",,,
827,7/4/2022,"2022-23","2021-22","F",5,,,,9/2/2022,5/30/2022,5/30/2022,"19990017",,,
141,6/26/2022,"2021-22","2020-21","F",18,,,,8/25/2022,5/26/2022,5/26/2022,"19990017",,,
736,6/29/2022,"2021-22","2020-21","F",10.5,,,,8/28/2022,5/31/2022,5/31/2022,"19990017",,,
721,6/27/2022,"2021-22","2020-21","F",25,,,,8/26/2022,5/25/2022,5/25/2022,"19990017",,,
795,7/14/2022,"2022-23","2021-22","F",5.25,,,,9/12/2022,7/4/2022,7/4/2022,"19990017",,,
725,6/23/2022,"2021-22","2020-21","F",15,,,,8/22/2022,5/23/2022,5/23/2022,"19990017",,,
724,6/23/2022,"2021-22","2020-21","F",10,,,,8/22/2022,5/17/2022,5/17/2022,"19990017",,,
485,7/5/2022,"2022-23","2021-22","I",450,,,,9/3/2022,6/23/2022,6/23/2022,"19990017",,,
488,3/14/2022,"2021-22","2020-21","F",2,,,,5/13/2022,2/3/2022,2/3/2022,"19990017",,,
720,7/31/2022,"2022-23","2021-22","F",15,,,,9/29/2022,7/12/2022,7/12/2022,"19990017",,,
726,7/30/2022,"2022-23","2021-22","F",12,,,,9/28/2022,5/30/2022,5/30/2022,"19990017",,,
121,8/11/2022,"2022-23","2021-22","C",10.47,100,5,,10/10/2022,6/10/2022,6/10/2022,"19990017",,,
455,12/26/2022,"2022-23","2021-22","B",,100,5,,2/24/2023,11/17/2022,11/17/2022,"MERCHAN1",,,
203,12/19/2022,"2022-23","2021-22","B",,100,7,,2/17/2023,11/10/2022,11/10/2022,"MERCHAN1",,,
483,12/21/2022,"2022-23","2021-22","B",,100,36,,2/19/2023,11/14/2022,11/14/2022,"MERCHAN1",,,
553,12/26/2022,"2022-23","2021-22","B",,100,5,,2/24/2023,11/30/2022,11/30/2022,"MERCHAN1",,,
674,12/19/2022,"2022-23","2021-22","F",2.5,,,,2/17/2023,11/14/2022,11/14/2022,"19990017",,,
696,12/20/2022,"2022-23","2021-22","F",10,,,,2/18/2023,11/20/2022,11/20/2022,"19990017",,,
777,12/17/2022,"2022-23","2021-22","F",10,,,,2/15/2023,11/17/2022,11/17/2022,"19990017",,,
804,12/21/2022,"2022-23","2021-22","F",12.5,,,,2/19/2023,11/24/2022,11/24/2022,"19990017",,,
565,12/20/2022,"2022-23","2021-22","F",15,,,,2/18/2023,11/21/2022,11/21/2022,"19990017",,,
695,12/18/2022,"2022-23","2021-22","F",5,,,,2/16/2023,11/20/2022,11/20/2022,"19990017",,,
774,12/29/2022,"2022-23","2021-22","F",4,,,,2/27/2023,11/24/2022,11/24/2022,"19990017",,,
231,12/28/2022,"2022-23","2021-22","F",30,,,,2/26/2023,11/23/2022,11/23/2022,"19990017",,,
569,12/29/2022,"2022-23","2021-22","F",2,,,,2/27/2023,11/30/2022,11/30/2022,"19990017",,,
668,12/29/2022,"2022-23","2021-22","F",10,,,,2/27/2023,11/21/2022,11/21/2022,"19990017",,,
826,1/26/2023,"2022-23","2021-22","F",3,,,,3/27/2023,12/1/2022,12/1/2022,"19990017",,,
826,12/28/2022,"2022-23","2021-22","F",3,,,,2/26/2023,12/1/2022,12/1/2022,"19990017",,,
786,12/29/2022,"2022-23","2021-22","F",11,,,,2/27/2023,11/20/2022,11/20/2022,"19990017",,,
151,12/28/2022,"2022-23","2021-22","F",5,,,,2/26/2023,12/1/2022,12/1/2022,"19990017",,,
792,1/19/2023,"2022-23","2021-22","F",4,,,,3/20/2023,11/21/2022,11/21/2022,"19990017",,,
151,12/28/2022,"2022-23","2021-22","C",88.12,100,5,,2/26/2023,12/1/2022,12/1/2022,"19990017",,,
499,12/29/2022,"2022-23","2021-22","F",10,,,,2/27/2023,12/4/2022,12/4/2022,"19990017",,,
232,12/28/2022,"2022-23","2021-22","F",5.5,,,,2/26/2023,11/23/2022,11/23/2022,"19990017",,,
778,12/29/2022,"2022-23","2021-22","F",3,,,,2/27/2023,12/1/2022,12/1/2022,"19990017",,,
692,12/29/2022,"2022-23","2021-22","F",5,,,,2/27/2023,11/29/2022,11/29/2022,"19990017",,,
223,1/17/2023,"2022-23","2021-22","F",20,,,,3/18/2023,11/16/2022,11/16/2022,"19990017",,,
644,1/18/2023,"2022-23","2021-22","F",10,,,,3/19/2023,11/28/2022,11/28/2022,"19990017",,,
644,1/18/2023,"2022-23","2021-22","C",57.33,100,1,,3/19/2023,11/28/2022,11/28/2022,"19990017",,,
445,12/29/2022,"2022-23","2021-22","F",2,,,,2/27/2023,11/20/2022,11/20/2022,"19990017",,,
842,3/19/2023,"2022-23","2021-22","F",1.2,,,,5/18/2023,3/9/2023,3/9/2023,"19990017",,,
194,12/19/2022,"2022-23","2021-22","F",6,,,,2/17/2023,12/5/2022,12/5/2022,"19990017",,,
210,12/28/2022,"2022-23","2021-22","F",5,,,,2/26/2023,11/20/2022,11/20/2022,"19990017",,,
454,5/16/2023,"2022-23","2021-22","B",,100,60,,7/15/2023,4/3/2023,4/3/2023,"MERCHAN1",,,
301,5/11/2023,"2022-23","2021-22","F",420,,,,7/10/2023,4/2/2023,4/2/2023,"19990017",,,
718,6/8/2023,"2022-23","2021-22","B",,100,5,,8/7/2023,5/10/2023,5/10/2023,"MERCHAN1",,,
115,6/18/2023,"2022-23","2021-22","C",12.46,100,6,,8/17/2023,5/22/2023,5/22/2023,"20130022",,,
125,6/19/2023,"2022-23","2021-22","F",10,,,,8/18/2023,5/16/2023,5/16/2023,"19990017",,,
736,6/26/2023,"2022-23","2021-22","F",5,,,,8/25/2023,6/1/2023,6/1/2023,"19990017",,,
808,6/19/2023,"2022-23","2021-22","F",7.5,,,,8/18/2023,5/25/2023,5/25/2023,"19990017",,,
808,6/19/2023,"2022-23","2021-22","C",16.8,100,4.5,,8/18/2023,5/25/2023,5/25/2023,"19990017",,,
321,7/12/2023,"2023-24","2022-23","F",5,,,,9/10/2023,6/26/2023,6/26/2023,"19990017",,,
724,6/26/2023,"2022-23","2021-22","F",10,,,,8/25/2023,5/21/2023,5/21/2023,"19990017",,,
807,12/27/2022,"2022-23","2021-22","F",10,,,,2/25/2023,11/20/2022,11/20/2022,"19990017",,,
138,7/11/2023,"2023-24","2022-23","F",11,,,,9/9/2023,5/16/2023,5/16/2023,"19990017",,,
101,7/8/2023,"2023-24","2022-23","B",,100,2,,9/6/2023,5/23/2023,5/23/2023,"MERCHAN1",,,
116,8/10/2023,"2023-24","2022-23","B",,100,5,,10/9/2023,6/8/2023,6/8/2023,"MERCHAN1",,,
112,8/16/2023,"2023-24","2022-23","B",,100,3,,10/15/2023,6/12/2023,6/12/2023,"MERCHAN1",,,
846,8/23/2023,"2023-24","2022-23","F",10,,,,10/22/2023,7/23/2023,7/23/2023,"20230004",,,
738,8/10/2023,"2023-24","2022-23","F",12,,,,10/9/2023,7/20/2023,7/20/2023,"20230004",,,
174,9/19/2023,"2023-24","2022-23","F",5,,,,11/18/2023,9/4/2023,9/4/2023,"20230004",,,
160,9/19/2023,"2023-24","2022-23","F",3,,,,11/18/2023,9/4/2023,9/4/2023,"20230004",,,
179,9/10/2023,"2023-24","2022-23","F",3,,,,11/9/2023,8/24/2023,8/24/2023,"20230004",,,
725,7/20/2023,"2023-24","2022-23","B",,100,7,,9/18/2023,9/21/2023,9/21/2023,"MERCHAN1",,,
717,9/25/2023,"2023-24","2022-23","F",12,,,,11/24/2023,8/27/2023,8/27/2023,"20230004",,,
811,9/28/2023,"2023-24","2022-23","F",20,,,,11/27/2023,8/20/2023,8/20/2023,"20230004",,,
718,6/8/2023,"2022-23","2021-22","C",59.76,100,5,,8/7/2023,5/10/2023,5/10/2023,"20230004",,,
207,11/29/2023,"2023-24","2022-23","B",,100,32,,1/28/2024,11/1/2023,11/1/2023,"MERCHAN1",,,
194,12/20/2023,"2023-24","2022-23","F",3,,,,2/18/2024,12/5/2023,12/5/2023,"20230004",,"..",
148,11/23/2023,"2023-24","2022-23","F",30,,,,1/22/2024,11/16/2023,11/16/2023,"20230004",,,
365,12/10/2023,"2023-24","2022-23","F",10,,,,2/8/2024,11/14/2023,11/14/2023,"20130022",,"....",
699,12/14/2023,"2023-24","2022-23","F",80,,,,2/12/2024,11/16/2023,11/16/2023,"20230004",,"...",
477,12/14/2023,"2023-24","2022-23","F",105,,,,2/12/2024,11/16/2023,11/16/2023,"20230004",,"...",
565,12/12/2023,"2023-24","2022-23","F",20,,,,2/10/2024,10/23/2023,10/23/2023,"20230004",,"....",
660,12/14/2023,"2023-24","2022-23","F",5,,,,2/12/2024,11/21/2023,11/21/2023,"20230004",,"....",
261,12/27/2023,"2023-24","2022-23","B",,100,75,,2/25/2024,12/26/2023,12/26/2023,"MERCHAN1",,,
232,12/28/2023,"2023-24","2022-23","B",,100,5,,2/26/2024,12/7/2023,12/7/2023,"MERCHAN1",,,
553,12/19/2023,"2023-24","2022-23","B",,100,10,,2/17/2024,12/7/2023,12/7/2023,"MERCHAN1",,,
310,12/20/2023,"2023-24","2022-23","F",5,,,,2/18/2024,11/15/2023,11/15/2023,"20130022",,"...",
560,12/19/2023,"2023-24","2022-23","F",4.75,,,,2/17/2024,11/19/2023,11/19/2023,"20130022",,"...",
804,12/21/2023,"2023-24","2022-23","F",12.5,,,,2/19/2024,11/15/2023,11/15/2023,"20130022",,"...",
317,12/20/2023,"2023-24","2022-23","F",50,,,,2/18/2024,11/16/2023,11/16/2023,"20130022",,"...",
777,12/21/2023,"2023-24","2022-23","F",2,,,,2/19/2024,11/16/2023,11/16/2023,"20130022",,"...",
646,12/25/2023,"2023-24","2022-23","F",0.5,,,,2/23/2024,11/30/2023,11/30/2023,"20230004",,"...",
697,12/20/2023,"2023-24","2022-23","F",0.25,,,,2/18/2024,11/21/2023,12/21/2023,"20230004",,"...",
773,12/20/2023,"2023-24","2022-23","F",11,,,,2/18/2024,11/21/2023,11/21/2023,"20230004",,"...",
214,12/14/2023,"2023-24","2022-23","F",1.5,,,,2/12/2024,11/15/2023,11/15/2023,"20230004",,"..",
439,11/14/2023,"2023-24","2022-23","F",1,,,,1/13/2024,11/20/2023,11/20/2023,"20230004",,"...",
439,12/14/2023,"2023-24","2022-23","F",1,,,,2/12/2024,11/20/2023,11/20/2023,"20230004",,"...",
657,12/20/2023,"2023-24","2022-23","F",20,,,,2/18/2024,11/20/2023,11/20/2023,"20130022",,"...",
486,12/28/2023,"2023-24","2022-23","F",10,,,,2/26/2024,11/13/2023,11/13/2023,"20130022",,"...",
452,12/28/2023,"2023-24","2022-23","F",35,,,,2/26/2024,11/13/2023,11/13/2023,"20130022",,"...",
624,12/30/2023,"2023-24","2022-23","B",,100,5,,2/28/2024,12/7/2023,12/7/2023,"MERCHAN1",,,
607,12/7/2023,"2023-24","2022-23","F",10,,,,2/5/2024,11/19/2023,11/19/2023,"20130022",,"...",
511,12/27/2023,"2023-24","2022-23","F",2,,,,2/25/2024,11/24/2023,11/24/2023,"20130022",,"...",
297,12/21/2023,"2023-24","2022-23","F",5,,,,2/19/2024,12/5/2023,12/5/2023,"20130022",,"...",
289,12/19/2023,"2023-24","2022-23","I",0.05,,,,2/17/2024,11/20/2023,11/20/2023,"20130022",,"...",
640,12/31/2023,"2023-24","2022-23","F",2,,,,2/29/2024,12/7/2023,12/7/2023,"20130022",,"...",
223,2/4/2024,"2023-24","2022-23","F",10,,,,4/4/2024,12/4/2023,12/4/2023,"20130022",,"...",
322,1/9/2024,"2023-24","2022-23","F",11,,,,3/9/2024,12/3/2023,12/3/2023,"20130022",,"..",
814,1/15/2024,"2023-24","2022-23","F",5.55,,,,3/15/2024,12/24/2023,12/24/2023,"20130022",,"..",
306,1/27/2024,"2023-24","2022-23","F",10,,,,3/27/2024,11/23/2023,11/23/2023,"20130022",,"...",
695,12/28/2023,"2023-24","2022-23","F",10,,,,2/26/2024,11/19/2023,12/19/2023,"20130022",,"..",
225,12/28/2023,"2023-24","2022-23","F",23,,,,2/26/2024,11/19/2023,11/19/2023,"20130022",,"...",
791,1/13/2024,"2023-24","2022-23","F",3,,,,3/13/2024,12/18/2023,12/18/2023,"20130022",,"...",
229,1/23/2024,"2023-24","2022-23","F",5,,,,3/23/2024,12/7/2023,12/7/2023,"20130022",,"...",
770,12/30/2023,"2023-24","2022-23","F",6,,,,2/28/2024,12/5/2023,12/5/2023,"20130022",,"...",
302,1/6/2024,"2023-24","2022-23","F",135,,,,3/6/2024,11/28/2023,11/28/2023,"20130022",,"...",
244,12/14/2023,"2023-24","2022-23","F",10,,,,2/12/2024,11/16/2023,11/16/2023,"20130022",,"...",
132,3/31/2024,"2023-24","2022-23","F",25,,,,5/30/2024,3/6/2024,3/6/2024,"20230004",,"...",
209,3/28/2024,"2023-24","2022-23","F",35,,,,5/27/2024,2/22/2024,2/22/2024,"20230004",,"....",
259,3/28/2024,"2023-24","2022-23","F",100,,,,5/27/2024,3/3/2024,3/3/2024,"20230004",,"...",
140,4/30/2024,"2023-24","2022-23","F",10,,,,6/29/2024,4/2/2024,4/2/2024,"20130022",,"...",
774,12/28/2023,"2023-24","2022-23","F",3,,,,2/26/2024,11/23/2023,11/23/2023,"20230004",,"...",
742,5/16/2024,"2023-24","2022-23","B",,100,5,,7/15/2024,4/24/2024,4/24/2024,"MERCHAN1",,,
118,6/9/2024,"2023-24","2022-23","F",17.5,,,,8/8/2024,5/9/2024,5/9/2024,"20130022",,"...",
752,5/16/2024,"2023-24","2022-23","F",15,,,,7/15/2024,4/9/2024,4/9/2024,"20130022",,"...",
742,5/16/2024,"2023-24","2022-23","F",5,,,,7/15/2024,4/24/2024,4/24/2024,"20130022",,"...",
102,5/30/2024,"2023-24","2022-23","F",15,,,,7/29/2024,4/23/2024,4/23/2024,"20130022",,"...",
129,5/30/2024,"2023-24","2022-23","F",17.5,,,,7/29/2024,5/7/2024,5/7/2024,"20130022",,"...",
119,6/3/2024,"2023-24","2022-23","F",10,,,,8/2/2024,5/9/2024,5/9/2024,"20130022",,"...",
262,12/18/2023,"2023-24","2022-23","R",,100,285,109.53,2/16/2024,5/15/2023,5/15/2023,"20060005",,"zz",
134,6/10/2024,"2023-24","2022-23","F",10,,,,8/9/2024,5/27/2024,5/27/2024,"20130022",,"...",
739,7/1/2024,"2024-25","2023-24","F",10,,,,8/30/2024,5/20/2024,5/20/2024,"20130022",,"..",
103,6/27/2024,"2023-24","2022-23","C",9.49,100,5,,8/26/2024,5/26/2024,5/26/2024,"20230004",,,
485,7/30/2024,"2024-25","2023-24","F",200,,,,9/28/2024,5/27/2024,5/27/2024,"20130022",,"...",
622,10/30/2024,"2024-25","2023-24","F",19,,,,12/29/2024,10/3/2024,10/3/2024,"20230004",,"...................",
491,11/2/2024,"2024-25","2023-24","F",20,,,,1/1/2025,9/30/2024,9/30/2024,"20230004",,"..............",
726,10/26/2024,"2024-25","2023-24","F",10,,,,12/25/2024,10/1/2024,10/1/2024,"20230004",,"................",
659,10/28/2024,"2024-25","2023-24","F",10,,,,12/27/2024,10/7/2024,10/7/2024,"20230004",,"..............",
457,12/5/2024,"2024-25","2023-24","F",92,,,,2/3/2025,10/21/2024,10/21/2024,"20230004",,"...........",
735,9/30/2024,"2024-25","2023-24","F",10,,,,11/29/2024,9/11/2024,9/11/2024,"20230004",,"..................",
565,12/19/2024,"2024-25","2023-24","F",16,,,,2/17/2025,10/20/2024,10/20/2024,"20230004",,"....................",
798,10/29/2024,"2024-25","2023-24","F",350,,,,12/28/2024,9/30/2024,9/30/2024,"20230004",,"...................",
817,5/9/2023,"2022-23","2021-22","F",12,,,,7/8/2023,4/9/2023,4/9/2023,"19990017",,,
137,5/25/2023,"2022-23","2021-22","F",5,,,,7/24/2023,4/16/2023,4/16/2023,"19990017",,,
454,5/16/2023,"2022-23","2021-22","F",240,,,,7/15/2023,4/3/2023,4/3/2023,"19990017",,,
139,5/31/2023,"2022-23","2021-22","F",15,,,,7/30/2023,4/17/2023,4/17/2023,"19990017",,,
454,5/16/2023,"2022-23","2021-22","C",806.42,100,60,,7/15/2023,4/3/2023,4/3/2023,"19990017",,,
756,6/11/2023,"2022-23","2021-22","F",15,,,,8/10/2023,5/15/2023,5/15/2023,"19990017",,,
813,6/18/2023,"2022-23","2021-22","F",3.5,,,,8/17/2023,5/21/2023,5/21/2023,"19990017",,,
114,7/5/2023,"2023-24","2022-23","F",6,,,,9/3/2023,6/7/2023,6/7/2023,"19990017",,,
761,6/24/2023,"2022-23","2021-22","F",12.5,,,,8/23/2023,5/15/2023,5/15/2023,"19990017",,,
140,6/25/2023,"2022-23","2021-22","F",10,,,,8/24/2023,5/14/2023,5/14/2023,"19990017",,,
102,7/4/2023,"2023-24","2022-23","B",,100,2,,9/2/2023,5/10/2023,5/10/2023,"MERCHAN1",,,
747,7/20/2023,".","2022-23","F",10,,,,9/18/2023,5/29/2023,5/29/2023,"19990017",,,
845,7/25/2023,"2023-24","2022-23","F",5,,,,9/23/2023,5/30/2023,5/30/2023,"19990017",,,
726,8/5/2023,"2023-24","2022-23","F",12.25,,,,10/4/2023,6/13/2023,6/13/2023,"20230004",,,
185,9/19/2023,"2023-24","2022-23","F",1.5,,,,11/18/2023,9/5/2023,9/5/2023,"20230004",,,
176,9/19/2023,"2023-24","2022-23","F",3,,,,11/18/2023,9/5/2023,9/5/2023,"20230004",,,
195,9/26/2023,"2023-24","2022-23","F",5,,,,11/25/2023,9/12/2023,9/12/2023,"20230004",,,
720,9/20/2023,"2023-24","2022-23","F",10,,,,11/19/2023,7/30/2023,7/30/2023,"20230004",,,
730,9/21/2023,"2023-24","2022-23","F",20,,,,11/20/2023,8/20/2023,8/20/2023,"20230004",,,
485,7/26/2023,"2023-24","2022-23","F",450,,,,9/24/2023,5/25/2023,5/25/2023,"20230004",,,
465,10/22/2023,"2023-24","2022-23","F",60,,,,12/21/2023,9/21/2023,9/21/2023,"20230004",,,
629,12/6/2023,"2023-24","2022-23","F",1,,,,2/4/2024,11/13/2023,11/13/2023,"20230004",,,
149,11/22/2023,"2023-24","2022-23","F",1.5,,,,1/21/2024,11/7/2023,11/7/2023,"20230004",,,
621,11/28/2023,"2023-24","2022-23","F",35,,,,1/27/2024,10/18/2023,10/18/2023,"20230004",,,
254,11/30/2023,"2023-24","2022-23","F",20,,,,1/29/2024,10/26/2023,10/26/2023,"20230004",,,
420,11/30/2023,"2023-24","2022-23","F",20,,,,1/29/2024,10/26/2023,10/26/2023,"20230004",,,
457,12/9/2023,"2023-24","2022-23","F",62.5,,,,2/7/2024,11/12/2023,11/12/2023,"20230004",,"...",
601,12/11/2023,"2023-24","2022-23","F",5,,,,2/9/2024,11/7/2023,11/7/2023,"20230004",,"...",
499,12/28/2023,"2023-24","2022-23","F",5,,,,2/26/2024,11/22/2023,11/22/2023,"20130022",,"...",
212,12/24/2023,"2023-24","2022-23","F",2,,,,2/22/2024,11/20/2023,11/20/2023,"20130022",,"...",
243,12/28/2023,"2023-24","2022-23","F",25,,,,2/26/2024,11/8/2023,11/8/2023,"20130022",,"...",
231,12/28/2023,"2023-24","2022-23","F",25,,,,2/26/2024,11/8/2023,11/8/2023,"20130022",,"...",
786,12/24/2023,"2023-24","2022-23","F",6,,,,2/22/2024,11/20/2023,11/20/2023,"20130022",,"..",
468,12/28/2023,"2023-24","2022-23","F",15,,,,2/26/2024,11/28/2023,11/28/2023,"20130022",,"...",
692,12/28/2023,"2023-24","2022-23","F",5,,,,2/26/2024,11/30/2023,11/30/2023,"20130022",,"...",
418,12/31/2023,"2023-24","2022-23","F",2,,,,2/29/2024,12/10/2023,12/10/2023,"20130022",,"...",
503,12/20/2023,"2023-24","2022-23","F",40,,,,2/18/2024,11/16/2023,11/16/2023,"20130022",,"..",
462,12/28/2023,"2023-24","2022-23","F",10,,,,2/26/2024,12/7/2023,12/7/2023,"20130022",,"..",
318,12/24/2023,"2023-24","2022-23","F",5,,,,2/22/2024,11/20/2023,11/20/2023,"20130022",,"...",
303,2/3/2024,"2023-24","2022-23","F",60,,,,4/3/2024,12/4/2023,12/4/2023,"20130022",,"...",
785,12/31/2023,"2023-24","2022-23","I",2,,,,2/29/2024,12/5/2023,12/5/2023,"20230004",,"...",
111,4/29/2024,"2023-24","2022-23","B",,100,12.5,,6/28/2024,4/2/2024,4/2/2024,"MERCHAN1",,,
113,5/30/2024,"2023-24","2022-23","F",17.5,,,,7/29/2024,5/7/2024,5/7/2024,"20230004",,"...",
653,12/28/2023,"2023-24","2022-23","F",3,,,,2/26/2024,11/13/2023,11/13/2023,"20230004",,"...",
303,2/3/2024,"2023-24","2022-23","C",1508,100,10,,4/3/2024,12/4/2023,12/4/2023,"20230004",,,
720,6/11/2024,"2023-24","2022-23","F",12,,,,8/10/2024,5/21/2024,5/21/2024,"20230004",,"...",
801,3/31/2024,"2023-24","2022-23","F",7,,,,5/30/2024,3/12/2024,3/12/2024,"20130022",,"..",
747,7/16/2024,"2024-25","2023-24","B",,100,8,,9/14/2024,5/29/2024,5/29/2024,"MERCHAN1",,,
126,7/23/2024,"2024-25","2023-24","B",,100,8.5,,9/21/2024,5/26/2024,5/26/2024,"MERCHAN1",,,
121,7/25/2024,"2024-25","2023-24","B",,100,3.5,,9/23/2024,5/26/2024,5/26/2024,"MERCHAN1",,,
116,8/1/2024,"2024-25","2023-24","F",12,,,,9/30/2024,6/2/2024,6/2/2024,"20130022",,"...",
360,5/21/2024,"2023-24","2022-23","B",,100,100,,7/20/2024,5/19/2024,5/19/2024,"MERCHAN1",,,
808,6/13/2024,"2023-24","2022-23","F",11,,,,8/12/2024,5/21/2024,5/21/2024,"20130022",,"..",
923,9/26/2024,"2024-25","2023-24","F",3,,,,11/25/2024,7/25/2024,7/25/2024,"20230004",,"......",
717,9/25/2024,"2024-25","2023-24","F",12,,,,11/24/2024,7/29/2024,7/29/2024,"20240015",,".......",
827,8/12/2024,"2024-25","2023-24","F",5,,,,10/11/2024,6/6/2024,6/6/2024,"20240015",,".............",
825,9/2/2024,"2024-25","2023-24","F",10,,,,11/1/2024,6/25/2024,6/25/2024,"20240015",,".............",
210,12/30/2023,"2023-24","2022-23","F",10,,,,2/28/2024,12/19/2023,12/19/2023,"20240015",,".................",
485,7/30/2024,"2024-25","2023-24","I",1000,,,,9/28/2024,8/25/2024,8/25/2024,"20130022",,"...",
624,10/23/2024,"2024-25","2023-24","F",10,,,,12/22/2024,9/30/2024,9/30/2024,"20230004",,".................",
148,9/28/2024,"2024-25","2023-24","F",30,,,,11/27/2024,9/5/2024,9/5/2024,"20230004",,"................",
257,11/20/2024,"2024-25","2023-24","F",4,,,,1/19/2025,10/29/2024,10/29/2024,"20230004",,".................",
360,5/21/2024,"2023-24","2022-23","F",10,,,,7/20/2024,12/7/2023,12/7/2023,"20130022",,"...",
652,11/28/2024,"2024-25","2023-24","I",19,,,,1/27/2025,11/11/2024,11/11/2024,"20230004",,"..........",
104,4/24/2024,"2023-24","2022-23","F",10,,,,6/23/2024,3/18/2024,3/18/2024,"20130022",,"....",
660,12/19/2024,"2024-25","2023-24","F",5,,,,2/17/2025,11/24/2024,11/24/2024,"20230004",,"......",
702,12/18/2024,"2024-25","2023-24","F",2.5,,,,2/16/2025,11/24/2024,11/24/2024,"20230004",,"....",
298,12/30/2024,"2024-25","2023-24","F",1,,,,2/28/2025,11/24/2024,11/24/2024,"20230004",,".....",
793,12/28/2024,"2024-25","2023-24","F",7,,,,2/26/2025,11/24/2024,11/24/2024,"20230004",,"......",
245,12/26/2024,"2024-25","2023-24","F",10,,,,2/24/2025,11/24/2024,11/24/2024,"20230004",,".......",
618,12/30/2024,"2024-25","2023-24","F",5,,,,2/28/2025,11/25/2024,11/25/2024,"20230004",,",,,,",
452,12/29/2024,"2024-25","2023-24","F",40,,,,2/27/2025,11/25/2024,11/25/2024,"20230004",,"......",
821,12/21/2024,"2024-25","2023-24","F",4,,,,2/19/2025,11/25/2024,11/25/2024,"20230004",,"......",
653,12/30/2024,"2024-25","2023-24","F",2,,,,2/28/2025,11/25/2024,11/25/2024,"20230004",,"......",
775,12/30/2024,"2024-25","2023-24","F",10,,,,2/28/2025,11/27/2024,11/27/2024,"20230004",,".....",
299,12/30/2024,"2024-25","2023-24","F",10,,,,2/28/2025,11/27/2024,11/27/2024,"20230004",,".....",
669,12/28/2024,"2024-25","2023-24","F",3,,,,2/26/2025,11/27/2024,11/27/2024,"20230004",,".....",
504,12/26/2024,"2024-25","2023-24","F",12,,,,2/24/2025,12/1/2024,12/1/2024,"20230004",,".....",
812,12/26/2024,"2024-25","2023-24","F",2,,,,2/24/2025,12/1/2024,12/1/2024,"20230004",,"....",
318,12/26/2024,"2024-25","2023-24","F",3.5,,,,2/24/2025,12/1/2024,12/1/2024,"20230004",,".....",
295,12/27/2024,"2024-25","2023-24","F",10,,,,2/25/2025,12/1/2024,12/1/2024,"20230004",,"....",
918,1/26/2025,"2024-25","2023-24","F",10,,,,3/27/2025,12/1/2024,12/1/2024,"20230004",,".....",
607,12/28/2024,"2024-25","2023-24","F",1,,,,2/26/2025,12/1/2024,12/1/2024,"20230004",,".....",
61,12/26/2024,"2024-25","2023-24","F",14,,,,2/24/2025,12/1/2024,12/1/2024,"20230004",,".....",
974,12/30/2024,"2024-25","2023-24","F",1,,,,2/28/2025,12/1/2024,12/1/2024,"20230004",,".....",
168,9/25/2024,"2024-25","2023-24","F",6.5,,,,11/24/2024,9/5/2024,9/5/2024,"20130022",,".......",
512,12/26/2024,"2024-25","2023-24","F",10,,,,2/24/2025,12/4/2024,12/4/2024,"20230004",,".....",
264,1/4/2025,"2024-25","2023-24","F",5,,,,3/5/2025,12/4/2024,12/4/2024,"20230004",,".....",
476,12/26/2024,"2024-25","2023-24","F",12,,,,2/24/2025,12/4/2024,12/4/2024,"20230004",,"......",
418,12/29/2024,"2024-25","2023-24","F",21,,,,2/27/2025,12/4/2024,12/4/2024,"20230004",,".....",
297,12/21/2024,"2024-25","2023-24","F",2,,,,2/19/2025,12/4/2024,12/4/2024,"20230004",,".....",
118,6/12/2023,"2022-23","2021-22","B",,100,7.5,,8/11/2023,5/17/2023,5/17/2023,"19990017",,,
721,5/31/2023,"2022-23","2021-22","F",25,,,,7/30/2023,4/27/2023,4/27/2023,"19990017",,,
135,5/25/2023,"2022-23","2021-22","F",15,,,,7/24/2023,5/2/2023,5/2/2023,"19990017",,,
721,5/31/2023,"2022-23","2021-22","C",12.25,100,5,,7/30/2023,4/27/2023,4/27/2023,"19990017",,,
743,5/29/2023,"2022-23","2021-22","F",2,,,,7/28/2023,4/17/2023,4/17/2023,"19990017",,,
106,6/6/2023,"2022-23","2021-22","F",12.5,,,,8/5/2023,5/11/2023,5/11/2023,"19990017",,,
123,6/14/2023,"2022-23","2021-22","F",10,,,,8/13/2023,5/23/2023,5/23/2023,"19990017",,,
190,6/20/2023,"2022-23","2021-22","F",0.6,,,,8/19/2023,6/5/2023,6/5/2023,"19990017",,,
191,6/20/2023,"2022-23","2021-22","F",4.25,,,,8/19/2023,6/5/2023,6/5/2023,"19990017",,,
218,6/13/2023,"2022-23","2021-22","F",10,,,,8/12/2023,5/22/2023,5/22/2023,"19990017",,,
751,6/14/2023,"2022-23","2021-22","F",10,,,,8/13/2023,5/22/2023,5/22/2023,"19990017",,,
827,6/15/2023,"2022-23","2021-22","F",5,,,,8/14/2023,5/24/2023,5/24/2023,"19990017",,,
134,6/21/2023,"2022-23","2021-22","F",10.5,,,,8/20/2023,5/24/2023,5/24/2023,"19990017",,,
117,7/10/2023,"2023-24","2022-23","B",,100,5,,9/8/2023,6/5/2023,6/5/2023,"MERCHAN1",,,
845,7/25/2023,"2023-24","2022-23","B",,100,5,,9/23/2023,5/30/2023,5/30/2023,"MERCHAN1",,,
111,5/31/2023,"2022-23","2021-22","C",28.81,100,12.5,,7/30/2023,5/3/2023,5/3/2023,"19990017",,,
603,7/13/2023,"2023-24","2022-23","F",105,,,,9/11/2023,5/18/2023,5/18/2023,"19990017",,,
739,7/27/2023,"2023-24","2022-23","F",10,,,,9/25/2023,5/25/2023,5/25/2023,"20230004",,,
112,8/16/2023,"2023-24","2022-23","F",12,,,,10/15/2023,6/12/2023,6/12/2023,"20230004",,,
112,8/16/2023,"2023-24","2022-23","C",23.84,100,3,,10/15/2023,6/12/2023,6/12/2023,"20230004",,,
491,6/26/2023,"2022-23","2021-22","F",15,,,,8/25/2023,5/31/2023,5/31/2023,"20230004",,,
844,9/25/2023,"2023-24","2022-23","F",2,,,,11/24/2023,8/24/2023,8/24/2023,"20230004",,,
713,10/4/2023,"2023-24","2022-23","F",11,,,,12/3/2023,9/12/2023,9/12/2023,"20230004",,,
825,9/20/2023,"2023-24","2022-23","F",10,,,,11/19/2023,7/23/2023,7/23/2023,"20230004",,,
621,11/28/2023,"2023-24","2022-23","B",,100,10,,1/27/2024,10/18/2023,10/18/2023,"MERCHAN1",,,
778,12/28/2023,"2023-24","2022-23","F",1,,,,2/26/2024,12/3/2023,12/3/2023,"20130022",,"...",
464,12/10/2023,"2023-24","2022-23","F",40,,,,2/8/2024,12/23/2023,12/23/2023,"20130022",,"...",
786,12/24/2023,"2023-24","2022-23","C",71.4,100,4,,2/22/2024,11/20/2023,11/20/2023,"20130022",,"...",
415,12/14/2023,"2023-24","2022-23","F",3,,,,2/12/2024,11/16/2023,11/16/2023,"20130022",,"...",
561,12/28/2023,"2023-24","2022-23","F",5,,,,2/26/2024,11/16/2023,11/16/2023,"20130022",,"...",
800,12/30/2023,"2023-24","2022-23","F",0.5,,,,2/28/2024,12/6/2023,12/6/2023,"20130022",,"...",
806,12/26/2023,"2023-24","2022-23","F",10,,,,2/24/2024,11/16/2023,12/26/2023,"20130022",,"...",
296,12/28/2023,"2023-24","2022-23","F",25,,,,2/26/2024,11/16/2023,11/16/2023,"20130022",,"...",
772,12/22/2023,"2023-24","2022-23","F",10,,,,2/20/2024,12/12/2023,12/12/2023,"20130022",,"...",
669,12/28/2023,"2023-24","2022-23","F",2,,,,2/26/2024,11/29/2023,11/29/2023,"20130022",,"..",
775,12/28/2023,"2023-24","2022-23","F",10,,,,2/26/2024,11/26/2023,11/26/2023,"20130022",,"...",
298,12/31/2023,"2023-24","2022-23","F",1,,,,2/29/2024,11/21/2023,11/21/2023,"20130022",,"...",
298,12/28/2023,"2023-24","2022-23","F",1,,,,2/26/2024,12/7/2023,12/7/2023,"20130022",,"...",
569,12/31/2023,"2023-24","2022-23","F",1,,,,2/29/2024,11/21/2023,11/21/2023,"20130022",,"..",
644,1/9/2024,"2023-24","2022-23","R",,2,1,20,3/9/2024,1/9/2024,1/9/2024,"MERCHAN1",,,
309,1/13/2024,"2023-24","2022-23","F",160,,,,3/13/2024,12/11/2023,12/11/2023,"20230004",,"...",
198,3/27/2024,"2023-24","2022-23","F",4.5,,,,5/26/2024,3/10/2024,3/10/2024,"20130022",,"...",
475,11/30/2023,"2023-24","2022-23","F",30,,,,1/29/2024,11/12/2023,11/12/2023,"20130022",,"...",
114,7/5/2023,"2023-24","2022-23","C",11.4,100,4,,9/3/2023,6/7/2023,6/7/2023,"20130022",,"...",
747,7/20/2023,"2023-24","2022-23","C",25.28,100,10,,9/18/2023,5/29/2023,5/29/2023,"20130022",,"..",
644,1/25/2024,"2023-24","2022-23","F",10,,,,3/25/2024,11/30/2023,11/30/2023,"20130022",,"...",
211,2/5/2024,"2023-24","2022-23","F",3,,,,4/5/2024,12/13/2023,12/13/2023,"20130022",,"...",
445,11/28/2023,"2023-24","2022-23","F",1,,,,1/27/2024,11/30/2023,11/30/2023,"20130022",,"...",
445,12/28/2023,"2023-24","2022-23","F",1,,,,2/26/2024,11/30/2023,11/30/2023,"20130022",,"..",
198,3/25/2024,"2023-24","2022-23","F",4.5,,,,5/24/2024,3/10/2024,3/10/2024,"20130022",,"...",
602,12/30/2023,"2023-24","2022-23","F",25,,,,2/28/2024,12/6/2023,12/6/2023,"20130022",,"...",
618,12/28/2023,"2023-24","2022-23","F",10,,,,2/26/2024,12/13/2023,12/13/2023,"20130022",,"....",
312,12/28/2023,"2023-24","2022-23","F",10,,,,2/26/2024,11/20/2023,11/20/2023,"20130022",,"...",
696,12/21/2023,"2023-24","2022-23","F",10,,,,2/19/2024,11/19/2023,11/19/2023,"20130022",,"...",
278,12/28/2023,"2023-24","2022-23","F",32,,,,2/26/2024,11/19/2023,11/19/2023,"20130022",,"...",
135,4/29/2024,"2023-24","2022-23","F",15,,,,6/28/2024,4/4/2024,4/4/2024,"20230004",,"...",
262,8/19/2024,"2024-25","2023-24","R",0,10000,28469.8164,109.53,10/18/2024,5/15/2023,5/15/2023,"20090001",,,
504,12/28/2023,"2023-24","2022-23","F",15,,,,2/26/2024,12/10/2023,12/10/2023,"20230004",,"...",
814,7/4/2024,"2024-25","2023-24","I",4.55,,,,9/2/2024,6/23/2024,6/23/2024,"20230004",,,
735,9/21/2023,"2023-24","2022-23","F",10,,,,11/20/2023,7/20/2023,7/20/2023,"20230004",,"...",
735,9/21/2023,"2023-24","2022-23","C",9.88,100,5,,11/20/2023,7/20/2023,7/20/2023,"20230004",,,
103,6/27/2024,"2023-24","2022-23","B",,100,5,,8/26/2024,5/26/2024,5/26/2024,"MERCHAN1",,,
101,6/12/2024,"2023-24","2022-23","B",,100,2,,8/11/2024,5/26/2024,5/26/2024,"MERCHAN1",,,
753,6/24/2024,"2023-24","2022-23","B",,100,5,,8/23/2024,5/26/2024,5/26/2024,"MERCHAN1",,,
300,6/25/2024,"2023-24","2022-23","F",20,,,,8/24/2024,5/27/2024,5/27/2024,"20130022",,"...",
734,6/27/2024,"2023-24","2022-23","F",12,,,,8/26/2024,5/30/2024,5/30/2024,"20130022",,"..",
795,1/24/2024,"2023-24","2022-23","I",5.25,,,,3/24/2024,1/4/2024,1/4/2024,"20230004",,,
120,7/27/2024,"2024-25","2023-24","F",2.5,,,,9/25/2024,6/11/2024,6/11/2024,"20130022",,"..",
120,7/29/2024,"2024-25","2023-24","F",2.5,,,,9/27/2024,6/11/2024,6/11/2024,"20130022",,"...",
114,8/12/2024,"2024-25","2023-24","F",6,,,,10/11/2024,6/10/2024,6/10/2024,"20130022",,"..",
112,8/18/2024,"2024-25","2023-24","F",10,,,,10/17/2024,6/9/2024,6/9/2024,"20130022",,"...",
549,8/28/2024,"2024-25","2023-24","I",160,,,,10/27/2024,8/13/2024,8/13/2024,"20130022",,"...",
117,6/26/2024,"2023-24","2022-23","F",5,,,,8/25/2024,5/19/2024,5/19/2024,"20130022",,"...",
813,6/22/2024,"2023-24","2022-23","F",2,,,,8/21/2024,5/29/2024,5/29/2024,"20130022",,"..",
127,5/30/2024,"2023-24","2022-23","C",33.23,100,10,,7/29/2024,5/7/2024,5/7/2024,"20130022",,".",
145,8/14/2024,"2024-25","2023-24","F",10,,,,10/13/2024,6/10/2024,6/10/2024,"20240015",,"...................",
301,10/15/2024,"2024-25","2023-24","I",4100,,,,12/14/2024,9/25/2024,9/25/2024,"20230004",,"...............",
490,11/27/2024,"2024-25","2023-24","F",1,,,,1/26/2025,11/10/2024,11/10/2024,"20230004",,"....",
503,12/19/2024,"2024-25","2023-24","F",40,,,,2/17/2025,11/10/2024,11/10/2024,"20230004",,"........",
805,12/30/2024,"2024-25","2023-24","F",10,,,,2/28/2025,11/10/2024,11/10/2024,"20230004",,".....",
771,12/29/2024,"2024-25","2023-24","F",1,,,,2/27/2025,11/20/2024,11/20/2024,"20230004",,"....",
212,12/29/2024,"2024-25","2023-24","F",2,,,,2/27/2025,11/20/2024,11/20/2024,"20230004",,"....",
640,12/31/2024,"2024-25","2023-24","F",2,,,,3/1/2025,11/20/2024,11/20/2024,"20230004",,"......",
848,12/19/2024,"2024-25","2023-24","F",10,,,,2/17/2025,11/20/2024,11/20/2024,"20230004",,".....",
247,12/19/2024,"2024-25","2023-24","F",10,,,,2/17/2025,11/20/2024,11/20/2024,"20230004",,"....",
786,12/30/2024,"2024-25","2023-24","F",3,,,,2/28/2025,11/20/2024,11/20/2024,"20230004",,"....",
606,12/26/2024,"2024-25","2023-24","F",3,,,,2/24/2025,11/20/2024,11/20/2024,"20230004",,".....",
691,12/30/2024,"2024-25","2023-24","F",1,,,,2/28/2025,11/20/2024,11/20/2024,"20230004",,"....",
439,12/14/2024,"2024-25","2023-24","F",1,,,,2/12/2025,11/20/2024,11/20/2024,"20230004",,"...",
217,12/18/2024,"2024-25","2023-24","F",4,,,,2/16/2025,11/20/2024,11/20/2024,"20230004",,".....",
696,12/24/2024,"2024-25","2023-24","F",10,,,,2/22/2025,11/20/2024,11/20/2024,"20230004",,".....",
667,12/23/2024,"2024-25","2023-24","F",35,,,,2/21/2025,11/20/2024,11/20/2024,"20230004",,".....",
129,6/14/2023,"2022-23","2021-22","F",12.5,,,,8/13/2023,5/23/2023,5/23/2023,"19990017",,,
116,8/10/2023,"2023-24","2022-23","F",5,,,,10/9/2023,6/8/2023,6/8/2023,"19990017",,,
740,6/21/2023,"2022-23","2021-22","F",10,,,,8/20/2023,5/23/2023,5/23/2023,"19990017",,,
115,6/18/2023,"2022-23","2021-22","F",6,,,,8/17/2023,5/22/2023,5/22/2023,"19990017",,,
837,6/25/2023,"2022-23","2021-22","F",10,,,,8/24/2023,5/25/2023,5/25/2023,"19990017",,,
755,6/20/2023,"2022-23","2021-22","F",13,,,,8/19/2023,5/22/2023,5/22/2023,"19990017",,,
762,8/2/2023,"2023-24","2022-23","F",12,,,,10/1/2023,6/19/2023,6/19/2023,"20230004",,,
136,7/27/2023,"2023-24","2022-23","F",22,,,,9/25/2023,5/30/2023,5/30/2023,"20230004",,,
131,8/3/2023,"2023-24","2022-23","F",12,,,,10/2/2023,6/20/2023,6/20/2023,"20230004",,,
760,7/31/2023,"2023-24","2022-23","F",10,,,,9/29/2023,6/6/2023,6/6/2023,"20230004",,,
760,9/26/2023,"2023-24","2022-23","F",11,,,,11/25/2023,8/17/2023,8/17/2023,"20230004",,,
484,8/22/2023,"2023-24","2022-23","F",400,,,,10/21/2023,6/26/2023,6/26/2023,"20130022",,,
147,9/3/2023,"2023-24","2022-23","B",,100,3,,11/2/2023,7/10/2023,7/10/2023,"MERCHAN1",,,
950,6/22/2023,"2022-23","2021-22","F",6.89,,,,8/21/2023,5/22/2023,5/22/2023,"20230004",,,
566,12/18/2023,"2023-24","2022-23","F",10,,,,2/16/2024,11/15/2023,11/15/2023,"20230004",,,
701,12/18/2023,"2023-24","2022-23","F",33,,,,2/16/2024,11/22/2023,11/22/2023,"20230004",,"...",
451,12/14/2023,"2023-24","2022-23","F",15,,,,2/12/2024,11/23/2023,11/23/2023,"20130022",,"...",
556,12/21/2023,"2023-24","2022-23","F",10,,,,2/19/2024,11/16/2023,11/16/2023,"20130022",,"....",
810,12/26/2023,"2023-24","2022-23","F",20,,,,2/24/2024,11/16/2023,11/16/2023,"20230004",,"....",
202,12/21/2023,"2023-24","2022-23","F",60,,,,2/19/2024,11/16/2023,11/16/2023,"20130022",,"...",
270,12/26/2023,"2023-24","2022-23","F",5,,,,2/24/2024,11/23/2023,11/23/2023,"20130022",,"...",
151,12/23/2023,"2023-24","2022-23","F",2.5,,,,2/21/2024,11/29/2023,11/29/2023,"20130022",,"...",
831,12/21/2023,"2023-24","2022-23","F",10,,,,2/19/2024,11/22/2023,11/22/2023,"20130022",,"...",
668,12/23/2023,"2023-24","2022-23","F",10,,,,2/21/2024,11/21/2023,11/21/2023,"20130022",,"...",
625,12/27/2023,"2023-24","2022-23","B",,100,5,,2/25/2024,1/2/2024,1/2/2024,"MERCHAN1",,,
400,12/27/2023,"2023-24","2022-23","F",3.5,,,,2/25/2024,11/23/2023,11/23/2023,"19960004",,,
319,12/26/2023,"2023-24","2022-23","F",2,,,,2/24/2024,11/30/2023,11/30/2023,"20130022",,"..",
643,12/31/2023,"2023-24","2022-23","F",0.4,,,,2/29/2024,12/20/2023,12/20/2023,"20230004",,"...",
455,12/28/2023,"2023-24","2022-23","F",40,,,,2/26/2024,11/16/2023,11/16/2023,"20130022",,"...",
773,12/27/2023,"2023-24","2022-23","F",10,,,,2/25/2024,11/22/2023,11/22/2023,"20130022",,"...",
136,7/31/2024,"2024-25","2023-24","F",20,,,,9/29/2024,5/30/2024,5/30/2024,"20130022",,"...",
170,3/14/2024,"2023-24","2022-23","F",10,,,,5/13/2024,2/19/2024,2/19/2024,"20130022",,"..",
842,3/26/2024,"2023-24","2022-23","F",2.5,,,,5/25/2024,3/10/2024,3/10/2024,"20130022",,"...",
146,3/31/2024,"2023-24","2022-23","F",25,,,,5/30/2024,3/6/2024,3/6/2024,"20130022",,"...",
817,3/31/2024,"2023-24","2022-23","F",13.5,,,,5/30/2024,3/3/2024,3/3/2024,"20130022",,"...",
713,3/7/2024,"2023-24","2022-23","R",10,2,1,,5/6/2024,3/7/2024,3/7/2024,"20090001",,,
652,5/14/2024,"2023-24","2022-23","F",50,,,,7/13/2024,3/24/2024,3/24/2024,"20230004",,"...",
123,5/30/2024,"2023-24","2022-23","F",10,,,,7/29/2024,5/8/2024,5/8/2024,"20230004",,"...",
218,5/8/2024,"2023-24","2022-23","F",25,,,,7/7/2024,4/2/2024,4/2/2024,"20230004",,"...",
106,6/5/2024,"2023-24","2022-23","F",12.5,,,,8/4/2024,5/12/2024,5/12/2024,"20130022",,"...",
755,6/26/2024,"2023-24","2022-23","F",10,,,,8/25/2024,5/23/2024,5/23/2024,"20130022",,"...",
122,6/23/2024,"2023-24","2022-23","F",15,,,,8/22/2024,5/20/2024,5/20/2024,"20130022",,"...",
111,4/29/2024,"2023-24","2022-23","C",25.73,100,12.5,,6/28/2024,4/2/2024,4/2/2024,"20130022",,"...",
102,5/30/2024,"2023-24","2022-23","C",87.28,100,10,,7/29/2024,4/23/2024,4/23/2024,"20130022",,"...",
137,6/13/2024,"2023-24","2022-23","F",6,,,,8/12/2024,5/16/2024,5/16/2024,"20230004",,"...",
108,6/30/2024,"2023-24","2022-23","B",,100,5,,8/29/2024,5/23/2024,5/23/2024,"MERCHAN1",,,
721,7/7/2024,"2024-25","2023-24","B",,100,10,,9/5/2024,5/23/2024,5/23/2024,"MERCHAN1",,,
143,7/31/2024,"2024-25","2023-24","F",10,,,,9/29/2024,6/4/2024,6/4/2024,"20130022",,"..",
747,7/16/2024,"2024-25","2023-24","F",12,,,,9/14/2024,5/29/2024,5/29/2024,"20240015",,".......",
138,8/6/2024,"2024-25","2023-24","F",11,,,,10/5/2024,6/6/2024,6/6/2024,"20130022",,"...",
131,8/28/2024,"2024-25","2023-24","F",10,,,,10/27/2024,7/24/2024,7/24/2024,"20130022",,"..",
114,9/25/2024,"2024-25","2023-24","B",,100,4,,11/24/2024,6/10/2024,6/10/2024,"MERCHAN1",,,
844,9/23/2024,"2024-25","2023-24","F",2.5,,,,11/22/2024,8/25/2024,8/25/2024,"20230004",,"...",
751,8/12/2024,"2024-25","2023-24","F",5,,,,10/11/2024,6/9/2024,6/9/2024,"20240015",,"................",
296,12/29/2024,"2024-25","2023-24","F",20,,,,2/27/2025,11/17/2024,11/17/2024,"20230004",,"....",
455,12/29/2024,"2024-25","2023-24","F",20,,,,2/27/2025,11/17/2024,11/17/2024,"20230004",,"....",
796,12/18/2024,"2024-25","2023-24","F",10,,,,2/16/2025,11/17/2024,11/17/2024,"20230004",,"....",
203,12/22/2024,"2024-25","2023-24","F",5,,,,2/20/2025,11/17/2024,11/17/2024,"20230004",,"...",
556,12/17/2024,"2024-25","2023-24","F",5,,,,2/15/2025,11/17/2024,11/17/2024,"20230004",,".....",
415,12/23/2024,"2024-25","2023-24","F",3,,,,2/21/2025,11/17/2024,11/17/2024,"20230004",,".....",
800,12/26/2024,"2024-25","2023-24","F",0.25,,,,2/24/2025,11/17/2024,11/17/2024,"20230004",,"....",
645,12/12/2024,"2024-25","2023-24","F",5,,,,2/10/2025,11/17/2024,11/17/2024,"20230004",,"....",
649,12/23/2024,"2024-25","2023-24","F",0.5,,,,2/21/2025,11/17/2024,11/17/2024,"20230004",,"....",
557,12/29/2024,"2024-25","2023-24","F",0.2,,,,2/27/2025,11/17/2024,11/17/2024,"20230004",,"...",
804,12/22/2024,"2024-25","2023-24","F",10,,,,2/20/2025,11/17/2024,11/17/2024,"20230004",,"...",
317,12/19/2024,"2024-25","2023-24","F",52,,,,2/17/2025,11/17/2024,11/17/2024,"20230004",,"....",
893,12/21/2024,"2024-25","2023-24","F",6,,,,2/19/2025,11/17/2024,11/17/2024,"20230004",,"...",
202,12/12/2024,"2024-25","2023-24","F",10,,,,2/10/2025,11/17/2024,11/17/2024,"20230004",,"....",
671,12/4/2024,"2024-25","2023-24","F",50,,,,2/2/2025,11/17/2024,11/17/2024,"20230004",,".....",
789,12/23/2024,"2024-25","2023-24","F",11,,,,2/21/2025,11/17/2024,11/17/2024,"20230004",,".....",
687,12/30/2024,"2024-25","2023-24","F",1,,,,2/28/2025,11/17/2024,11/17/2024,"20230004",,"....",
430,12/29/2024,"2024-25","2023-24","F",1,,,,2/27/2025,11/17/2024,11/17/2024,"20230004",,"....",
310,12/24/2024,"2024-25","2023-24","F",5,,,,2/22/2025,11/17/2024,11/17/2024,"20230004",,"....",
699,12/19/2024,"2024-25","2023-24","F",60,,,,2/17/2025,11/18/2024,11/18/2024,"20230004",,"....",
783,12/26/2024,"2024-25","2023-24","F",12,,,,2/24/2025,11/18/2024,11/18/2024,"20230004",,"...",
550,12/29/2024,"2024-25","2023-24","F",15,,,,2/27/2025,11/18/2024,11/18/2024,"20230004",,"...",
494,12/19/2024,"2024-25","2023-24","F",5,,,,2/17/2025,11/18/2024,11/18/2024,"20230004",,"....",
281,12/26/2024,"2024-25","2023-24","F",10,,,,2/24/2025,11/18/2024,11/18/2024,"20230004",,"....",
311,12/24/2024,"2024-25","2023-24","F",10,,,,2/22/2025,11/18/2024,11/18/2024,"20230004",,"....",
485,12/18/2024,"2024-25","2023-24","I",450,,,,2/16/2025,11/18/2024,11/18/2024,"20230004",,"....",
487,12/18/2024,"2024-25","2023-24","F",10,,,,2/16/2025,11/18/2024,11/18/2024,"20230004",,"....",
312,12/29/2024,"2024-25","2023-24","F",10,,,,2/27/2025,11/18/2024,11/18/2024,"20230004",,"....",
695,12/28/2024,"2024-25","2023-24","F",1,,,,2/26/2025,11/18/2024,11/18/2024,"20230004",,"...",
498,12/22/2024,"2024-25","2023-24","F",1,,,,2/20/2025,11/18/2024,11/18/2024,"20230004",,"....",
992,12/29/2024,"2024-25","2023-24","F",10,,,,2/27/2025,11/18/2024,11/18/2024,"20230004",,".....",
564,12/31/2024,"2024-25","2023-24","F",1,,,,3/1/2025,11/18/2024,11/18/2024,"20230004",,"....",
713,12/31/2024,"2024-25","2023-24","F",10,,,,3/1/2025,11/18/2024,11/18/2024,"20230004",,"....",
210,12/24/2024,"2024-25","2023-24","F",10,,,,2/22/2025,11/18/2024,11/18/2024,"20230004",,"....",
483,12/23/2024,"2024-25","2023-24","F",10,,,,2/21/2025,11/18/2024,11/18/2024,"20230004",,"....",
400,12/26/2024,"2024-25","2023-24","F",3.5,,,,2/24/2025,11/20/2024,11/20/2024,"20230004",,".....",
928,12/26/2024,"2024-25","2023-24","F",10,,,,2/24/2025,11/26/2024,11/26/2024,"20230004",,".....",
841,12/30/2024,"2024-25","2023-24","F",10,,,,2/28/2025,11/28/2024,11/28/2024,"20230004",,".....",
849,6/14/2023,"2022-23","2021-22","F",5,,,,8/13/2023,5/23/2023,5/23/2023,"19990017",,,
748,6/12/2023,"2022-23","2021-22","F",10,,,,8/11/2023,5/3/2023,5/3/2023,"19990017",,,
801,6/18/2023,"2022-23","2021-22","F",10,,,,8/17/2023,5/14/2023,5/14/2023,"19990017",,,
119,6/21/2023,"2022-23","2021-22","C",15.64,100,10,,8/20/2023,5/23/2023,5/23/2023,"19990017",,,
747,7/20/2023,"2023-24","2022-23","B",,100,10,,9/18/2023,5/29/2023,5/29/2023,"MERCHAN1",,,
759,7/17/2023,"2023-24","2022-23","F",11,,,,9/15/2023,5/18/2023,5/18/2023,"19990017",,,
142,7/27/2023,"2023-24","2022-23","F",10,,,,9/25/2023,5/30/2023,5/30/2023,"19990017",,,
102,7/4/2023,"2023-24","2022-23","F",10,,,,9/2/2023,5/10/2023,5/10/2023,"19990017",,,
102,7/4/2023,"2023-24","2022-23","C",21.48,100,2,,9/2/2023,5/10/2023,5/10/2023,"19990017",,,
624,12/31/2022,"2022-23","2021-22","C",89,100,5,,3/1/2023,12/5/2022,12/5/2022,"19990017",,,
725,7/12/2023,"2023-24","2022-23","F",8,,,,9/10/2023,5/31/2023,5/31/2023,"19990017",,,
121,8/10/2023,"2023-24","2022-23","B",,100,5,,10/9/2023,6/8/2023,6/8/2023,"MERCHAN1",,,
797,8/28/2023,"2023-24","2022-23","F",7,,,,10/27/2023,7/24/2023,7/24/2023,"20230004",,,
694,8/8/2023,"2023-24","2022-23","F",0.4,,,,10/7/2023,7/31/2023,7/31/2023,"20230004",,,
143,7/31/2023,"2023-24","2022-23","F",10,,,,9/29/2023,6/6/2023,6/6/2023,"20230004",,,
163,7/30/2023,"2023-24","2022-23","F",10,,,,8/24/2023,7/30/2023,7/30/2023,"INVEST",,,
782,7/26/2023,"2023-24","2022-23","F",0.5,,,,8/24/2023,7/26/2023,7/26/2023,"INVEST",,,
784,7/26/2023,"2023-24","2022-23","F",0.4,,,,8/24/2023,7/26/2023,7/26/2023,"INVEST",,,
172,9/10/2023,"2023-24","2022-23","F",3,,,,11/9/2023,8/24/2023,8/24/2023,"20230004",,,
712,9/10/2023,"2023-24","2022-23","F",5,,,,11/9/2023,8/24/2023,8/24/2023,"20230004",,,
182,9/10/2023,"2023-24","2022-23","F",2.5,,,,11/9/2023,8/24/2023,8/24/2023,"20230004",,,
186,9/10/2023,"2023-24","2022-23","F",3,,,,11/9/2023,8/24/2023,8/24/2023,"20230004",,,
769,9/19/2023,"2023-24","2022-23","F",6,,,,11/18/2023,9/7/2023,9/7/2023,"20230004",,,
706,9/19/2023,"2023-24","2022-23","F",6,,,,11/18/2023,9/7/2023,9/7/2023,"20230004",,,
735,9/21/2023,"2023-24","2022-23","B",,100,5,,11/20/2023,7/20/2023,7/20/2023,"MERCHAN1",,,
727,9/26/2023,"2023-24","2022-23","F",38,,,,11/25/2023,9/4/2023,9/4/2023,"20230004",,,
147,9/3/2023,"2023-24","2022-23","C",23.7,100,3,,11/2/2023,7/10/2023,7/10/2023,"20230004",,,
603,12/12/2023,"2023-24","2022-23","I",330,,,,2/10/2024,11/21/2023,11/21/2023,"20230004",,,
786,12/24/2023,"2023-24","2022-23","B",,100,4,,2/22/2024,11/20/2023,11/20/2023,"MERCHAN1",,,
475,12/27/2023,"2023-24","2022-23","B",,100,50,,2/25/2024,12/26/2023,12/26/2023,"MERCHAN1",,,
474,12/27/2023,"2023-24","2022-23","F",10.5,,,,2/25/2024,11/19/2023,11/19/2023,"20130022",,"...",
843,12/28/2023,"2023-24","2022-23","F",13,,,,2/26/2024,11/19/2023,11/19/2023,"20130022",,"...",
606,12/24/2023,"2023-24","2022-23","F",2.5,,,,2/22/2024,11/16/2023,12/16/2023,"20130022",,"...",
483,12/21/2023,"2023-24","2022-23","F",10,,,,2/19/2024,11/22/2023,11/22/2023,"20130022",,"...",
295,12/26/2023,"2023-24","2022-23","F",1.25,,,,2/24/2024,11/16/2023,11/16/2023,"20230004",,"..",
564,12/31/2023,"2023-24","2022-23","F",10,,,,2/29/2024,11/19/2023,11/19/2023,"20230004",,"...",
624,12/30/2023,"2023-24","2022-23","F",5,,,,2/28/2024,12/7/2023,12/7/2023,"20230004",,"...",
257,12/14/2023,"2023-24","2022-23","F",3,,,,2/12/2024,11/20/2023,11/20/2023,"20230004",,"..",
232,12/28/2023,"2023-24","2022-23","F",5,,,,2/26/2024,11/23/2023,11/23/2023,"20130022",,"...",
629,3/10/2024,"2023-24","2022-23","I",1,,,,5/9/2024,2/20/2024,2/20/2024,"20230004",,,
788,1/25/2024,"2023-24","2022-23","F",10,,,,3/25/2024,12/5/2023,12/5/2023,"20130022",,"..",
801,3/31/2024,"2023-24","2022-23","B",,100,10,,5/30/2024,3/12/2024,3/12/2024,"MERCHAN1",,,
776,12/30/2023,"2023-24","2022-23","F",2,,,,2/28/2024,11/16/2023,11/16/2023,"20130022",,"....",
749,3/28/2024,"2023-24","2022-23","F",12,,,,5/27/2024,3/12/2024,3/12/2024,"20130022",,"....",
802,4/24/2024,"2023-24","2022-23","F",10,,,,6/23/2024,3/18/2024,3/18/2024,"20130022",,"...",
102,4/30/2024,"2023-24","2022-23","F",10,,,,6/29/2024,4/23/2024,4/23/2024,"20130022",,"...",
224,12/19/2023,"2023-24","2022-23","F",3,,,,2/17/2024,11/20/2023,11/20/2023,"20230004",,"...",
827,6/15/2023,"2022-23","2021-22","C",7.37,100,5,,8/14/2023,5/24/2023,5/24/2023,"20230004",,,
109,5/30/2024,"2023-24","2022-23","F",17.5,,,,7/29/2024,5/7/2024,5/7/2024,"20130022",,"...",
801,3/31/2024,"2023-24","2022-23","C",100.93,100,10,,5/30/2024,3/12/2024,3/12/2024,"20230004",,,
261,12/27/2023,"2023-24","2022-23","C",2,100,75,,2/25/2024,11/16/2023,11/16/2023,"20230004",,,
504,12/28/2023,"2023-24","2022-23","C",240.44,100,10,,2/26/2024,12/10/2023,12/10/2023,"20230004",,,
106,6/5/2024,"2023-24","2022-23","B",,100,12.5,,8/4/2024,5/12/2024,5/12/2024,"MERCHAN1",,,
797,7/1/2024,"2024-25","2023-24","F",7,,,,8/30/2024,5/23/2024,5/23/2024,"20130022",,"...",
115,6/25/2024,"2023-24","2022-23","F",10,,,,8/24/2024,5/19/2024,5/19/2024,"20130022",,"...",
753,6/24/2024,"2023-24","2022-23","F",5,,,,8/23/2024,5/26/2024,5/26/2024,"20130022",,"...",
925,6/27/2024,"2023-24","2022-23","F",10,,,,8/26/2024,6/2/2024,6/2/2024,"20130022",,"...",
108,6/30/2024,"2023-24","2022-23","F",5,,,,8/29/2024,5/23/2024,5/23/2024,"20130022",,"...",
795,7/28/2024,"2024-25","2023-24","F",5.25,,,,9/26/2024,7/4/2024,7/4/2024,"20130022",,"..",
557,12/31/2023,"2023-24","2022-23","F",5,,,,2/29/2024,12/7/2023,12/7/2023,"20130022",,"...",
107,8/25/2024,"2024-25","2023-24","B",,100,5,,10/24/2024,6/12/2024,6/12/2024,"MERCHAN1",,,
731,6/27/2024,"2023-24","2022-23","F",10.5,,,,8/26/2024,5/19/2024,5/19/2024,"20230004",,"..",
603,7/16/2024,"2024-25","2023-24","F",105,,,,9/14/2024,5/16/2024,5/16/2024,"20130022",,"...",
180,8/20/2024,"2024-25","2023-24","F",0.5,,,,10/19/2024,7/28/2024,7/28/2024,"20130022",,"...",
740,9/29/2024,"2024-25","2023-24","F",10,,,,11/28/2024,9/4/2024,9/4/2024,"20130022",,"...",
278,12/26/2024,"2024-25","2023-24","F",32,,,,2/24/2025,11/19/2024,11/19/2024,"20230004",,"....",
743,11/6/2024,"2024-25","2023-24","F",1,,,,1/5/2025,10/9/2024,10/9/2024,"20230004",,"......",
603,12/26/2024,"2024-25","2023-24","I",340,,,,2/24/2025,11/19/2024,11/19/2024,"20230004",,"....",
259,12/26/2024,"2024-25","2023-24","I",150,,,,2/24/2025,11/19/2024,11/19/2024,"20230004",,"...",
772,12/18/2024,"2024-25","2023-24","F",1,,,,2/16/2025,11/19/2024,11/19/2024,"20230004",,"....",
646,12/25/2024,"2024-25","2023-24","F",1,,,,2/23/2025,11/19/2024,11/19/2024,"20230004",,"....",
843,12/31/2024,"2024-25","2023-24","F",14,,,,3/1/2025,11/19/2024,11/19/2024,"20230004",,"...",
668,12/21/2024,"2024-25","2023-24","F",5,,,,2/19/2025,11/19/2024,11/19/2024,"20230004",,"....",
214,12/19/2024,"2024-25","2023-24","F",1.5,,,,2/17/2025,11/19/2024,11/19/2024,"20230004",,"....",
225,12/26/2024,"2024-25","2023-24","F",23,,,,2/24/2025,11/19/2024,11/19/2024,"20230004",,"....",
413,12/19/2024,"2024-25","2023-24","F",5,,,,2/17/2025,11/19/2024,11/19/2024,"20230004",,".....",
553,12/26/2024,"2024-25","2023-24","F",5,,,,2/24/2025,11/19/2024,11/19/2024,"20230004",,"....",
709,12/30/2024,"2024-25","2023-24","F",1,,,,2/28/2025,11/19/2024,11/19/2024,"20230004",,"....",
982,1/23/2025,"2024-25","2023-24","F",10,,,,3/24/2025,11/26/2024,11/26/2024,"20230004",,".....",
816,12/29/2024,"2024-25","2023-24","F",1.5,,,,2/27/2025,11/26/2024,11/26/2024,"20230004",,".....",
704,12/28/2024,"2024-25","2023-24","F",1,,,,2/26/2025,11/28/2024,11/28/2024,"20230004",,".....",
770,12/31/2024,"2024-25","2023-24","F",2,,,,3/1/2025,11/28/2024,11/28/2024,"20230004",,"....",
644,1/27/2025,"2024-25","2023-24","F",10,,,,3/28/2025,11/28/2024,11/28/2024,"20230004",,".....",
464,12/17/2024,"2024-25","2023-24","F",50,,,,2/15/2025,11/28/2024,11/28/2024,"20230004",,".....",
836,1/23/2025,"2024-25","2023-24","F",12.5,,,,3/24/2025,11/28/2024,11/28/2024,"20230004",,".......",
468,12/26/2024,"2024-25","2023-24","F",12,,,,2/24/2025,11/28/2024,11/28/2024,"20230004",,"......",
505,12/26/2024,"2024-25","2023-24","F",14,,,,2/24/2025,12/1/2024,12/1/2024,"20230004",,"......",
451,12/24/2024,"2024-25","2023-24","F",10,,,,2/22/2025,12/2/2024,12/2/2024,"20230004",,".......",
924,12/30/2024,"2024-25","2023-24","F",10,,,,2/28/2025,12/2/2024,12/2/2024,"20230004",,"......",
788,1/25/2025,"2024-25","2023-24","F",10,,,,3/26/2025,12/2/2024,12/2/2024,"20230004",,"......",
322,1/27/2025,"2024-25","2023-24","F",12,,,,3/28/2025,12/2/2024,12/2/2024,"20230004",,".......",
127,5/31/2023,"2022-23","2021-22","B",,100,7.5,,7/30/2023,5/9/2023,5/9/2023,"MERCHAN1",,,
721,5/31/2023,"2022-23","2021-22","B",,100,5,,7/30/2023,4/27/2023,4/27/2023,"MERCHAN1",,,
111,5/31/2023,"2022-23","2021-22","B",,100,12.5,,7/30/2023,5/3/2023,5/3/2023,"MERCHAN1",,,
118,6/12/2023,"2022-23","2021-22","F",17.5,,,,8/11/2023,5/17/2023,5/17/2023,"19990017",,,
118,6/12/2023,"2022-23","2021-22","C",58.54,100,7.5,,8/11/2023,5/17/2023,5/17/2023,"20230004",,,
129,6/14/2023,"2022-23","2021-22","B",,100,7.5,,8/13/2023,5/23/2023,5/23/2023,"19990017",,,
123,6/14/2023,"2022-23","2021-22","B",,100,2,,8/13/2023,5/23/2023,5/23/2023,"19990017",,,
115,6/18/2023,"2022-23","2021-22","B",,100,6,,8/17/2023,5/22/2023,5/22/2023,"19990017",,,
808,6/19/2023,"2022-23","2021-22","B",,100,4.5,,8/18/2023,5/25/2023,5/25/2023,"19990017",,,
753,6/20/2023,"2022-23","2021-22","B",,100,10,,8/19/2023,5/21/2023,5/21/2023,"19990017",,,
126,6/21/2023,"2022-23","2021-22","B",,100,8.5,,8/20/2023,5/22/2023,5/22/2023,"19990017",,,
119,6/21/2023,"2022-23","2021-22","B",,100,10,,8/20/2023,5/23/2023,5/23/2023,"19990017",,,
103,6/22/2023,"2022-23","2021-22","B",,100,2.5,,8/21/2023,5/25/2023,5/25/2023,"19990017",,,
120,6/26/2023,"2022-23","2021-22","B",,100,2.5,,8/25/2023,6/5/2023,6/5/2023,"19990017",,,
108,6/26/2023,"2022-23","2021-22","B",,100,5,,8/25/2023,5/18/2023,5/18/2023,"19990017",,,
127,5/31/2023,"2022-23","2021-22","F",7.5,,,,7/30/2023,5/9/2023,5/9/2023,"19990017",,,
128,5/24/2023,"2022-23","2021-22","C",18.22,100,3,,7/23/2023,4/27/2023,4/27/2023,"19990017",,,
141,5/28/2023,"2022-23","2021-22","F",15,,,,7/27/2023,4/16/2023,4/16/2023,"19990017",,,
754,6/17/2023,"2022-23","2021-22","F",12,,,,8/16/2023,5/18/2023,5/18/2023,"19990017",,,
126,6/21/2023,"2022-23","2021-22","F",17.5,,,,8/20/2023,5/22/2023,5/22/2023,"19990017",,,
126,6/21/2023,"2022-23","2021-22","C",20.9,100,8.5,,8/20/2023,5/22/2023,5/22/2023,"19990017",,,
103,6/22/2023,"2022-23","2021-22","C",11.13,100,2.5,,8/21/2023,5/25/2023,5/25/2023,"19990017",,,
284,12/31/2022,"2022-23","2021-22","F",1,,,,3/1/2023,12/5/2022,12/5/2022,"19990017",,,
763,7/31/2023,"2023-24","2022-23","F",20,,,,9/29/2023,6/22/2023,6/22/2023,"19990017",,,
197,9/19/2023,"2023-24","2022-23","F",5,,,,11/18/2023,9/4/2023,9/4/2023,"20230004",,,
168,9/19/2023,"2023-24","2022-23","F",6.5,,,,11/18/2023,9/5/2023,9/5/2023,"20230004",,,
188,9/19/2023,"2023-24","2022-23","F",5,,,,11/18/2023,9/5/2023,9/5/2023,"20230004",,,
490,10/31/2023,"2023-24","2022-23","B",,1,0.179,,12/30/2023,10/31/2023,10/31/2023,"MERCHAN1",,,
673,10/31/2023,"2023-24","2022-23","B",,3,1,,12/30/2023,10/31/2023,10/31/2023,"MERCHAN1",,,
563,10/12/2023,"2023-24","2022-23","F",51,,,,12/11/2023,9/20/2023,9/20/2023,"20130022",,".....",
568,12/21/2023,"2023-24","2022-23","F",2,,,,2/19/2024,12/5/2023,12/5/2023,"20230004",,,
711,11/23/2023,"2023-24","2022-23","F",2,,,,1/22/2024,10/22/2023,10/22/2023,"20230004",,,
605,11/16/2023,"2023-24","2022-23","F",25,,,,1/15/2024,11/7/2023,11/7/2023,"20230004",,,
768,11/23/2023,"2023-24","2022-23","F",2.5,,,,1/22/2024,10/22/2023,10/22/2023,"20230004",,,
621,11/28/2023,"2023-24","2022-23","C",256.47,100,10,,1/27/2024,10/18/2023,10/18/2023,"20230004",,,
851,12/13/2023,"2023-24","2022-23","I",2,,,,2/11/2024,11/19/2023,11/19/2023,"20230004",,,
498,11/27/2023,"2023-24","2022-23","F",2.5,,,,1/26/2024,10/23/2023,10/23/2023,"20230004",,,
148,11/22/2023,"2023-24","2022-23","F",30,,,,1/21/2024,11/16/2023,11/16/2023,"20230004",,,
148,11/21/2023,"2023-24","2022-23","F",30,,,,1/20/2024,11/16/2023,11/16/2023,"20230004",,,
207,11/29/2023,"2023-24","2022-23","F",3,,,,1/28/2024,11/1/2023,11/1/2023,"20230004",,,
127,5/31/2023,"2022-23","2021-22","C",35.48,100,7.5,,7/30/2023,5/15/2023,5/15/2023,"20230004",,,
203,12/14/2023,"2023-24","2023-24","F",10,,,,2/12/2024,11/12/2023,11/12/2023,"20230004",,,
464,12/10/2023,"2023-24","2022-23","B",,100,10,,2/8/2024,11/23/2023,11/23/2023,"MERCHAN1",,,
684,12/17/2023,"2023-24","2022-23","F",10,,,,2/15/2024,11/16/2023,11/16/2023,"20230004",,"...",
449,12/14/2023,"2023-24","2022-23","F",30,,,,2/12/2024,11/16/2023,11/16/2023,"20230004",,"...",
672,12/23/2023,"2023-24","2022-23","F",25,,,,2/21/2024,11/19/2023,11/19/2023,"20230004",,"...",
464,12/10/2023,"2023-24","2022-23","C",444.36,100,10,,2/8/2024,11/23/2023,11/23/2023,"20130022",,"..",
109,5/30/2024,"2023-24","2022-23","C",19.41,100,12.5,,7/29/2024,5/7/2024,5/7/2024,"20230004",,,
437,12/28/2023,"2023-24","2022-23","F",17,,,,2/26/2024,11/30/2023,11/30/2023,"20130022",,"...",
443,1/23/2024,"2023-24","2022-23","F",5,,,,3/23/2024,12/4/2023,12/4/2023,"20130022",,"...",
625,12/27/2023,"2023-24","2022-23","F",5,,,,2/25/2024,12/3/2023,12/3/2023,"20130022",,"...",
805,12/28/2023,"2023-24","2022-23","F",10,,,,2/26/2024,11/20/2023,11/20/2023,"20230004",,,
247,12/7/2023,"2023-24","2022-23","F",11,,,,2/5/2024,11/9/2023,11/9/2023,"20230004",,,
308,1/27/2024,"2023-24","2022-23","F",130,,,,3/27/2024,12/14/2023,12/14/2023,"20230004",,,
831,1/22/2024,"2023-24","2022-23","F",5,,,,3/22/2024,11/26/2023,11/26/2023,"20230004",,,
486,12/24/2023,"2023-24","2022-23","F",16,,,,2/22/2024,11/16/2023,11/16/2023,"20130022",,"...",
281,12/10/2023,"2023-24","2022-23","F",10,,,,2/8/2024,11/15/2023,11/15/2023,"20130022",,"...",
261,12/14/2023,"2023-24","2022-23","F",20,,,,2/12/2024,11/16/2023,11/16/2023,"20130022",,"...",
654,3/19/2024,"2023-24","2022-23","F",10,,,,5/18/2024,2/19/2024,2/19/2024,"20130022",,"...",
491,3/28/2024,"2023-24","2022-23","F",15,,,,5/27/2024,2/15/2024,2/15/2024,"20230004",,"...",
111,4/29/2024,"2023-24","2022-23","F",12.5,,,,6/28/2024,4/2/2024,4/2/2024,"20130022",,"...",
549,5/2/2024,"2023-24","2022-23","F",125,,,,7/1/2024,2/29/2024,2/29/2024,"20130022",,"...",
294,2/26/2024,"2023-24","2022-23","F",1.5,,,,4/26/2024,12/22/2023,12/22/2023,"20130022",,"...",
803,12/30/2023,"2023-24","2022-23","F",5,,,,2/28/2024,12/27/2023,12/27/2023,"20130022",,"...",
127,5/30/2024,"2023-24","2022-23","B",,100,10,,7/29/2024,5/7/2024,5/7/2024,"MERCHAN1",,,
144,6/30/2024,"2023-24","2022-23","F",38,,,,8/29/2024,6/12/2024,6/12/2024,"20130022",,"..",
763,7/8/2024,"2024-25","2023-24","F",17,,,,9/6/2024,6/3/2024,6/3/2024,"20130022",,"...",
759,7/22/2024,"2024-25","2023-24","F",11,,,,9/20/2024,5/26/2024,5/26/2024,"20130022",,"...",
120,7/29/2024,"2024-25","2023-24","B",,100,2.5,,9/27/2024,6/11/2024,6/11/2024,"MERCHAN1",,,
112,8/18/2024,"2024-25","2023-24","B",,100,5,,10/17/2024,6/9/2024,6/9/2024,"MERCHAN1",,,
751,8/12/2024,"2024-25","2023-24","B",,100,5,,10/11/2024,6/9/2024,6/9/2024,"MERCHAN1",,,
127,5/30/2024,"2023-24","2022-23","F",10,,,,7/29/2024,5/7/2024,5/7/2024,"20130022",,"..",
128,5/30/2024,"2023-24","2022-23","F",14,,,,7/29/2024,5/8/2024,5/8/2024,"20130022",,"...",
301,8/7/2024,"2024-25","2023-24","I",1540,,,,10/6/2024,7/9/2024,7/9/2024,"20130022",,"..",
117,6/26/2024,"2023-24","2022-23","C",34.25,100,5,,8/25/2024,5/19/2024,5/19/2024,"20230004",,"...",
125,6/24/2024,"2023-24","2022-23","F",10,,,,8/23/2024,5/26/2024,5/26/2024,"20130022",,"...",
799,2/18/2024,"2023-24","2022-23","F",1,,,,4/18/2024,1/25/2024,1/25/2024,"20240015",,"...........",
139,7/24/2024,"2024-25","2023-24","F",12,,,,9/22/2024,6/4/2024,6/4/2024,"20130022",,"...",
721,7/7/2024,"2024-25","2023-24","F",20,,,,9/5/2024,5/23/2024,5/23/2024,"20130022",,".....",
621,11/27/2024,"2024-25","2023-24","F",35,,,,1/26/2025,10/22/2024,10/22/2024,"20240015",,"..................",
780,11/21/2024,"2024-25","2023-24","F",0.25,,,,1/20/2025,10/22/2024,10/22/2024,"20230004",,".............",
474,12/18/2024,"2024-25","2023-24","F",10.5,,,,2/16/2025,10/22/2024,10/22/2024,"20230004",,"..................",
485,9/9/2024,"2024-25","2023-24","I",1000,,,,11/8/2024,8/25/2024,8/25/2024,"20130022",,"...",
762,9/25/2024,"2024-25","2023-24","F",12.5,,,,11/24/2024,8/21/2024,8/21/2024,"20230004",,"..................",
917,12/26/2024,"2024-25","2023-24","F",12,,,,2/24/2025,10/31/2024,10/31/2024,"20230004",,"......",
270,12/11/2024,"2024-25","2023-24","F",10,,,,2/9/2025,10/31/2024,10/31/2024,"20230004",,".......",
233,12/23/2024,"2024-25","2023-24","F",0.5,,,,2/21/2025,11/14/2024,11/14/2024,"20230004",,".....",
243,12/14/2024,"2024-25","2023-24","F",35,,,,2/12/2025,11/14/2024,11/14/2024,"20230004",,"....",
711,12/23/2024,"2024-25","2023-24","F",1,,,,2/21/2025,11/14/2024,11/14/2024,"20230004",,"....",
684,12/29/2024,"2024-25","2023-24","F",14,,,,2/27/2025,11/14/2024,11/14/2024,"20230004",,"....",
231,12/14/2024,"2024-25","2023-24","F",32,,,,2/12/2025,11/14/2024,11/14/2024,"20230004",,"....",
244,12/12/2024,"2024-25","2023-24","F",5,,,,2/10/2025,11/14/2024,11/14/2024,"20230004",,"....",
718,6/8/2023,"2022-23","2021-22","F",25,,,,8/7/2023,5/10/2023,5/10/2023,"19990017",,,
734,6/15/2023,"2022-23","2021-22","F",15,,,,8/14/2023,5/18/2023,5/18/2023,"19990017",,,
144,6/26/2023,"2022-23","2021-22","F",38,,,,8/25/2023,5/29/2023,5/29/2023,"19990017",,,
114,7/5/2023,"2023-24","2022-23","B",,100,4,,9/3/2023,6/7/2023,6/7/2023,"MERCHAN1",,,
104,6/22/2023,"2022-23","2021-22","F",10,,,,8/21/2023,5/22/2023,5/22/2023,"19990017",,,
120,6/26/2023,"2022-23","2021-22","F",2.5,,,,8/25/2023,6/5/2023,6/5/2023,"19990017",,,
108,6/26/2023,"2022-23","2021-22","F",5,,,,8/25/2023,5/18/2023,5/18/2023,"19990017",,,
133,4/26/2022,"2021-22","2020-21","F",10,,,,6/25/2022,4/3/2022,4/3/2022,"19990017",,,
13,5/18/2023,"2022-23","2021-22","F",10,,,,7/17/2023,4/9/2023,4/9/2023,"19990017",,,
133,5/18/2023,"2022-23","2021-22","F",10,,,,7/17/2023,4/9/2023,4/9/2023,"19990017",,,
795,7/18/2023,"2023-24","2022-23","F",5.25,,,,9/16/2023,7/4/2023,7/4/2023,"19990017",,,
731,6/20/2023,"2022-23","2021-22","F",11,,,,8/19/2023,5/17/2023,5/17/2023,"19990017",,,
814,7/5/2023,"2023-24","2022-23","F",5.55,,,,9/3/2023,6/22/2023,6/22/2023,"19990017",,,
300,6/21/2023,"2022-23","2021-22","F",20,,,,8/20/2023,5/22/2023,5/22/2023,"19990017",,,
117,7/10/2023,"2023-24","2022-23","F",5,,,,9/8/2023,6/5/2023,6/5/2023,"19990017",,,
117,7/10/2023,"2023-24","2022-23","C",11.67,100,5,,9/8/2023,6/5/2023,6/5/2023,"19990017",,,
103,6/22/2023,"2022-23","2021-22","F",2.5,,,,8/21/2023,5/25/2023,5/25/2023,"19990017",,,
145,7/27/2023,"2023-24","2022-23","F",10,,,,9/25/2023,5/31/2023,5/31/2023,"20230004",,,
175,9/10/2023,"2023-24","2022-23","F",3,,,,11/9/2023,8/24/2023,8/24/2023,"20230004",,,
173,9/10/2023,"2023-24","2022-23","F",3,,,,11/9/2023,8/24/2023,8/24/2023,"20230004",,,
178,9/10/2023,"2023-24","2022-23","F",3,,,,11/9/2023,8/24/2023,8/24/2023,"20230004",,,
108,6/26/2023,"2022-23","2021-22","C",12.29,100,5,,8/25/2023,5/18/2023,5/18/2023,"20130022",,,
196,8/10/2023,"2023-24","2022-23","F",2.5,,,,8/24/2023,8/10/2023,8/10/2023,"INVEST",,,
183,9/26/2023,"2023-24","2022-23","F",2.5,,,,11/25/2023,9/12/2023,9/12/2023,"20230004",,,
147,9/3/2023,"2023-24","2022-23","F",7,,,,11/2/2023,7/10/2023,7/10/2023,"20230004",,,
193,9/26/2023,"2023-24","2022-23","F",7,,,,11/25/2023,9/12/2023,9/12/2023,"20230004",,,
187,9/26/2023,"2023-24","2022-23","F",2,,,,11/25/2023,9/12/2023,9/12/2023,"20230004",,,
825,5/18/2023,"2022-23","2021-22","F",11,,,,7/17/2023,4/9/2023,4/9/2023,"20230004",,,
622,10/18/2023,"2023-24","2022-23","F",25,,,,12/17/2023,9/21/2023,9/21/2023,"20230004",,,
798,10/29/2023,"2023-24","2022-23","F",300,,,,12/28/2023,10/2/2023,10/2/2023,"20230004",,,
671,11/30/2023,"2023-24","2022-23","F",40,,,,1/29/2024,11/7/2023,11/7/2023,"20230004",,,
151,12/23/2023,"2023-24","2022-23","B",,100,2.5,,2/21/2024,12/21/2023,12/21/2023,"MERCHAN1",,,
505,12/28/2023,"2023-24","2022-23","F",12,,,,2/26/2024,12/10/2023,12/10/2023,"20130022",,"...",
505,12/28/2023,"2023-24","2022-23","B",,100,8,,2/26/2024,12/10/2023,12/10/2023,"MERCHAN1",,,
504,12/28/2023,"2023-24","2022-23","B",,100,10,,2/26/2024,12/10/2023,12/10/2023,"MERCHAN1",,,
299,12/28/2023,"2023-24","2022-23","F",10,,,,2/26/2024,11/27/2023,11/27/2023,"20230004",,,
649,12/21/2023,"2023-24","2022-23","F",1,,,,2/19/2024,11/23/2023,11/23/2023,"20230004",,,
812,12/24/2023,"2023-24","2022-23","F",5,,,,2/22/2024,11/20/2023,11/20/2023,"20230004",,,
500,12/23/2023,"2023-24","2022-23","F",1,,,,2/21/2024,11/20/2023,11/20/2023,"20230004",,,
303,2/3/2024,"2023-24","2022-23","B",,100,10,,4/3/2024,12/4/2023,12/4/2023,"MERCHAN1",,,
659,12/28/2023,"2023-24","2022-23","F",10,,,,2/26/2024,11/16/2023,11/16/2023,"20130022",,"...",
321,12/27/2023,"2023-24","2022-23","I",5,,,,2/25/2024,11/29/2023,11/29/2023,"20130022",,"...",
826,4/30/2024,"2023-24","2022-23","I",1,,,,6/29/2024,3/7/2024,3/7/2024,"20130022",,"..",
101,7/8/2023,"2023-24","2022-23","C",5.8,100,2,,9/6/2023,5/31/2023,5/31/2023,"20230004",,"...",
321,12/27/2023,"2023-24","2022-23","F",10,,,,2/25/2024,11/29/2023,11/29/2023,"20130022",,"...",
305,4/18/2024,"2023-24","2022-23","F",10,,,,6/17/2024,3/14/2024,3/14/2024,"20130022",,"..",
294,12/28/2023,"2023-24","2022-23","F",2,,,,2/26/2024,11/16/2023,11/16/2023,"20130022",,"...",
261,12/27/2023,"2023-24","2022-23","F",20,,,,2/25/2024,11/16/2023,11/16/2023,"20230004",,"...",
109,5/30/2024,"2023-24","2022-23","B",,100,12.5,,7/29/2024,5/7/2024,5/7/2024,"MERCHAN1",,,
102,5/30/2024,"2023-24","2022-23","B",,100,10,,7/29/2024,4/23/2024,4/23/2024,"MERCHAN1",,,
118,6/9/2024,"2023-24","2022-23","B",,100,17.5,,8/8/2024,5/9/2024,5/9/2024,"MERCHAN1",,,
718,6/26/2024,"2023-24","2022-23","B",,100,7,,8/25/2024,5/27/2024,5/27/2024,"MERCHAN1",,,
117,6/26/2024,"2023-24","2022-23","B",,100,5,,8/25/2024,5/19/2024,5/19/2024,"MERCHAN1",,,
849,6/13/2024,"2023-24","2022-23","F",5,,,,8/12/2024,5/20/2024,5/20/2024,"20130022",,"...",
725,6/27/2024,"2023-24","2022-23","F",12,,,,8/26/2024,4/24/2024,4/24/2024,"20230004",,"..",
104,6/25/2024,"2023-24","2022-23","F",10,,,,8/24/2024,5/16/2024,5/16/2024,"20130022",,"...",
823,6/25/2024,"2023-24","2022-23","F",7.44,,,,8/24/2024,5/16/2024,5/16/2024,"20230004",,"...",
142,8/5/2024,"2024-25","2023-24","F",10,,,,10/4/2024,6/9/2024,6/9/2024,"20130022",,"...",
121,7/25/2024,"2024-25","2023-24","F",3.5,,,,9/23/2024,5/26/2024,5/26/2024,"20130022",,"...",
126,7/23/2024,"2024-25","2023-24","F",17.5,,,,9/21/2024,5/26/2024,5/26/2024,"20130022",,"...",
230,12/28/2023,"2023-24","2022-23","F",1,,,,2/26/2024,11/29/2023,11/29/2023,"20130022",,"...",
837,6/19/2024,"2023-24","2022-23","F",10,,,,8/18/2024,5/30/2024,5/30/2024,"20130022",,"...",
846,7/24/2024,"2024-25","2023-24","F",10,,,,9/22/2024,6/10/2024,6/10/2024,"20130022",,"..",
129,6/12/2024,"2023-24","2022-23","F",12.5,,,,8/11/2024,5/21/2024,5/21/2024,"20130022",,"..",
757,6/27/2024,"2023-24","2022-23","F",11,,,,8/26/2024,5/26/2024,5/26/2024,"20130022",,"...",
727,9/24/2024,"2024-25","2023-24","F",37,,,,11/23/2024,7/28/2024,7/28/2024,"20130022",,"..",
465,11/24/2024,"2024-25","2023-24","F",63,,,,1/23/2025,10/27/2024,10/27/2024,"20230004",,"................",
486,12/23/2024,"2024-25","2023-24","F",20,,,,2/21/2025,10/27/2024,10/27/2024,"20230004",,"......................",
730,8/29/2024,"2024-25","2023-24","F",15,,,,10/28/2024,7/18/2024,7/18/2024,"20130022",,"....",
232,12/12/2024,"2024-25","2023-24","F",10,,,,2/10/2025,11/4/2024,11/4/2024,"20230004",,"..........",
563,11/27/2024,"2024-25","2023-24","F",40,,,,1/26/2025,11/4/2024,11/4/2024,"20230004",,".........",
254,12/7/2024,"2024-25","2023-24","F",20,,,,2/5/2025,11/7/2024,11/7/2024,"20230004",,".......",
420,12/7/2024,"2024-25","2023-24","F",20,,,,2/5/2025,11/7/2024,11/7/2024,"20230004",,"........",
659,11/30/2024,"2024-25","2023-24","F",21.5,,,,1/29/2025,11/7/2024,11/7/2024,"20230004",,".........",
657,12/18/2024,"2024-25","2023-24","F",21,,,,2/16/2025,11/13/2024,11/13/2024,"20230004",,".....",
673,11/24/2024,"2024-25","2023-24","F",1,,,,1/23/2025,11/13/2024,11/13/2024,"20230004",,"....",
511,12/21/2024,"2024-25","2023-24","F",2,,,,2/19/2025,11/14/2024,11/14/2024,"20230004",,"....",
566,12/10/2024,"2024-25","2023-24","F",11,,,,2/8/2025,11/14/2024,11/14/2024,"20230004",,"....",
768,12/23/2024,"2024-25","2023-24","F",4,,,,2/21/2025,11/14/2024,11/14/2024,"20230004",,"....",
840,12/29/2024,"2024-25","2023-24","F",10,,,,2/27/2025,11/14/2024,11/14/2024,"20230004",,"....",
851,12/24/2024,"2024-25","2023-24","F",5,,,,2/22/2025,11/14/2024,11/14/2024,"20230004",,"....",
437,12/30/2024,"2024-25","2023-24","F",10,,,,2/28/2025,11/21/2024,11/21/2024,"20230004",,"....",
445,12/29/2024,"2024-25","2023-24","F",1,,,,2/27/2025,11/21/2024,11/21/2024,"20230004",,".....",
275,12/19/2024,"2024-25","2023-24","F",10,,,,2/17/2025,11/21/2024,11/21/2024,"20230004",,".....",
792,1/9/2025,"2024-25","2023-24","F",4,,,,3/10/2025,11/21/2024,11/21/2024,"20230004",,".....",
561,12/29/2024,"2024-25","2023-24","F",5,,,,2/27/2025,11/21/2024,11/21/2024,"20230004",,"......",
672,12/12/2024,"2024-25","2023-24","F",20,,,,2/10/2025,11/21/2024,11/21/2024,"20230004",,".....",
807,12/26/2024,"2024-25","2023-24","F",1,,,,2/24/2025,11/21/2024,11/21/2024,"20230004",,".....",
499,12/29/2024,"2024-25","2023-24","F",2.5,,,,2/27/2025,11/21/2024,11/21/2024,"20230004",,".....",
477,12/18/2024,"2024-25","2023-24","F",110,,,,2/16/2025,11/21/2024,11/21/2024,"20230004",,".....",
449,12/18/2024,"2024-25","2023-24","F",32,,,,2/16/2025,11/21/2024,11/21/2024,"20230004",,"....",
365,12/18/2024,"2024-25","2023-24","F",10,,,,2/16/2025,11/24/2024,11/24/2024,"20230004",,".....",
605,12/22/2024,"2024-25","2023-24","F",25,,,,2/20/2025,11/24/2024,11/24/2024,"20230004",,"....",
569,12/31/2024,"2024-25","2023-24","F",1,,,,3/1/2025,12/19/2024,12/19/2024,"20230004",,"....",
823,12/30/2024,"2024-25","2023-24","F",9.28,,,,2/28/2025,12/17/2024,12/17/2024,"20230004",,"......",
485,3/20/2025,"2024-25","2023-24","I",440,,,,5/19/2025,2/23/2025,2/23/2025,"20230004",,"......",
654,3/22/2025,"2024-25","2023-24","F",10,,,,5/21/2025,2/17/2025,2/17/2025,"20230004",,"..........",
209,4/22/2025,"2024-25","2023-24","F",10,,,,6/21/2025,2/18/2025,2/18/2025,"20230004",,".......",
810,12/23/2024,"2024-25","2023-24","F",25,,,,2/21/2025,11/14/2024,11/14/2024,"20230004",,".....",
760,7/31/2024,"2024-25","2023-24","F",10,,,,9/29/2024,6/4/2024,6/4/2024,"20230004",,"........",
754,8/10/2024,"2024-25","2023-24","F",10,,,,10/9/2024,6/27/2024,6/27/2024,"20240015",,"......",
756,9/25/2024,"2024-25","2023-24","F",10,,,,11/24/2024,8/22/2024,8/22/2024,"20230004",,"......",
761,7/20/2024,"2024-25","2023-24","F",15,,,,9/18/2024,5/30/2024,5/30/2024,"20230004",,".....",
809,9/15/2024,"2024-25","2023-24","F",5,,,,11/14/2024,7/15/2024,7/15/2024,"20230004",,"......",
718,6/26/2024,"2023-24","2022-23","F",20,,,,8/25/2024,5/27/2024,5/27/2024,"20230004",,".......",
748,6/26/2024,"2023-24","2022-23","F",10,,,,8/25/2024,5/6/2024,5/6/2024,"20230004",,".....",
459,5/28/2024,"2023-24","2022-23","F",550,,,,7/27/2024,4/25/2024,4/25/2024,"20230004",,"......",
694,12/28/2023,"2023-24","2022-23","F",0.5,,,,2/26/2024,12/6/2023,12/6/2023,"20130022",,"..",
550,12/28/2023,"2023-24","2022-23","F",12,,,,2/26/2024,11/26/2023,11/26/2023,"20130022",,"....",
137,6/24/2025,"2024-25","2023-24","F",10,,,,8/23/2025,5/21/2025,5/21/2025,"20240015",,".....",
131,6/22/2025,"2024-25","2023-24","F",10,,,,8/21/2025,5/21/2025,5/21/2025,"20240015",,"....",
109,5/12/2025,"2024-25","2023-24","C",128.94,100,17.5,,7/11/2025,4/20/2025,4/20/2025,"20130022",,"...",
624,12/30/2023,"2023-24","2022-23","C",82.2,100,5,,2/28/2024,12/7/2023,12/7/2023,"20130022",,"....",
127,6/19/2025,"2024-25","2023-24","F",12.5,,,,8/18/2025,5/25/2025,5/25/2025,"20240015",,".....",
797,7/1/2025,"2025-26","2024-25","F",5,,,,8/30/2025,5/25/2025,5/25/2025,"20240015",,"....",
757,6/25/2025,"2024-25","2023-24","F",6,,,,8/24/2025,5/25/2025,5/25/2025,"20240015",,".....",
747,7/28/2025,"2025-26","2024-25","F",7.5,,,,9/26/2025,5/29/2025,5/29/2025,"20240015",,".....",
139,7/23/2025,"2025-26","2024-25","F",10,,,,9/21/2025,6/3/2025,6/3/2025,"20240015",,".....",
147,9/1/2025,"2025-26","2024-25","F",10,,,,10/31/2025,6/29/2025,6/29/2025,"20240015",,".....",
763,8/7/2025,"2025-26","2024-25","F",10,,,,10/6/2025,7/10/2025,7/10/2025,"20240015",,"......",
725,6/19/2025,"2024-25","2023-24","F",6,,,,8/18/2025,5/20/2025,5/20/2025,"20130022",,"........",
141,6/25/2025,"2024-25","2023-24","F",12,,,,8/24/2025,5/25/2025,5/25/2025,"20130022",,"....",
919,9/25/2025,"2025-26","2024-25","F",3.3,,,,11/24/2025,8/24/2025,8/24/2025,"20240015",,".....",
717,9/25/2025,"2025-26","2024-25","F",12,,,,11/24/2025,8/24/2025,8/24/2025,"20240015",,"......",
111,5/21/2025,"2024-25","2023-24","C",206.39,100,17.5,,7/20/2025,4/23/2025,4/23/2025,"20130022",,"....",
138,8/26/2025,"2025-26","2024-25","B",,100,4,,10/25/2025,7/31/2025,7/31/2025,"MERCHAN1",,,
244,12/12/2024,"2024-25","2023-24","B",,100,5,,2/10/2025,11/14/2024,11/14/2024,"MERCHAN1",,,
188,9/29/2024,"2024-25","2023-24","F",4,,,,11/28/2024,9/15/2024,9/15/2024,"20130022",,".....",
556,12/17/2024,"2024-25","2023-24","C",1,100,5,,2/15/2025,11/17/2024,11/17/2024,"20230004",,"....",
303,2/8/2025,"2024-25","2023-24","B",,100,10,,4/9/2025,12/9/2024,12/9/2024,"MERCHAN1",,,
802,4/21/2025,"2024-25","2023-24","F",15,,,,6/20/2025,3/16/2025,3/16/2025,"20230004",,"..........",
459,5/28/2025,"2024-25","2023-24","F",3330,,,,7/27/2025,4/29/2025,4/29/2025,"20240015",,".....",
823,12/28/2023,"2023-24","2022-23","F",8.22,,,,2/26/2024,12/17/2023,12/17/2023,"20130022",,"..",
823,5/31/2023,"2022-23","2021-22","F",7.44,,,,7/30/2023,5/16/2023,5/16/2023,"20130022",,"...",
307,2/10/2024,"2023-24","2022-23","F",10,,,,4/10/2024,12/19/2023,12/19/2023,"20130022",,"...",
814,7/7/2025,"2025-26","2024-25","I",4.5,,,,9/5/2025,6/22/2025,6/22/2025,"20130022",,".....",
102,6/29/2025,"2024-25","2023-24","B",,100,12.5,,8/28/2025,5/22/2025,5/22/2025,"MERCHAN1",,,
484,8/25/2025,"2025-26","2024-25","F",525,,,,10/24/2025,7/24/2025,7/24/2025,"20240015",,".....",
143,7/30/2025,"2025-26","2024-25","F",10,,,,9/28/2025,5/29/2025,5/29/2025,"20240015",,"....",
737,6/29/2025,"2024-25","2023-24","F",2.5,,,,8/28/2025,5/20/2025,5/20/2025,"20240015",,"....",
102,6/29/2025,"2024-25","2023-24","C",64.58,100,12.5,,8/28/2025,5/22/2025,5/22/2025,"20130022",,"...",
726,8/25/2025,"2025-26","2024-25","F",10,,,,10/24/2025,7/30/2025,7/30/2025,"20240015",,".....",
756,9/21/2025,"2025-26","2024-25","F",10,,,,11/20/2025,7/30/2025,7/30/2025,"20240015",,"....",
180,9/29/2025,"2025-26","2024-25","F",0.1,,,,11/28/2025,7/31/2025,7/31/2025,"20240015",,"....",
138,8/26/2025,"2025-26","2024-25","F",6,,,,10/25/2025,7/31/2025,7/31/2025,"20240015",,".....",
738,9/14/2025,"2025-26","2024-25","F",15,,,,11/13/2025,8/19/2025,8/19/2025,"20240015",,"...",
203,12/22/2024,"2024-25","2023-24","B",,100,5,,2/20/2025,11/17/2024,11/17/2024,"MERCHAN1",,,
464,12/17/2024,"2024-25","2023-24","C",490.4,100,10,,2/15/2025,11/28/2024,11/28/2024,"20230004",,"..",
259,3/25/2025,"2024-25","2023-24","F",150,,,,5/24/2025,2/26/2025,2/26/2025,"20230004",,".......",
749,3/24/2025,"2024-25","2023-24","F",10,,,,5/23/2025,2/27/2025,2/27/2025,"20230004",,".......",
549,4/23/2025,"2024-25","2023-24","F",170,,,,6/22/2025,2/26/2025,2/26/2025,"20230004",,"......",
817,3/24/2025,"2024-25","2023-24","F",15,,,,5/23/2025,2/27/2025,2/27/2025,"20230004",,".......",
132,3/27/2025,"2024-25","2023-24","F",25,,,,5/26/2025,3/4/2025,3/4/2025,"20230004",,"........",
652,5/8/2025,"2024-25","2023-24","F",19,,,,7/7/2025,4/9/2025,4/9/2025,"20230004",,".......",
301,5/29/2025,"2024-25","2023-24","F",400,,,,7/28/2025,4/9/2025,4/9/2025,"20230004",,"......",
113,5/5/2025,"2024-25","2023-24","F",17.5,,,,7/4/2025,4/10/2025,4/10/2025,"20230004",,".....",
109,5/12/2025,"2024-25","2023-24","F",17.5,,,,7/11/2025,4/20/2025,4/20/2025,"20240015",,".....",
721,5/6/2025,"2024-25","2023-24","F",25,,,,7/5/2025,4/7/2025,4/7/2025,"20240015",,"......",
126,6/24/2025,"2024-25","2023-24","F",17.5,,,,8/23/2025,5/14/2025,5/14/2025,"20240015",,"......",
109,5/12/2025,"2024-25","2023-24","B",,100,17.5,,7/11/2025,4/20/2025,4/20/2025,"MERCHAN1",,,
142,7/30/2025,"2025-26","2024-25","F",10,,,,9/28/2025,5/28/2025,5/28/2025,"20240015",,".....",
837,6/18/2025,"2024-25","2023-24","F",10,,,,8/17/2025,5/28/2025,5/28/2025,"20240015",,"......",
762,8/3/2025,"2025-26","2024-25","F",10,,,,10/2/2025,5/28/2025,5/28/2025,"20240015",,"....",
140,6/30/2025,"2024-25","2023-24","F",10,,,,8/29/2025,6/2/2025,6/2/2025,"20130022",,"....",
134,6/30/2025,"2024-25","2023-24","F",10.5,,,,8/29/2025,6/2/2025,6/2/2025,"20130022",,"...",
731,8/19/2025,"2025-26","2024-25","F",5,,,,10/18/2025,6/24/2025,6/24/2025,"20240015",,"......",
122,6/17/2025,"2024-25","2023-24","B",,100,10,,8/16/2025,5/26/2025,5/26/2025,"MERCHAN1",,,
106,6/18/2025,"2024-25","2023-24","B",,100,12.5,,8/17/2025,5/22/2025,5/22/2025,"MERCHAN1",,,
742,6/2/2025,"2024-25","2023-24","B",,100,5,,8/1/2025,5/8/2025,5/8/2025,"MERCHAN1",,,
127,6/19/2025,"2024-25","2023-24","B",,100,12.5,,8/18/2025,5/25/2025,5/25/2025,"MERCHAN1",,,
135,6/3/2025,"2024-25","2023-24","B",,100,5,,8/2/2025,5/12/2025,5/12/2025,"MERCHAN1",,,
730,8/28/2025,"2025-26","2024-25","F",15,,,,10/27/2025,7/22/2025,7/22/2025,"20240015",,".....",
115,7/31/2025,"2025-26","2024-25","B",,100,5,,9/29/2025,7/8/2025,7/8/2025,"MERCHAN1",,,
747,7/28/2025,"2025-26","2024-25","B",,100,7.5,,9/26/2025,5/29/2025,5/29/2025,"MERCHAN1",,,
144,9/30/2025,"2025-26","2024-25","F",35,,,,11/29/2025,8/17/2025,8/17/2025,"20240015",,"......",
811,8/31/2025,"2025-26","2024-25","F",10,,,,10/30/2025,8/17/2025,8/17/2025,"20240015",,"......",
499,9/29/2025,"2025-26","2024-25","F",2.5,,,,11/28/2025,9/8/2025,9/8/2025,"20130022",,"...",
774,12/29/2024,"2024-25","2023-24","F",1.75,,,,2/27/2025,12/12/2024,12/12/2024,"20230004",,"......",
621,11/27/2024,"2024-25","2023-24","B",,100,10,,1/26/2025,10/22/2024,10/22/2024,"MERCHAN1",,,
814,12/30/2024,"2024-25","2023-24","F",4.55,,,,2/28/2025,12/22/2024,12/22/2024,"20230004",,".....",
701,12/23/2024,"2024-25","2023-24","F",35,,,,2/21/2025,11/20/2024,11/20/2024,"20130022",,"....",
618,12/30/2024,"2024-25","2023-24","B",,100,5,,2/28/2025,11/25/2024,11/25/2024,"MERCHAN1",,,
668,12/21/2024,"2024-25","2023-24","B",,100,10,,2/19/2025,11/19/2024,11/19/2024,"MERCHAN1",,,
261,12/29/2024,"2024-25","2023-24","B",,100,7.5,,2/27/2025,1/7/2025,2/7/2025,"MERCHAN1",,,
207,12/28/2024,"2024-25","2023-24","B",,100,22,,2/26/2025,12/22/2024,12/22/2024,"MERCHAN1",,,
303,2/8/2025,"2024-25","2023-24","C",1332,100,10,,4/9/2025,12/9/2024,12/9/2024,"20130022",,"...",
135,6/3/2025,"2024-25","2023-24","F",15,,,,8/2/2025,5/12/2025,5/12/2025,"20240015",,"......",
718,6/19/2025,"2024-25","2023-24","F",20,,,,8/18/2025,5/19/2025,5/19/2025,"20240015",,".....",
725,6/19/2025,"2024-25","2023-24","B",,100,6,,8/18/2025,6/18/2025,6/18/2025,"MERCHAN1",,,
133,6/24/2025,"2024-25","2023-24","F",15,,,,8/23/2025,5/20/2025,5/20/2025,"20240015",,"......",
761,7/21/2024,"2024-25","2023-24","F",15,,,,9/19/2024,5/30/2024,5/30/2024,"20240015",,"....",
104,6/26/2024,"2023-24","2022-23","F",10,,,,8/25/2024,5/16/2024,5/16/2024,"20130022",,"...",
560,12/31/2024,"2024-25","2023-24","F",4.8,,,,3/1/2025,12/17/2024,12/17/2024,"20230004",,".......",
211,2/8/2025,"2024-25","2023-24","F",2,,,,4/9/2025,12/17/2024,12/17/2024,"20230004",,"......",
464,12/17/2024,"2024-25","2023-24","B",,100,10,,2/15/2025,11/28/2024,11/28/2024,"MERCHAN1",,,
805,12/30/2024,"2024-25","2023-24","B",,100,10,,2/28/2025,11/10/2024,11/10/2024,"MERCHAN1",,,
305,4/13/2025,"2024-25","2023-24","F",10,,,,6/12/2025,3/10/2025,3/10/2025,"20230004",,".......",
118,6/19/2025,"2024-25","2023-24","F",10,,,,8/18/2025,5/22/2025,5/22/2025,"20240015",,".....",
849,6/4/2025,"2024-25","2023-24","F",3,,,,8/3/2025,5/22/2025,5/22/2025,"20240015",,".....",
106,6/18/2025,"2024-25","2023-24","F",12.5,,,,8/17/2025,5/22/2025,5/22/2025,"20240015",,"....",
128,6/25/2025,"2024-25","2023-24","F",10,,,,8/24/2025,5/22/2025,5/22/2025,"20240015",,".....",
755,6/25/2025,"2024-25","2023-24","F",10,,,,8/24/2025,5/22/2025,5/22/2025,"20240015",,"....",
102,6/29/2025,"2024-25","2023-24","F",12.5,,,,8/28/2025,5/22/2025,5/22/2025,"20240015",,".....",
111,5/21/2025,"2024-25","2023-24","B",,100,17.5,,7/20/2025,4/23/2025,4/23/2025,"MERCHAN1",,,
115,7/31/2025,"2025-26","2024-25","F",5,,,,9/29/2025,6/25/2025,6/25/2025,"20240015",,".....",
126,6/24/2025,"2024-25","2023-24","B",,100,6.5,,8/23/2025,5/14/2025,5/14/2025,"MERCHAN1",,,
849,6/4/2025,"2024-25","2023-24","B",,100,3,,8/3/2025,5/22/2025,5/22/2025,"MERCHAN1",,,
923,8/21/2025,"2025-26","2024-25","F",5,,,,10/20/2025,6/26/2025,6/26/2025,"20240015",,".....",
757,6/25/2025,"2024-25","2023-24","B",,100,5,,8/24/2025,5/25/2025,5/25/2025,"MERCHAN1",,,
484,8/3/2025,"2025-26","2024-25","R",,1,1,1100,10/2/2025,6/29/2025,6/29/2025,"20140014",,,
754,8/16/2025,"2025-26","2024-25","F",10,,,,10/15/2025,7/16/2025,7/16/2025,"20240015",,"....",
485,8/28/2025,"2025-26","2024-25","I",600,,,,10/27/2025,8/21/2025,8/21/2025,"20240015",,"......",
731,8/19/2025,"2025-26","2024-25","B",,100,5,,10/18/2025,6/24/2025,6/24/2025,"MERCHAN1",,,
302,1/11/2025,"2024-25","2023-24","F",140,,,,3/12/2025,12/3/2024,12/3/2024,"20230004",,".....",
806,12/26/2024,"2024-25","2023-24","F",10,,,,2/24/2025,12/3/2024,12/3/2024,"20230004",,".....",
779,12/26/2024,"2024-25","2023-24","F",0.1,,,,2/24/2025,12/3/2024,12/3/2024,"20230004",,"......",
819,12/29/2024,"2024-25","2023-24","F",0.25,,,,2/27/2025,12/5/2024,12/5/2024,"20230004",,"......",
223,2/5/2025,"2024-25","2023-24","F",10,,,,4/6/2025,12/5/2024,12/5/2024,"20230004",,"......",
602,12/30/2024,"2024-25","2023-24","F",20,,,,2/28/2025,12/5/2024,12/5/2024,"20230004",,"......",
261,12/29/2024,"2024-25","2023-24","F",7.5,,,,2/27/2025,12/5/2024,12/5/2024,"20230004",,".......",
151,12/21/2024,"2024-25","2023-24","F",2,,,,2/19/2025,12/5/2024,12/5/2024,"20230004",,"......",
224,12/22/2024,"2024-25","2023-24","F",3,,,,2/20/2025,12/5/2024,12/5/2024,"20230004",,".....",
714,12/31/2024,"2024-25","2023-24","F",3,,,,3/1/2025,12/5/2024,12/5/2024,"20230004",,".......",
462,12/24/2024,"2024-25","2023-24","F",25,,,,2/22/2025,12/5/2024,12/5/2024,"20230004",,"......",
785,12/31/2024,"2024-25","2023-24","F",2,,,,3/1/2025,12/5/2024,12/5/2024,"20230004",,"......",
308,2/8/2025,"2024-25","2023-24","F",150,,,,4/9/2025,12/24/2024,12/24/2024,"20230004",,"......",
828,1/25/2025,"2024-25","2023-24","F",10,,,,3/26/2025,12/26/2024,12/26/2024,"20230004",,"......",
601,12/26/2024,"2024-25","2023-24","F",5,,,,2/24/2025,11/4/2024,11/4/2024,"20230004",,"........",
695,12/28/2024,"2024-25","2023-24","B",,100,1,,2/26/2025,12/22/2024,12/22/2024,"MERCHAN1",,,
455,12/29/2024,"2024-25","2023-24","B",,100,15,,2/27/2025,11/17/2024,11/17/2024,"MERCHAN1",,,
455,12/29/2024,"2024-25","2023-24","C",152.33,100,15,,2/27/2025,11/17/2024,11/17/2024,"19960004",,"..",
437,12/30/2024,"2024-25","2023-24","B",,100,10,,2/28/2025,11/21/2024,11/21/2024,"MERCHAN1",,,
410,12/18/2024,"2024-25","2023-24","F",10,,,,2/16/2025,11/14/2024,11/14/2024,"20230004",,"......",
801,3/23/2025,"2024-25","2023-24","F",12,,,,5/22/2025,3/2/2025,3/2/2025,"20230004",,"......",
111,5/21/2025,"2024-25","2023-24","F",17.5,,,,7/20/2025,4/23/2025,4/23/2025,"20240015",,"....",
742,6/2/2025,"2024-25","2023-24","F",5,,,,8/1/2025,5/8/2025,5/8/2025,"20240015",,"......",
300,6/24/2025,"2024-25","2023-24","F",20,,,,8/23/2025,5/20/2025,5/20/2025,"20240015",,"....",
218,6/16/2025,"2024-25","2023-24","F",25,,,,8/15/2025,5/20/2025,5/20/2025,"20240015",,"....",
119,7/9/2025,"2025-26","2024-25","B",,100,10,,9/7/2025,5/22/2025,5/22/2025,"MERCHAN1",,,
145,8/14/2025,"2025-26","2024-25","F",10,,,,10/13/2025,6/16/2025,6/16/2025,"20240015",,"....",
814,7/7/2025,"2025-26","2024-25","F",4.5,,,,9/5/2025,6/22/2025,6/22/2025,"20130022",,"...",
549,8/20/2025,"2025-26","2024-25","I",110,,,,10/19/2025,8/13/2025,8/13/2025,"20240015",,"......",
168,9/18/2025,"2025-26","2024-25","F",7.5,,,,11/17/2025,9/3/2025,9/3/2025,"20130022",,"....",
484,10/2/2024,"2024-25","2023-24","F",500,,,,12/1/2024,8/18/2024,8/18/2024,"20130022",,"...",
826,12/24/2024,"2024-25","2023-24","F",1,,,,2/22/2025,12/9/2024,12/9/2024,"20230004",,"......",
303,2/8/2025,"2024-25","2023-24","F",80,,,,4/9/2025,12/9/2024,12/9/2024,"20230004",,".......",
360,12/31/2024,"2024-25","2023-24","F",10,,,,3/1/2025,12/9/2024,12/9/2024,"20230004",,"......",
241,12/31/2024,"2024-25","2023-24","F",0.25,,,,3/1/2025,12/15/2024,12/15/2024,"20230004",,".......",
309,2/1/2025,"2024-25","2023-24","F",170,,,,4/2/2025,12/15/2024,12/15/2024,"20230004",,"......",
643,12/31/2024,"2024-25","2023-24","F",0.4,,,,3/1/2025,12/15/2024,12/15/2024,"20230004",,"........",
230,12/31/2024,"2024-25","2023-24","F",1.5,,,,3/1/2025,12/15/2024,12/15/2024,"20230004",,"......",
294,12/31/2024,"2024-25","2023-24","F",10,,,,3/1/2025,12/15/2024,12/15/2024,"20130022",,".......",
795,1/22/2025,"2024-25","2023-24","F",5.25,,,,3/23/2025,1/5/2025,1/5/2025,"20130022",,,
122,6/17/2025,"2024-25","2023-24","F",10,,,,8/16/2025,5/26/2025,5/26/2025,"20240015",,".....",
485,6/26/2025,"2024-25","2023-24","F",1950,,,,8/25/2025,5/26/2025,5/26/2025,"20240015",,".....",
116,7/2/2025,"2025-26","2024-25","F",13,,,,8/31/2025,5/26/2025,5/26/2025,"20240015",,"....",
752,6/19/2025,"2024-25","2023-24","F",15,,,,8/18/2025,5/27/2025,5/27/2025,"20240015",,"....",
136,7/14/2025,"2025-26","2024-25","F",15,,,,9/12/2025,5/27/2025,5/27/2025,"20240015",,"....",
724,6/26/2025,"2024-25","2023-24","F",10,,,,8/25/2025,5/27/2025,5/27/2025,"20240015",,".....",
148,7/26/2025,"2025-26","2024-25","F",30,,,,9/24/2025,6/30/2025,6/30/2025,"20240015",,"....",
760,10/30/2024,"2024-25","2023-24","F",12,,,,12/29/2024,9/26/2024,9/26/2024,"20240015",,".......",
735,9/11/2025,"2025-26","2024-25","F",10,,,,11/10/2025,7/21/2025,7/21/2025,"20240015",,"......",
603,6/26/2025,"2024-25","2023-24","F",105,,,,8/25/2025,5/26/2025,5/26/2025,"20240015",,".....",
727,9/23/2025,"2025-26","2024-25","F",20,,,,11/22/2025,7/29/2025,7/29/2025,"20240015",,"......",
759,8/26/2025,"2025-26","2024-25","F",10,,,,10/25/2025,7/29/2025,7/29/2025,"20240015",,".....",
791,1/16/2025,"2024-25","2023-24","F",1,,,,3/17/2025,12/8/2024,12/8/2024,"20230004",,"......",
833,12/30/2024,"2024-25","2023-24","F",1,,,,2/28/2025,12/8/2024,12/8/2024,"20230004",,"........",
556,12/17/2024,"2024-25","2023-24","B",,100,5,,2/15/2025,11/17/2024,11/17/2024,"MERCHAN1",,,
203,12/22/2024,"2024-25","2023-24","C",99.21,100,5,,2/20/2025,11/17/2024,11/17/2024,"20230004",,"..",
146,3/25/2025,"2024-25","2023-24","F",30,,,,5/24/2025,3/3/2025,3/3/2025,"20230004",,".......",
454,5/15/2025,"2024-25","2023-24","F",520,,,,7/14/2025,4/6/2025,4/6/2025,"20230004",,"........",
224,12/22/2024,"2024-25","2023-24","B",,100,2,,2/20/2025,2/2/2025,2/2/2025,"MERCHAN1",,,
113,5/5/2025,"2024-25","2023-24","B",,100,2.5,,7/4/2025,4/10/2025,4/10/2025,"MERCHAN1",,,
734,8/7/2025,"2025-26","2024-25","F",10,,,,10/6/2025,6/15/2025,6/15/2025,"20240015",,".....",
751,8/7/2025,"2025-26","2024-25","F",5,,,,10/6/2025,6/15/2025,6/15/2025,"20240015",,".....",
739,8/16/2025,"2025-26","2024-25","F",10,,,,10/15/2025,6/15/2025,6/15/2025,"20240015",,".....",
720,7/14/2025,"2025-26","2024-25","F",10,,,,9/12/2025,6/15/2025,6/15/2025,"20240015",,".....",
846,7/31/2025,"2025-26","2024-25","F",10,,,,9/29/2025,6/18/2025,6/18/2025,"20240015",,"....",
761,7/31/2025,"2025-26","2024-25","F",20,,,,9/29/2025,6/18/2025,6/18/2025,"20240015",,".......",
718,6/19/2025,"2024-25","2023-24","B",,100,7,,8/18/2025,5/19/2025,5/19/2025,"MERCHAN1",,,
118,6/19/2025,"2024-25","2023-24","B",,100,10,,8/18/2025,5/22/2025,5/22/2025,"MERCHAN1",,,
752,6/19/2025,"2024-25","2023-24","B",,100,2,,8/18/2025,5/27/2025,5/27/2025,"MERCHAN1",,,
607,12/30/2023,"2023-24","2022-23","F",10,,,,2/28/2024,12/7/2023,12/7/2023,"20130022",,"........",
119,7/9/2025,"2025-26","2024-25","F",10,,,,9/7/2025,5/22/2025,5/22/2025,"MERCHAN1",,,
825,9/14/2024,"2024-25","2023-24","F",10,,,,11/13/2024,7/15/2025,7/15/2025,"20240015",,".....",
825,9/14/2025,"2025-26","2024-25","F",10,,,,11/13/2025,7/15/2025,7/15/2025,"20240015",,".....",
809,9/16/2025,"2025-26","2024-25","F",1,,,,11/15/2025,7/17/2025,7/17/2025,"20240015",,"......",
851,9/30/2025,"2025-26","2024-25","F",5,,,,11/29/2025,9/4/2025,9/4/2025,"20130022",,"....",
